transaction_id,transaction_date,transaction_type,document_no,business_name,branch,sales_channel,customer_type,customer_id,supplier_name,product_category,product_name,quantity,unit_price_kes,discount_pct,gross_sales_kes,net_sales_kes,unit_cost_kes,cogs_kes,gross_profit_kes,expense_category,expense_amount_kes,cash_in_kes,cash_out_kes,amount_received_kes,accounts_receivable_change_kes,accounts_payable_change_kes,inventory_qty_change,inventory_value_change_kes,payment_method,salesperson_or_staff,manual_entry_flag
TXN-00087,2025-01-24,PURCHASE,GRN-2501-0087,Rongai Home & Agro Supplies,Kiserian,Supplier,,,Eastlands Hardware Wholesalers,Building Materials,Cement 50kg,4,635.62,0,0,0,635.62,2542.48,0,Purchase,0,2542.48,0.0,0,0,0,4,2542.48,,BM,0
TXN-01617,2026-03-20,EXPENSE,EXP-2603-1617,Rongai Home & Agro Supplies,Ongata Rongai,Back Office,,,,,,0,0,0,0,0,0,0,0,Repairs,14974,0,14974,0,0,0,0,0,Bank Transfer,CN,0
TXN-00792,2025-08-12,SALE,INV-2508-0792,Rongai Home & Agro Supplies,Ongata Rongai,Phone Order,Farmer,CUS-1089,,Electrical,LED Bulb 12W,1,265.01,0.02,265.01,259.71,156.68,156.68,103.03,,0,259.71,0,259.71,-0.0,0,-1,-156.68,,JK,0
TXN-00686,2025-07-14,SALE,INV-2507-0686,Rongai Home & Agro Supplies,Kiserian,M-Pesa Till,Reseller,CUS-1132,,Paints,Gloss Paint 4L,10,2560.12,0.0527,25601.2,24252.02,1813.53,18135.3,6116.72,,0,12126.01,0,12126.01,-12126.01,0,-10,-18135.3,,JK,0
TXN-00345,2025-04-07,PURCHASE,GRN-2504-0345,Rongai Home & Agro Supplies,Ongata Rongai,Supplier,,,Rift Valley Cement Depot,Plumbing,PVC Tee 20mm,42,48.04,0,0,0,48.04,2017.68,0,Purchase,0,706.19,1311.49,0,0,0,42,2017.68,,JK,0
TXN-01065,2025-10-23,SALE,INV-2510-1065,Rongai Home & Agro Supplies,Kiserian,WhatsApp,Retail,CUS-1120,,Electrical,Switch 1 Gang,1,263.05,0,263.05,263.05,143.95,143.95,119.1,,0,263.05,0,263.05,-0.0,0,-1,-143.95,,ER,0
TXN-01282,19/12/2025,SALE,INV-2512-1282,Rongai Home & Agro Supplies,Kiserian,WhatsApp,Farmer,CUS-1121,,Paints,Paint Brush 4in,1,188.83,0.03,188.83,183.17,99.12,99.12,84.05,,0,183.17,0,183.17,-0.0,0,-1,-99.12,,JK,0
TXN-00415,2025-04-24,CUSTOMER_PAYMENT,RCPT-2504-0415,Rongai Home & Agro Supplies,Kiserian,Collections,Contractor,CUS-1091,,,,0,0,0,0,0,0,0,0,Customer Collection,0,4994.0,0,4994.0,4994.0,0,0,0,Mpesa,JK,0
TXN-01684,2026-04-08,SALE,INV-2604-1684,Rongai Home & Agro Supplies,Ongata Rongai,Phone Order,Retail,CUS-1152,,Agro Inputs,DAP Fertilizer 50kg,2,5594.12,0.03,11188.24,10852.59,4856.36,9712.72,1139.87,,0,10852.59,0,10852.59,-0.0,0,-2,-9712.72,,ER,0
TXN-01058,2025-10-22,SALE,INV-2510-1058,Rongai Home & Agro Supplies,Kiserian,WhatsApp,Retail,CUS-1177,,Paints,Gloss Paint 4L,1,2615.17,0.05,2615.17,2484.41,1819.52,1819.52,664.89,,0,2484.41,0,2484.41,-0.0,0,-1,-1819.52,,DK,0
TXN-02268,2025-05-08,SUPPLIER_PAYMENT,SP-2505-2268,Rongai Home & Agro Supplies,Ongata Rongai,Supplier,,,AgroLink Kenya,,,0,0,0,0,0,0,0,0,Supplier Payment,0,0,52709.0,0,0,0,0,0,Bank Transfer,BM,0
TXN-01809,2026-05-12,SALE,INV-2605-1809,Rongai Home & Agro Supplies,Ongata Rongai,M-Pesa Till,Retail,CUS-1047,,Plumbing,20mm PVC Pipe 6m,6,879.65,0,5277.9,5277.9,680.92,4085.52,1192.38,,0,5277.9,0,5277.9,-0.0,0,-6,-4085.52,,JK,0
TXN-01061,2025-10-22,CUSTOMER_PAYMENT,RCPT-2510-1061,Rongai Home & Agro Supplies,Ongata Rongai,Collections,Contractor,CUS-1048,,,,0,0,0,0,0,0,0,0,Customer Collection,0,13063.0,0,13063.0,13063.0,0,0,0,Mpesa,DK,0
TXN-00353,2025-04-09,SALE,INV-2504-0353,Rongai Home & Agro Supplies,Kiserian,M-Pesa Till,Retail,CUS-1150,,Plumbing,PVC Tee 20mm,1,90.65,0,90.65,90.65,48.7,48.7,41.95,,0,90.65,0,90.65,-0.0,0,-1,-48.7,,BM,0
TXN-01772,2026-04-30,SALE,INV-2604-1772,Rongai Home & Agro Supplies,Ongata Rongai,Walk-in,Retail,CUS-1136,,Agro Inputs,DAP Fertilizer 50kg,1,5332.05,0.03,5332.05,5172.09,4691.48,4691.48,480.61,,0,5172.09,0,5172.09,-0.0,0,-1,-4691.48,,CN,0
TXN-00746,2025-07-31,SALE,INV-2507-0746,Rongai Home & Agro Supplies,Kiserian,Phone Order,Retail,CUS-1122,,Building Materials,Cement 50kg,7,789.93,0.02,5529.51,5418.92,661.67,4631.69,787.23,,0,5418.92,0,5418.92,-0.0,0,-7,-4631.69,,DK,0
TXN-01415,2026-01-24,SALE,INV-2601-1415,Rongai Home & Agro Supplies,Kiserian,M-Pesa Till,Contractor,CUS-1055,,Plumbing,PVC Elbow 20mm,5,71.55,0.074,357.75,331.28,46.35,231.75,99.53,,0,331.28,0,331.28,-0.0,0,-5,-231.75,,CN,0
TXN-01905,2026-06-10,SALE,INV-2606-1905,Rongai Home & Agro Supplies,Kiserian,M-Pesa Till,Retail,CUS-1120,,Building Materials,Galvanized Roofing Sheet 3m,1,1173.19,0.05,1173.19,1114.53,991.06,991.06,123.47,,0,1114.53,0,1114.53,-0.0,0,-1,-991.06,,AM,0
TXN-00570,2025-06-09,SALE,INV-2506-0570,Rongai Home & Agro Supplies,Kiserian,M-Pesa Till,Retail,CUS-1034,,Household,Jerrycan 20L,1,745.7,0.02,745.7,730.79,493.84,493.84,236.95,,0,730.79,0,730.79,-0.0,0,-1,-493.84,,DK,0
TXN-01371,2026-01-10,SALE,INV-2601-1371,Rongai Home & Agro Supplies,Kiserian,M-Pesa Till,Farmer,CUS-1052,,Hardware,Padlock 50mm,1,691.23,0.08,691.23,635.93,418.77,418.77,217.16,,0,635.93,0,635.93,-0.0,0,-1,-418.77,,JK,0
TXN-00829,2025-08-22,SALE,INV-2508-0829,Rongai Home & Agro Supplies,Ongata Rongai,Walk-in,Retail,CUS-1045,,Animal Feeds,Chicken Feed 10kg,2,924.35,0,1848.7,1848.7,766.71,1533.42,315.28,,0,1848.7,0,1848.7,-0.0,0,-2,-1533.42,,JK,0
TXN-00761,2025-08-05,SALE,INV-2508-0761,Rongai Home & Agro Supplies,Kiserian,Phone Order,Retail,CUS-1029,,Paints,20L Emulsion Paint,1,5019.47,0.01,5019.47,4969.28,3840.08,3840.08,1129.2,,0,4969.28,0,4969.28,-0.0,0,-1,-3840.08,,AM,0
TXN-01632,2026-03-25,SALE,INV-2603-1632,Rongai Home & Agro Supplies,Kiserian,Phone Order,Retail,CUS-1014,,Building Materials,Galvanized Roofing Sheet 3m,5,1131.36,0.01,5656.8,5600.23,923.52,4617.6,982.63,,0,5600.23,0,5600.23,-0.0,0,-5,-4617.6,,AM,0
TXN-01649,2026-03-28,EXPENSE,EXP-2603-1649,Rongai Home & Agro Supplies,Kiserian,Back Office,,,,,,0,0,0,0,0,0,0,0,Repairs,14610,0,14610,0,0,0,0,0,M-PESA,DK,0
TXN-00587,2025-06-14,SALE,INV-2506-0587,Rongai Home & Agro Supplies,Ongata Rongai,Walk-in,Retail,CUS-1151,,Building Materials,Galvanized Roofing Sheet 3m,1,1209.96,0,1209.96,1209.96,864.01,864.01,345.95,,0,1209.96,0,1209.96,-0.0,0,-1,-864.01,,ER,0
TXN-01017,2025-10-11,SALE,INV-2510-1017,Rongai Home & Agro Supplies,Kiserian,M-Pesa Till,Reseller,CUS-1008,,Animal Feeds,Chicken Feed 10kg,12,1034.74,0.0455,12416.88,11851.91,762.79,9153.48,2698.43,,0,11851.91,0,11851.91,-0.0,0,-12,-9153.48,,BM,0
TXN-00218,2025-03-04,SALE,INV-2503-0218,Rongai Home & Agro Supplies,Kiserian,M-Pesa Till,Retail,CUS-1029,,Plumbing,25mm PVC Pipe 6m,1,1056.97,0,1056.97,1056.97,796.77,796.77,260.2,,0,1056.97,0,1056.97,-0.0,0,-1,-796.77,,CN,0
TXN-00899,2025-09-10,SALE,INV-2509-0899,Rongai Home & Agro Supplies,Ongata Rongai,Phone Order,Reseller,CUS-1053,,Animal Feeds,Dairy Meal 25kg,3,2601.57,0.0578,7804.71,7353.6,2062.05,6186.15,1167.45,,0,0.0,0,0.0,-7353.6,0,-3,-6186.15,,ER,0
TXN-01543,2026-03-02,SALE,INV-2603-1543,Rongai Home & Agro Supplies,Kiserian,WhatsApp,Reseller,CUS-1106,,Paints,Paint Brush 4in,11,172.2,0.0789,1894.2,1744.75,99.18,1090.98,653.77,,0,697.9,0,697.9,-1046.85,0,-11,-1090.98,,BM,0
TXN-01464,2026-02-06,SALE,INV-2602-1464,Rongai Home & Agro Supplies,Ongata Rongai,M-Pesa Till,Retail,CUS-1005,,Plumbing,25mm PVC Pipe 6m,1,1101.35,0.03,1101.35,1068.31,787.38,787.38,280.93,,0,1068.31,0,1068.31,-0.0,0,-1,-787.38,,JK,0
TXN-00677,2025-07-10,CUSTOMER_PAYMENT,RCPT-2507-0677,Rongai Home & Agro Supplies,Ongata Rongai,Collections,Contractor,CUS-1105,,,,0,0,0,0,0,0,0,0,Customer Collection,0,10450.0,0,10450.0,10450.0,0,0,0,M-PESA,BM,0
TXN-01313,2025-12-26,SALE,INV-2512-1313,Rongai Home & Agro Supplies,Kiserian,M-Pesa Till,Reseller,CUS-1130,,Animal Feeds,Chicken Feed 10kg,10,1048.39,0.0691,10483.9,9759.46,741.83,7418.3,2341.16,,0,9759.46,0,9759.46,-0.0,0,-10,-7418.3,,AM,0
TXN-01796,2026-05-07,SALE,INV-2605-1796,Rongai Home & Agro Supplies,Kiserian,Phone Order,Farmer,CUS-1064,,Electrical,Switch 1 Gang,1,269.07,0.01,269.07,266.38,160.72,160.72,105.66,,0,266.38,0,266.38,-0.0,0,-1,-160.72,,BM,0
TXN-01005,2025-10-08,SALE,INV-2510-1005,Rongai Home & Agro Supplies,Kiserian,WhatsApp,Farmer,CUS-1107,,Building Materials,2x2 Timber 12ft,1,489.01,0.03,489.01,474.34,382.97,382.97,91.37,,0,474.34,0,474.34,-0.0,0,-1,-382.97,,BM,0
TXN-00439,2025-04-30,PURCHASE,GRN-2504-0439,Rongai Home & Agro Supplies,Ongata Rongai,Supplier,,,AgroLink Kenya,Electrical,Switch 1 Gang,3,144.94,0,0,0,144.94,434.82,0,Purchase,0,152.19,282.63,0,0,0,3,434.82,,CN,0
TXN-00804,2025-08-15,SALE,INV-2508-0804,Rongai Home & Agro Supplies,Kiserian,M-Pesa Till,Farmer,CUS-1101,,Plumbing,25mm PVC Pipe 6m,1,1038.6,0.08,1038.6,955.51,761.1,761.1,194.41,,0,955.51,0,955.51,-0.0,0,-1,-761.1,,DK,0
TXN-01970,2026-07-01,SALE,INV-2607-1970,Rongai Home & Agro Supplies,Kiserian,WhatsApp,Retail,CUS-1086,,Plumbing,Basin Tap Chrome,1,1450.08,0.01,1450.08,1435.58,1067.03,1067.03,368.55,,0,1435.58,0,1435.58,-0.0,0,-1,-1067.03,,BM,0
TXN-00451,04/05/2025,SALE,INV-2505-0451,Rongai Home & Agro Supplies,Kiserian,M-Pesa Till,Retail,CUS-1001,,Animal Feeds,Chicken Feed 10kg,1,1042.13,0.08,1042.13,958.76,763.46,763.46,195.3,,0,958.76,0,958.76,-0.0,0,-1,-763.46,,AM,0
TXN-02137,2026-08-17,SALE,INV-2608-2137,Rongai Home & Agro Supplies,Kiserian,Phone Order,Retail,CUS-1103,,Building Materials,2x2 Timber 12ft,1,522.58,0.01,522.58,517.35,424.08,424.08,93.27,,0,517.35,0,517.35,-0.0,0,-1,-424.08,,AM,0
TXN-00965,2025-09-28,SALE,INV-2509-0965,Rongai Home & Agro Supplies,Kiserian,Walk-in,Reseller,CUS-1119,,Building Materials,Galvanized Roofing Sheet 3m,5,1226.08,0.0629,6130.4,5744.8,920.33,4601.65,1143.15,,0,0.0,0,0.0,-5744.8,0,-5,-4601.65,,JK,0
TXN-01392,2026-01-16,SALE,INV-2601-1392,Rongai Home & Agro Supplies,Kiserian,WhatsApp,Retail,CUS-1045,,Building Materials,Binding Wire 25kg,1,3961.67,0.01,3961.67,3922.05,3377.62,3377.62,544.43,,0,3922.05,0,3922.05,-0.0,0,-1,-3377.62,,BM,0
TXN-01209,2025-12-02,SALE,INV-2512-1209,Rongai Home & Agro Supplies,Kiserian,WhatsApp,Retail,CUS-1063,,Household,Jerrycan 20L,1,806.61,0.01,806.61,798.54,513.56,513.56,284.98,,0,798.54,0,798.54,-0.0,0,-1,-513.56,,CN,0
TXN-02226,2025-05-02,SUPPLIER_PAYMENT,SP-2505-2226,Rongai Home & Agro Supplies,Ongata Rongai,Supplier,,,Eastlands Hardware Wholesalers,,,0,0,0,0,0,0,0,0,Supplier Payment,0,0,23696.0,0,0,0,0,0,M-PESA,DK,0
TXN-00066,2025-01-18,CUSTOMER_PAYMENT,RCPT-2501-0066,Rongai Home & Agro Supplies,Kiserian,Collections,Contractor,CUS-1049,,,,0,0,0,0,0,0,0,0,Customer Collection,0,8035.0,0,8035.0,8035.0,0,0,0,Bank Transfer,ER,0
TXN-01937,2026-06-21,SALE,INV-2606-1937,Rongai Home & Agro Supplies,Kiserian,Walk-in,Contractor,CUS-1069,,Electrical,Switch 1 Gang,4,270.87,0.0288,1083.48,1052.28,156.79,627.16,425.12,,0,1052.28,0,1052.28,-0.0,0,-4,-627.16,,CN,0
TXN-00294,2025-03-27,SALE,INV-2503-0294,Rongai Home & Agro Supplies,Kiserian,WhatsApp,Retail,CUS-1154,,Paints,Paint Brush 4in,4,184.34,0.01,737.36,729.99,98.65,394.6,335.39,,0,729.99,0,729.99,-0.0,0,-4,-394.6,,BM,0
TXN-01445,2026-02-02,SALE,INV-2602-1445,Rongai Home & Agro Supplies,Kiserian,Phone Order,Contractor,CUS-1143,,Agro Inputs,CAN Fertilizer 50kg,6,5436.96,0.0572,32621.76,30755.8,4076.18,24457.08,6298.72,,0,30755.8,0,30755.8,-0.0,0,-6,-24457.08,,DK,0
TXN-01056,2025-10-21,SALE,INV-2510-1056,Rongai Home & Agro Supplies,Ongata Rongai,M-Pesa Till,Retail,CUS-1109,,Animal Feeds,Mineral Lick 2kg,4,628.59,0.03,2514.36,2438.93,383.52,1534.08,904.85,,0,2438.93,0,2438.93,-0.0,0,-4,-1534.08,,AM,0
TXN-00684,2025-07-12,SALE,INV-2507-0684,Rongai Home & Agro Supplies,Ongata Rongai,Walk-in,Farmer,CUS-1067,,Building Materials,2x2 Timber 12ft,1,511.05,0.05,511.05,485.5,376.26,376.26,109.24,,0,485.5,0,485.5,-0.0,0,-1,-376.26,,ER,0
TXN-02007,2026-07-10,PURCHASE,GRN-2607-2007,Rongai Home & Agro Supplies,Kiserian,Supplier,,,Rift Valley Cement Depot,Building Materials,Cement 50kg,3,704.09,0,0,0,704.09,2112.27,0,Purchase,0,2112.27,0.0,0,0,0,3,2112.27,,DK,0
TXN-00249,2025-03-13,SALE,INV-2503-0249,Rongai Home & Agro Supplies,Kiserian,Walk-in,Retail,CUS-1083,,Paints,Paint Brush 4in,11,178.33,0,1961.63,1961.63,93.66,1030.26,931.37,,0,1961.63,0,1961.63,-0.0,0,-11,-1030.26,,DK,0
TXN-01362,2026-01-08,SALE,INV-2601-1362,Rongai Home & Agro Supplies,Kiserian,Walk-in,Institution,CUS-1150,,Electrical,LED Bulb 12W,6,271.07,0.0494,1626.42,1546.07,169.72,1018.32,527.75,,0,773.03,0,773.03,-773.04,0,-6,-1018.32,,DK,0
TXN-00282,2025-03-24,SALE,INV-2503-0282,Rongai Home & Agro Supplies,Kiserian,WhatsApp,Retail,CUS-1121,,Building Materials,Cement 50kg,1,837.31,0.01,837.31,828.94,680.82,680.82,148.12,,0,828.94,0,828.94,-0.0,0,-1,-680.82,,DK,0
TXN-00622,2025-06-25,SALE,INV-2506-0622,Rongai Home & Agro Supplies,Kiserian,Walk-in,Retail,CUS-1131,,Plumbing,PVC Elbow 20mm,1,74.6,0.05,74.6,70.87,42.71,42.71,28.16,,0,70.87,0,70.87,-0.0,0,-1,-42.71,,DK,0
TXN-00433,2025-04-29,SALE,INV-2504-0433,Rongai Home & Agro Supplies,Ongata Rongai,Phone Order,Retail,CUS-1022,,Agro Inputs,DAP Fertilizer 50kg,1,6042.35,0.05,6042.35,5740.23,4205.19,4205.19,1535.04,,0,5740.23,0,5740.23,-0.0,0,-1,-4205.19,,BM,0
TXN-01992,2026-07-06,PURCHASE,GRN-2607-1992,Rongai Home & Agro Supplies,Ongata Rongai,Supplier,,,Rift Valley Cement Depot,Building Materials,Damp Proof Course 20m,19,954.92,0,0,0,954.92,18143.48,0,Purchase,0,18143.48,0.0,0,0,0,19,18143.48,,DK,0
TXN-01567,2026-03-09,SALE,INV-2603-1567,Rongai Home & Agro Supplies,Ongata Rongai,Phone Order,Retail,CUS-1064,,Electrical,LED Bulb 12W,1,302.18,0.03,302.18,293.11,168.85,168.85,124.26,,0,293.11,0,293.11,-0.0,0,-1,-168.85,,DK,0
TXN-01673,2026-04-04,EXPENSE,EXP-2604-1673,Rongai Home & Agro Supplies,Kiserian,Back Office,,,,,,0,0,0,0,0,0,0,0,Electricity,9034.73,0,9034.73,0,0,0,0,0,Bank Transfer,JK,0
TXN-00086,2025-01-24,SALE,INV-2501-0086,Rongai Home & Agro Supplies,Kiserian,Phone Order,Retail,CUS-1032,,Plumbing,20mm PVC Pipe 6m,3,829.78,0.08,2489.34,2290.19,591.69,1775.07,515.12,,0,2290.19,0,2290.19,-0.0,0,-3,-1775.07,,ER,0
TXN-00926,2025-09-17,SALE,INV-2509-0926,Rongai Home & Agro Supplies,Kiserian,WhatsApp,Institution,CUS-1011,,Electrical,LED Bulb 12W,7,281.07,0.0501,1967.49,1868.92,156.91,1098.37,770.55,,0,467.23,0,467.23,-1401.69,0,-7,-1098.37,,AM,0
TXN-01034,2025-10-15,PURCHASE,GRN-2510-1034,Rongai Home & Agro Supplies,Ongata Rongai,Supplier,,,Nairobi Electrical Mart,Building Materials,Cement 50kg,13,655.19,0,0,0,655.19,8517.47,0,Purchase,0,4258.73,4258.74,0,0,0,13,8517.47,,AM,0
TXN-00387,2025-04-18,SALE,INV-2504-0387,Rongai Home & Agro Supplies,Kiserian,WhatsApp,Retail,CUS-1095,,Building Materials,Cement 50kg,4,764.13,0.05,3056.52,2903.69,643.2,2572.8,330.89,,0,2903.69,0,2903.69,-0.0,0,-4,-2572.8,,BM,0
TXN-02121,2026-08-13,SALE,INV-2608-2121,Rongai Home & Agro Supplies,Kiserian,Walk-in,Reseller,CUS-1018,,Electrical,Switch 1 Gang,10,274.18,0.0491,2741.8,2607.18,163.21,1632.1,975.08,,0,651.79,0,651.79,-1955.39,0,-10,-1632.1,,CN,0
TXN-01275,2025-12-17,PURCHASE,GRN-2512-1275,Rongai Home & Agro Supplies,Ongata Rongai,Supplier,,,Nairobi Electrical Mart,Agro Inputs,Foliar Feed 1L,6,581.06,0,0,0,581.06,3486.36,0,Purchase,0,3486.36,0.0,0,0,0,6,3486.36,,ER,0
TXN-01902,2026-06-09,SALE,INV-2606-1902,Rongai Home & Agro Supplies,Kiserian,M-Pesa Till,Contractor,CUS-1045,,Hardware,Hammer 16oz,8,810.96,0.0861,6487.68,5929.09,581.32,4650.56,1278.53,,0,0.0,0,0.0,-5929.09,0,-8,-4650.56,,BM,0
TXN-01726,2026-04-17,PURCHASE,GRN-2604-1726,Rongai Home & Agro Supplies,Ongata Rongai,Supplier,,,Mara Distributors,Agro Inputs,Maize Seed 2kg,12,494.51,0,0,0,494.51,5934.12,0,Purchase,0,2967.06,2967.06,0,0,0,12,5934.12,,ER,0
TXN-00819,2025-08-20,SALE,INV-2508-0819,Rongai Home & Agro Supplies,Ongata Rongai,WhatsApp,Contractor,CUS-1134,,Plumbing,25mm PVC Pipe 6m,14,1024.41,0.0487,14341.74,13643.3,791.03,11074.42,2568.88,,0,13643.3,0,13643.3,-0.0,0,-14,-11074.42,,JK,0
TXN-01208,2025-12-01,PURCHASE,GRN-2512-1208,Rongai Home & Agro Supplies,Kiserian,Supplier,,,AgroLink Kenya,Building Materials,Cement 50kg,63,621.68,0,0,0,621.68,39165.84,0,Purchase,0,13708.04,25457.8,0,0,0,63,39165.84,,DK,0
TXN-01256,2025-12-13,SALE,INV-2512-1256,Rongai Home & Agro Supplies,Kiserian,WhatsApp,Reseller,CUS-1006,,Hardware,Hammer 16oz,11,840.63,0.0734,9246.93,8568.21,505.81,5563.91,3004.3,,0,3427.28,0,3427.28,-5140.93,0,-11,-5563.91,,BM,0
TXN-01860,2026-05-28,SALE,INV-2605-1860,Rongai Home & Agro Supplies,Kiserian,Phone Order,Farmer,CUS-1106,,Hardware,Hammer 16oz,1,825.02,0.03,825.02,800.27,585.2,585.2,215.07,,0,800.27,0,800.27,-0.0,0,-1,-585.2,,BM,0
TXN-01457,2026-02-05,SALE,INV-2602-1457,Rongai Home & Agro Supplies,Kiserian,WhatsApp,Farmer,CUS-1073,,Paints,Paint Brush 4in,6,189.76,0,1138.56,1138.56,99.45,596.7,541.86,,0,1138.56,0,1138.56,-0.0,0,-6,-596.7,,ER,0
TXN-00858,2025-08-30,SALE,INV-2508-0858,Rongai Home & Agro Supplies,Ongata Rongai,Phone Order,Retail,CUS-1167,,Plumbing,PVC Elbow 20mm,5,79.15,0,395.75,395.75,43.59,217.95,177.8,,0,395.75,0,395.75,-0.0,0,-5,-217.95,,BM,0
TXN-00262,2025-03-17,SALE,INV-2503-0262,Rongai Home & Agro Supplies,Ongata Rongai,Phone Order,Retail,CUS-1140,,Plumbing,PVC Elbow 20mm,1,77.01,0.08,77.01,70.85,42.53,42.53,28.32,,0,70.85,0,70.85,-0.0,0,-1,-42.53,,AM,0
TXN-00528,2025-05-28,SALE,INV-2505-0528,Rongai Home & Agro Supplies,Ongata Rongai,Phone Order,Reseller,CUS-1123,,Hardware,Hammer 16oz,12,914.94,0.0768,10979.28,10136.07,498.12,5977.44,4158.63,,0,0.0,0,0.0,-10136.07,0,-12,-5977.44,,JK,0
TXN-01866,2026-05-29,EXPENSE,EXP-2605-1866,Rongai Home & Agro Supplies,Kiserian,Back Office,,,,,,0,0,0,0,0,0,0,0,Repairs,18357.65,0,18357.65,0,0,0,0,0,Bank Transfer,JK,0
TXN-00526,2025-05-27,SALE,INV-2505-0526,Rongai Home & Agro Supplies,Kiserian,Walk-in,Contractor,CUS-1001,,Agro Inputs,Foliar Feed 1L,4,993.13,0.0496,3972.52,3775.48,596.09,2384.36,1391.12,,0,1887.74,0,1887.74,-1887.74,0,-4,-2384.36,,CN,0
TXN-00320,2025-04-02,SALE,INV-2504-0320,Rongai Home & Agro Supplies,Kiserian,M-Pesa Till,Retail,CUS-1087,,Plumbing,PVC Tee 20mm,5,88.11,0.01,440.55,436.14,47.72,238.6,197.54,,0,436.14,0,436.14,-0.0,0,-5,-238.6,,CN,0
TXN-01219,2025-12-04,SALE,INV-2512-1219,Rongai Home & Agro Supplies,Ongata Rongai,WhatsApp,Institution,CUS-1110,,Plumbing,PVC Elbow 20mm,8,73.48,0.0273,587.84,571.79,42.79,342.32,229.47,,0,571.79,0,571.79,-0.0,0,-8,-342.32,,DK,0
TXN-01007,2025-10-08,PURCHASE,GRN-2510-1007,Rongai Home & Agro Supplies,Ongata Rongai,Supplier,,,Eastlands Hardware Wholesalers,Electrical,LED Bulb 12W,4,147.56,0,0,0,147.56,590.24,0,Purchase,0,295.12,295.12,0,0,0,4,590.24,,CN,0
TXN-01028,2025-10-14,SALE,INV-2510-1028,Rongai Home & Agro Supplies,Ongata Rongai,M-Pesa Till,Retail,CUS-1133,,Paints,Paint Brush 4in,3,172.23,0.03,516.69,501.19,93.36,280.08,221.11,,0,501.19,0,501.19,-0.0,0,-3,-280.08,,JK,0
TXN-00834,2025-08-22,PURCHASE,GRN-2508-0834,Rongai Home & Agro Supplies,Ongata Rongai,Supplier,,,Nairobi Electrical Mart,Building Materials,Galvanized Roofing Sheet 3m,9,860.77,0,0,0,860.77,7746.93,0,Purchase,0,0.0,7746.93,0,0,0,9,7746.93,,ER,0
TXN-00911,2025-09-13,SALE,INV-2509-0911,Rongai Home & Agro Supplies,Ongata Rongai,M-Pesa Till,Farmer,CUS-1143,,Plumbing,PVC Elbow 20mm,2,75.71,0.03,151.42,146.88,43.58,87.16,59.72,,0,146.88,0,146.88,-0.0,0,-2,-87.16,,AM,0
TXN-00782,2025-08-09,SALE,INV-2508-0782,Rongai Home & Agro Supplies,Kiserian,WhatsApp,Retail,CUS-1071,,Plumbing,PVC Elbow 20mm,3,80.73,0,242.19,242.19,43.45,130.35,111.84,,0,242.19,0,242.19,-0.0,0,-3,-130.35,,AM,0
TXN-02211,2025-05-12,SUPPLIER_PAYMENT,SP-2505-2211,Rongai Home & Agro Supplies,Kiserian,Supplier,,,Nairobi Electrical Mart,,,0,0,0,0,0,0,0,0,Supplier Payment,0,0,61878.0,0,0,0,0,0,Bank Transfer,ER,0
TXN-00838,2025-08-24,SALE,INV-2508-0838,Rongai Home & Agro Supplies,Ongata Rongai,M-Pesa Till,Institution,CUS-1078,,Plumbing,PVC Elbow 20mm,8,80.73,0.075,645.84,597.4,43.82,350.56,246.84,,0,298.7,0,298.7,-298.7,0,-8,-350.56,,JK,0
TXN-01210,2025-12-02,SALE,INV-2512-1210,Rongai Home & Agro Supplies,Kiserian,WhatsApp,Retail,CUS-1179,,Building Materials,Cement 50kg,1,763.35,0.08,763.35,702.28,659.18,659.18,43.1,,0,702.28,0,702.28,-0.0,0,-1,-659.18,,ER,0
TXN-00988,2025-10-03,SALE,INV-2510-0988,Rongai Home & Agro Supplies,Ongata Rongai,M-Pesa Till,Farmer,CUS-1034,,Plumbing,PVC Elbow 20mm,2,73.05,0,146.1,146.1,44.33,88.66,57.44,,0,146.1,0,146.1,-0.0,0,-2,-88.66,,CN,0
TXN-00495,2025-05-16,SALE,INV-2505-0495,Rongai Home & Agro Supplies,Kiserian,M-Pesa Till,Retail,CUS-1116,,Plumbing,PVC Elbow 20mm,5,74.55,0.08,372.75,342.93,43.27,216.35,126.58,,0,342.93,0,342.93,-0.0,0,-5,-216.35,,JK,0
TXN-00853,2025-08-28,EXPENSE,EXP-2508-0853,Rongai Home & Agro Supplies,Kiserian,Back Office,,,,,,0,0,0,0,0,0,0,0,Electricity,12465,0,12465,0,0,0,0,0,Cash,JK,0
TXN-00426,2025-04-27,EXPENSE,EXP-2504-0426,Rongai Home & Agro Supplies,Kiserian,Back Office,,,,,,0,0,0,0,0,0,0,0,Rent,52000,0,52000,0,0,0,0,0,M-PESA,ER,0
TXN-00846,2025-08-27,SALE,INV-2508-0846,Rongai Home & Agro Supplies,Ongata Rongai,WhatsApp,Farmer,CUS-1008,,Building Materials,Cement 50kg,1,762.22,0.08,762.22,701.24,670.78,670.78,30.46,,0,701.24,0,701.24,-0.0,0,-1,-670.78,,CN,0
TXN-02204,2026-06-17,STOCK_ADJUSTMENT,ADJ-2606-2204,Rongai Home & Agro Supplies,Kiserian,Stock Count,,,,Agro Inputs,DAP Fertilizer 50kg,-8,0,0,0,0,0,0,0,Stock Adjustment,0,0,0,0,0,0,-8,-34400,Manual count variance,DK,0
TXN-00857,2025-08-29,SALE,INV-2508-0857,Rongai Home & Agro Supplies,Ongata Rongai,Walk-in,Farmer,CUS-1027,,Building Materials,2x2 Timber 12ft,4,546.06,0.02,2184.24,2140.56,367.99,1471.96,668.6,,0,2140.56,0,2140.56,-0.0,0,-4,-1471.96,,JK,0
TXN-00289,2025-03-25,CUSTOMER_PAYMENT,RCPT-2503-0289,Rongai Home & Agro Supplies,Kiserian,Collections,Contractor,CUS-1118,,,,0,0,0,0,0,0,0,0,Customer Collection,0,12978.0,0,12978.0,12978.0,0,0,0,Bank Transfer,ER,0
TXN-01069,2025-10-24,SALE,INV-2510-1069,Rongai Home & Agro Supplies,Kiserian,Phone Order,Farmer,CUS-1056,,Electrical,LED Bulb 12W,1,292.46,0.01,292.46,289.54,157.97,157.97,131.57,,0,289.54,0,289.54,-0.0,0,-1,-157.97,,DK,0
TXN-01512,2026-02-20,CUSTOMER_PAYMENT,RCPT-2602-1512,Rongai Home & Agro Supplies,Kiserian,Collections,Contractor,CUS-1023,,,,0,0,0,0,0,0,0,0,Customer Collection,0,15371.0,0,15371.0,15371.0,0,0,0,Mpesa,AM,0
TXN-00682,2025-07-12,SALE,INV-2507-0682,Rongai Home & Agro Supplies,Ongata Rongai,Walk-in,Institution,CUS-1167,,Hardware,Padlock 50mm,5,705.57,0.0323,3527.85,3413.9,430.18,2150.9,1263.0,,0,0.0,0,0.0,-3413.9,0,-5,-2150.9,,ER,0
TXN-00488,2025-05-14,PURCHASE,GRN-2505-0488,Rongai Home & Agro Supplies,Ongata Rongai,Supplier,,,Nairobi Electrical Mart,Hardware,Spade Steel,3,782.57,0,0,0,782.57,2347.71,0,Purchase,0,0.0,2347.71,0,0,0,3,2347.71,,ER,0
TXN-02136,2026-08-17,SALE,INV-2608-2136,Rongai Home & Agro Supplies,Ongata Rongai,Phone Order,Retail,CUS-1110,,Electrical,LED Bulb 12W,6,295.63,0.08,1773.78,1631.88,173.84,1043.04,588.84,,0,1631.88,0,1631.88,-0.0,0,-6,-1043.04,,BM,0
TXN-01742,2026-04-22,PURCHASE,GRN-2604-1742,Rongai Home & Agro Supplies,Ongata Rongai,Supplier,,,Mara Distributors,Hardware,Wheelbarrow Heavy Duty,3,5855.39,0,0,0,5855.39,17566.17,0,Purchase,0,0.0,17566.17,0,0,0,3,17566.17,,AM,0
TXN-00365,2025-04-12,SALE,INV-2504-0365,Rongai Home & Agro Supplies,Ongata Rongai,M-Pesa Till,Reseller,CUS-1072,,Plumbing,PVC Elbow 20mm,7,80.02,0.0511,560.14,531.52,44.75,313.25,218.27,,0,132.88,0,132.88,-398.64,0,-7,-313.25,,AM,0
TXN-00265,2025-03-18,SALE,INV-2503-0265,Rongai Home & Agro Supplies,Kiserian,Phone Order,Retail,CUS-1185,,Plumbing,PVC Elbow 20mm,6,71.31,0,427.86,427.86,45.1,270.6,157.26,,0,427.86,0,427.86,-0.0,0,-6,-270.6,,DK,0
TXN-01390,2026-01-15,CUSTOMER_PAYMENT,RCPT-2601-1390,Rongai Home & Agro Supplies,Ongata Rongai,Collections,Contractor,CUS-1034,,,,0,0,0,0,0,0,0,0,Customer Collection,0,13765.0,0,13765.0,13765.0,0,0,0,Mpesa,DK,0
TXN-00337,2025-04-05,SALE,INV-2504-0337,Rongai Home & Agro Supplies,Kiserian,Walk-in,Retail,CUS-1138,,Building Materials,Binding Wire 25kg,4,4034.33,0.01,16137.32,15975.95,3460.67,13842.68,2133.27,,0,15975.95,0,15975.95,-0.0,0,-4,-13842.68,,CN,0
TXN-01361,2026-01-07,EXPENSE,EXP-2601-1361,Rongai Home & Agro Supplies,Ongata Rongai,Back Office,,,,,,0,0,0,0,0,0,0,0,Internet,4000,0,4000,0,0,0,0,0,Bank Transfer,CN,0
TXN-01491,2026-02-16,SALE,INV-2602-1491,Rongai Home & Agro Supplies,Ongata Rongai,Phone Order,Retail,CUS-1027,,Electrical,LED Bulb 12W,2,292.32,0.05,584.64,555.41,169.0,338.0,217.41,,0,555.41,0,555.41,-0.0,0,-2,-338.0,,CN,0
TXN-02240,2025-08-31,SUPPLIER_PAYMENT,SP-2508-2240,Rongai Home & Agro Supplies,Ongata Rongai,Supplier,,,AgroLink Kenya,,,0,0,0,0,0,0,0,0,Supplier Payment,0,0,48561.0,0,0,0,0,0,Cash,BM,0
TXN-01170,2025-11-21,SALE,INV-2511-1170,Rongai Home & Agro Supplies,Ongata Rongai,Credit Customer,Contractor,CUS-1180,,Building Materials,2x2 Timber 12ft,4,556.29,0.072,2225.16,2064.95,380.6,1522.4,542.55,,0,825.98,0,825.98,-1238.97,0,-4,-1522.4,,ER,0
TXN-01963,2026-06-28,CUSTOMER_PAYMENT,RCPT-2606-1963,Rongai Home & Agro Supplies,Kiserian,Collections,Contractor,CUS-1008,,,,0,0,0,0,0,0,0,0,Customer Collection,0,21489.0,0,21489.0,21489.0,0,0,0,Mpesa,CN,0
TXN-01506,2026-02-20,SALE,INV-2602-1506,Rongai Home & Agro Supplies,Kiserian,Walk-in,Contractor,CUS-1047,,Plumbing,PVC Tee 20mm,12,84.71,0.0529,1016.52,962.75,52.88,634.56,328.19,,0,962.75,0,962.75,-0.0,0,-12,-634.56,,JK,0
TXN-00566,2025-06-07,SALE,INV-2506-0566,Rongai Home & Agro Supplies,Ongata Rongai,M-Pesa Till,Retail,CUS-1132,,Building Materials,Cement 50kg,11,790.57,0,8696.27,8696.27,676.31,7439.41,1256.86,,0,8696.27,0,8696.27,-0.0,0,-11,-7439.41,,CN,0
TXN-00861,2025-08-31,EXPENSE,EXP-2508-0861,Rongai Home & Agro Supplies,Kiserian,Back Office,,,,,,0,0,0,0,0,0,0,0,Internet,3000,0,3000,0,0,0,0,0,Bank Transfer,ER,0
TXN-01250,2025-12-12,SALE,INV-2512-1250,Rongai Home & Agro Supplies,Kiserian,Credit Customer,Contractor,CUS-1065,,Building Materials,Cement 50kg,9,796.39,0.0384,7167.51,6892.28,662.33,5960.97,931.31,,0,2756.91,0,2756.91,-4135.37,0,-9,-5960.97,,JK,0
TXN-00598,2025-06-18,PURCHASE,GRN-2506-0598,Rongai Home & Agro Supplies,Kiserian,Supplier,,,Mara Distributors,Agro Inputs,Knapsack Sprayer 20L,7,3187.35,0,0,0,3187.35,22311.45,0,Purchase,0,16733.59,5577.86,0,0,0,7,22311.45,,BM,0
TXN-01774,2026-05-01,SALE,INV-2605-1774,Rongai Home & Agro Supplies,Kiserian,M-Pesa Till,Retail,CUS-1084,,Agro Inputs,DAP Fertilizer 50kg,4,6034.81,0.08,24139.24,22208.1,4603.71,18414.84,3793.26,,0,22208.1,0,22208.1,-0.0,0,-4,-18414.84,,BM,0
TXN-01363,2026-01-08,SALE,INV-2601-1363,Rongai Home & Agro Supplies,Kiserian,Phone Order,Reseller,CUS-1116,,Electrical,LED Bulb 12W,5,273.83,0.0357,1369.15,1320.27,170.04,850.2,470.07,,0,660.13,0,660.13,-660.14,0,-5,-850.2,,DK,0
TXN-00931,2025-09-19,SALE,INV-2509-0931,Rongai Home & Agro Supplies,Ongata Rongai,M-Pesa Till,Retail,CUS-1179,,Paints,Paint Brush 4in,7,179.24,0.02,1254.68,1229.59,96.84,677.88,551.71,,0,1229.59,0,1229.59,-0.0,0,-7,-677.88,,BM,0
TXN-01241,2025-12-10,SALE,INV-2512-1241,Rongai Home & Agro Supplies,Kiserian,Walk-in,Contractor,CUS-1128,,Building Materials,2x2 Timber 12ft,4,512.04,0.0309,2048.16,1984.87,364.51,1458.04,526.83,,0,1984.87,0,1984.87,-0.0,0,-4,-1458.04,,ER,0
TXN-02059,2026-07-26,CUSTOMER_PAYMENT,RCPT-2607-2059,Rongai Home & Agro Supplies,Ongata Rongai,Collections,Contractor,CUS-1086,,,,0,0,0,0,0,0,0,0,Customer Collection,0,15464.0,0,15464.0,15464.0,0,0,0,Mpesa,JK,0
TXN-01330,2025-12-31,SALE,INV-2512-1330,Rongai Home & Agro Supplies,Kiserian,M-Pesa Till,Farmer,CUS-1068,,Paints,Gloss Paint 4L,1,2620.43,0.01,2620.43,2594.23,1794.37,1794.37,799.86,,0,2594.23,0,2594.23,-0.0,0,-1,-1794.37,,JK,0
TXN-01693,2026-04-10,SALE,INV-2604-1693,Rongai Home & Agro Supplies,Kiserian,Phone Order,Farmer,CUS-1047,,Hardware,Panga,1,933.45,0.05,933.45,886.78,640.98,640.98,245.8,,0,886.78,0,886.78,-0.0,0,-1,-640.98,,ER,0
TXN-00233,2025-03-07,EXPENSE,EXP-2503-0233,Rongai Home & Agro Supplies,Kiserian,Back Office,,,,,,0,0,0,0,0,0,0,0,Staff Salaries,75033,0,75033,0,0,0,0,0,Cash,BM,0
TXN-01550,2026-03-04,REFUND,REF-2603-1550,Rongai Home & Agro Supplies,Ongata Rongai,Counter,Retail,CUS-1067,,Paints,Paint Brush 4in,-1,178.04,0,0,175.16,98.18,0,-175.16,Customer Refund,175.16,0,175.16,0,0,175.16,0,0,refund,ER,0
TXN-01169,2025-11-21,SALE,INV-2511-1169,Rongai Home & Agro Supplies,Kiserian,M-Pesa Till,Retail,CUS-1083,,Plumbing,25mm PVC Pipe 6m,1,995.12,0.02,995.12,975.22,774.17,774.17,201.05,,0,975.22,0,975.22,-0.0,0,-1,-774.17,,CN,0
TXN-01996,2026-07-07,SALE,INV-2607-1996,Rongai Home & Agro Supplies,Ongata Rongai,M-Pesa Till,Retail,CUS-1039,,Plumbing,PVC Tee 20mm,2,90.98,0,181.96,181.96,52.86,105.72,76.24,,0,181.96,0,181.96,-0.0,0,-2,-105.72,,JK,0
TXN-00479,2025-05-12,SALE,INV-2505-0479,Rongai Home & Agro Supplies,Kiserian,WhatsApp,Farmer,CUS-1009,,Hardware,Padlock 50mm,1,705.13,0.05,705.13,669.87,401.91,401.91,267.96,,0,669.87,0,669.87,-0.0,0,-1,-401.91,,CN,0
TXN-00450,2025-05-03,SALE,INV-2505-0450,Rongai Home & Agro Supplies,Kiserian,M-Pesa Till,Contractor,CUS-1160,,Building Materials,Cement 50kg,14,782.92,0.0748,10960.88,10141.01,676.97,9477.58,663.43,,0,5070.51,0,5070.51,-5070.5,0,-14,-9477.58,,JK,0
TXN-01856,2026-05-27,SALE,INV-2605-1856,Rongai Home & Agro Supplies,Ongata Rongai,M-Pesa Till,Retail,CUS-1133,,Plumbing,PVC Elbow 20mm,1,71.97,0.05,71.97,68.37,46.73,46.73,21.64,,0,68.37,0,68.37,-0.0,0,-1,-46.73,,JK,0
TXN-01440,2026-01-30,EXPENSE,EXP-2601-1440,Rongai Home & Agro Supplies,Ongata Rongai,Back Office,,,,,,0,0,0,0,0,0,0,0,Repairs,7776,0,7776,0,0,0,0,0,Cash,AM,0
TXN-01259,2025-12-14,SALE,INV-2512-1259,Rongai Home & Agro Supplies,Ongata Rongai,M-Pesa Till,Retail,CUS-1177,,Plumbing,PVC Elbow 20mm,2,79.84,0.01,159.68,158.08,42.11,84.22,73.86,,0,158.08,0,158.08,-0.0,0,-2,-84.22,,JK,0
TXN-02181,2026-08-31,PURCHASE,GRN-2608-2181,Rongai Home & Agro Supplies,Ongata Rongai,Supplier,,,Mara Distributors,Plumbing,Basin Tap Chrome,3,1005.24,0,0,0,1005.24,3015.72,0,Purchase,0,2261.79,753.93,0,0,0,3,3015.72,,DK,0
TXN-00056,2025-01-17,SALE,INV-2501-0056,Rongai Home & Agro Supplies,Kiserian,Phone Order,Retail,CUS-1148,,Hardware,Padlock 50mm,1,734.28,0.01,734.28,726.94,423.61,423.61,303.33,,0,726.94,0,726.94,-0.0,0,-1,-423.61,,CN,0
TXN-00489,2025-05-14,EXPENSE,EXP-2505-0489,Rongai Home & Agro Supplies,Kiserian,Back Office,,,,,,0,0,0,0,0,0,0,0,Rent,52000,0,52000,0,0,0,0,0,Cash,DK,0
TXN-01945,2026-06-23,EXPENSE,EXP-2606-1945,Rongai Home & Agro Supplies,Ongata Rongai,Back Office,,,,,,0,0,0,0,0,0,0,0,Rent,58534.72,0,58534.72,0,0,0,0,0,Cash,AM,0
TXN-02192,2026-03-25,STOCK_ADJUSTMENT,ADJ-2603-2192,Rongai Home & Agro Supplies,Ongata Rongai,Stock Count,,,,Paints,Gloss Paint 4L,-3,0,0,0,0,0,0,0,Stock Adjustment,0,0,0,0,0,0,-3,-5250,Manual count variance,ER,0
TXN-00460,2025-05-07,SALE,INV-2505-0460,Rongai Home & Agro Supplies,Ongata Rongai,Walk-in,Retail,CUS-1088,,Electrical,Socket 13A,7,403.37,0.03,2823.59,2738.88,213.79,1496.53,1242.35,,0,2738.88,0,2738.88,-0.0,0,-7,-1496.53,,DK,0
TXN-00503,2025-05-19,SALE,INV-2505-0503,Rongai Home & Agro Supplies,Kiserian,WhatsApp,Reseller,CUS-1010,,Electrical,Switch 1 Gang,14,246.08,0.0736,3445.12,3191.56,152.2,2130.8,1060.76,,0,0.0,0,0.0,-3191.56,0,M Pesa,-2130.8,,BM,0
TXN-01484,2026-02-13,SALE,INV-2602-1484,Rongai Home & Agro Supplies,Kiserian,M-Pesa Till,Reseller,CUS-1116,,Building Materials,Cement 50kg,6,734.85,0.0452,4409.1,4209.81,706.23,4237.38,-27.57,,0,4209.81,0,4209.81,-0.0,0,-6,-4237.38,,DK,0
TXN-00721,2025-07-23,SALE,INV-2507-0721,Rongai Home & Agro Supplies,Kiserian,Walk-in,Retail,CUS-1099,,Plumbing,PVC Tee 20mm,7,91.49,0.08,640.43,589.2,50.26,351.82,237.38,,0,589.2,0,589.2,-0.0,0,-7,-351.82,,BM,0
TXN-00144,2025-02-10,PURCHASE,GRN-2502-0144,Rongai Home & Agro Supplies,Kiserian,Supplier,,,Mara Distributors,Hardware,Wheelbarrow Heavy Duty,5,5260.77,0,0,0,5260.77,26303.85,0,Purchase,0,9206.35,17097.5,0,0,0,5,26303.85,,AM,0
TXN-02077,2026-07-31,SALE,INV-2607-2077,Rongai Home & Agro Supplies,Kiserian,Phone Order,Reseller,CUS-1006,,Household,Jerrycan 20L,7,798.76,0.0623,5591.32,5242.98,559.83,3918.81,1324.17,,0,2097.19,0,2097.19,-3145.79,0,-7,-3918.81,,CN,0
TXN-01852,2026-05-26,SALE,INV-2605-1852,Rongai Home & Agro Supplies,Ongata Rongai,Phone Order,Retail,CUS-1028,,Agro Inputs,Maize Seed 2kg,2,617.53,0.01,1235.06,1222.71,487.18,974.36,248.35,,0,1222.71,0,1222.71,-0.0,0,-2,-974.36,,CN,0
TXN-00204,2025-02-28,SALE,INV-2502-0204,Rongai Home & Agro Supplies,Ongata Rongai,WhatsApp,Institution,CUS-1164,,Plumbing,PVC Tee 20mm,5,87.62,0.0269,438.1,426.32,49.86,249.3,177.02,,0,426.32,0,426.32,-0.0,0,-5,-249.3,,DK,0
TXN-01369,2026-01-09,EXPENSE,EXP-2601-1369,Rongai Home & Agro Supplies,Ongata Rongai,Back Office,,,,,,0,0,0,0,0,0,0,0,Repairs,11606,0,11606,0,0,0,0,0,Bank Transfer,AM,0
TXN-01685,2026-04-08,SALE,INV-2604-1685,Rongai Home & Agro Supplies,Ongata Rongai,Walk-in,Reseller,CUS-1003,,Paints,Paint Brush 4in,5,192.66,0.0916,963.3,875.06,106.69,533.45,341.61,,0,218.76,0,218.76,-656.3,0,-5,-533.45,,CN,0
TXN-02216,2025-02-24,SUPPLIER_PAYMENT,SP-2502-2216,Rongai Home & Agro Supplies,Kiserian,Supplier,,,Eastlands Hardware Wholesalers,,,0,0,0,0,0,0,0,0,Supplier Payment,0,0,44637.0,0,0,0,0,0,M-PESA,BM,0
TXN-00155,2025-02-13,EXPENSE,EXP-2502-0155,Rongai Home & Agro Supplies,Kiserian,Back Office,,,,,,0,0,0,0,0,0,0,0,Transport,5859,0,5859,0,0,0,0,0,M-PESA,ER,0
TXN-00312,31-03-2025,SALE,INV-2503-0312,Rongai Home & Agro Supplies,Ongata Rongai,WhatsApp,Reseller,CUS-1140,,Agro Inputs,Maize Seed 2kg,14,642.28,0.034,8991.92,8686.19,458.55,6419.7,2266.49,,0,0.0,0,0.0,-8686.19,0,-14,-6419.7,,ER,0
TXN-02187,11/12/2025,STOCK_ADJUSTMENT,ADJ-2512-2187,Rongai Home & Agro Supplies,Ongata Rongai,Stock Count,,,,Electrical,Switch 1 Gang,-5,0,0,0,0,0,0,0,Stock Adjustment,0,0,0,0,0,0,-5,-725,Manual count variance,DK,0
TXN-01462,2026-02-06,SALE,INV-2602-1462,Rongai Home & Agro Supplies,Ongata Rongai,Walk-in,Reseller,CUS-1093,,Building Materials,Galvanized Roofing Sheet 3m,12,1217.23,0.08,14606.76,13438.22,947.58,11370.96,2067.26,,0,13438.22,0,13438.22,-0.0,0,-12,-11370.96,,ER,0
TXN-01618,2026-03-20,CUSTOMER_PAYMENT,RCPT-2603-1618,Rongai Home & Agro Supplies,Ongata Rongai,Collections,Contractor,CUS-1046,,,,0,0,0,0,0,0,0,0,Customer Collection,0,6397.0,0,6397.0,6397.0,0,0,0,M-PESA,AM,0
TXN-02188,2025-03-12,STOCK_ADJUSTMENT,ADJ-2503-2188,Rongai Home & Agro Supplies,Kiserian,Stock Count,,,,Animal Feeds,Chicken Feed 10kg,-5,0,0,0,0,0,0,0,Stock Adjustment,0,0,0,0,0,0,-5,-3800,Manual count variance,BM,0
TXN-01221,2025-12-04,SALE,INV-2512-1221,Rongai Home & Agro Supplies,Kiserian,WhatsApp,Contractor,,,Building Materials,Cement 50kg,3,738.99,0.02,2216.97,2172.63,643.81,1931.43,241.2,,0,543.16,0,543.16,-1629.47,0,-3,-1931.43,,ER,0
TXN-00138,2025-02-08,SALE,INV-2502-0138,Rongai Home & Agro Supplies,Kiserian,Credit Customer,Reseller,CUS-1057,,Plumbing,20mm PVC Pipe 6m,11,798.59,0.0435,8784.49,8402.36,580.58,6386.38,2015.98,,0,3360.94,0,3360.94,-5041.42,0,-11,-6386.38,,AM,0
TXN-00678,2025-07-11,SALE,INV-2507-0678,Rongai Home & Agro Supplies,Ongata Rongai,M-Pesa Till,Retail,CUS-1100,,Building Materials,Galvanized Roofing Sheet 3m,1,1174.76,0.08,1174.76,1080.78,896.33,896.33,184.45,,0,1080.78,0,1080.78,-0.0,0,-1,-896.33,,JK,1
TXN-01141,2025-11-14,SALE,INV-2511-1141,Rongai Home & Agro Supplies,Ongata Rongai,M-Pesa Till,Farmer,CUS-1120,,Plumbing,20mm PVC Pipe 6m,2,799.06,0.02,1598.12,1566.16,602.73,1205.46,360.7,,0,1566.16,0,1566.16,-0.0,0,-2,-1205.46,,BM,0
TXN-02149,2026-08-21,SALE,INV-2608-2149,Rongai Home & Agro Supplies,Ongata Rongai,M-Pesa Till,Reseller,CUS-1106,,Animal Feeds,Dairy Meal 25kg,14,2387.31,0.081,33422.34,30715.13,2139.68,29955.52,759.61,,0,7678.78,0,7678.78,-23036.35,0,-14,-29955.52,,CN,0
TXN-00429,2025-04-28,SALE,INV-2504-0429,Rongai Home & Agro Supplies,Ongata Rongai,WhatsApp,Reseller,CUS-1036,,Electrical,Switch 1 Gang,4,260.5,0.0545,1042.0,985.21,148.38,593.52,391.69,,0,985.21,0,985.21,-0.0,0,-4,-593.52,,AM,0
TXN-01961,2026-06-27,SALE,INV-2606-1961,Rongai Home & Agro Supplies,Ongata Rongai,WhatsApp,Retail,CUS-1165,,Hardware,Hammer 16oz,1,904.89,0,904.89,904.89,564.47,564.47,340.42,,0,904.89,0,904.89,-0.0,0,-1,-564.47,,ER,0
TXN-00657,2025-07-04,SALE,INV-2507-0657,Rongai Home & Agro Supplies,Kiserian,Walk-in,Farmer,CUS-1182,,Plumbing,25mm PVC Pipe 6m,1,1070.64,0.03,1070.64,1038.52,793.02,793.02,245.5,,0,1038.52,0,1038.52,-0.0,0,-1,-793.02,,ER,0
TXN-01393,2026-01-16,PURCHASE,GRN-2601-1393,Rongai Home & Agro Supplies,Kiserian,Supplier,,,Nairobi Electrical Mart,Electrical,Switch 1 Gang,14,153.38,0,0,0,153.38,2147.32,0,Purchase,0,1073.66,1073.66,0,0,0,14,2147.32,,ER,0
TXN-02097,2026-08-05,EXPENSE,EXP-2608-2097,Rongai Home & Agro Supplies,Ongata Rongai,Back Office,,,,,,0,0,0,0,0,0,0,0,Staff Salaries,87999.36,0,87999.36,0,0,0,0,0,M-PESA,ER,0
TXN-01303,2025-12-24,SALE,INV-2512-1303,Rongai Home & Agro Supplies,Kiserian,M-Pesa Till,Retail,CUS-1182,,Hardware,Padlock 50mm,5,691.11,0.05,3455.55,3282.77,401.05,2005.25,1277.52,,0,3282.77,0,3282.77,-0.0,0,-5,-2005.25,,ER,0
TXN-01448,2026-02-02,PURCHASE,GRN-2602-1448,Rongai Home & Agro Supplies,Kiserian,Supplier,,,AgroLink Kenya,Paints,20L Emulsion Paint,3,4044.11,0,0,0,4044.11,12132.33,0,Purchase,0,4246.32,7886.01,0,0,0,3,12132.33,,CN,0
TXN-00129,2025-02-06,SALE,INV-2502-0129,Rongai Home & Agro Supplies,Ongata Rongai,Walk-in,Retail,CUS-1040,,Household,Jerrycan 20L,3,775.2,0,2325.6,2325.6,486.67,1460.01,865.59,,0,2325.6,0,2325.6,-0.0,0,-3,-1460.01,,CN,0
TXN-01027,2025-10-14,SALE,INV-2510-1027,Rongai Home & Agro Supplies,Kiserian,M-Pesa Till,Retail,CUS-1178,,Plumbing,20mm PVC Pipe 6m,1,823.61,0.02,823.61,807.14,593.03,593.03,214.11,,0,807.14,0,807.14,-0.0,0,-1,-593.03,,CN,0
TXN-00961,2025-09-26,PURCHASE,GRN-2509-0961,Rongai Home & Agro Supplies,Kiserian,Supplier,,,Nairobi Electrical Mart,Plumbing,PVC Elbow 20mm,24,43.81,0,0,0,43.81,1051.44,0,Purchase,0,368.0,683.44,0,0,0,24,1051.44,,AM,0
TXN-00749,2025-08-01,SALE,INV-2508-0749,Rongai Home & Agro Supplies,Ongata Rongai,Walk-in,Farmer,CUS-1105,,Agro Inputs,DAP Fertilizer 50kg,5,5912.34,0,29561.7,29561.7,4319.69,21598.45,7963.25,,0,29561.7,0,29561.7,-0.0,0,-5,-21598.45,,BM,0
TXN-02176,2026-08-28,PURCHASE,GRN-2608-2176,Rongai Home & Agro Supplies,Kiserian,Supplier,,,Eastlands Hardware Wholesalers,Electrical,Socket 13A,6,244.56,0,0,0,244.56,1467.36,0,Purchase,0,513.58,953.78,0,0,0,6,1467.36,,CN,0
TXN-00184,2025-02-22,SALE,INV-2502-0184,Rongai Home & Agro Supplies,Ongata Rongai,WhatsApp,Contractor,CUS-1153,,Hardware,Panga,7,901.57,0.0615,6310.99,5922.86,583.54,4084.78,1838.08,,0,5922.86,0,5922.86,-0.0,0,-7,-4084.78,,JK,0
TXN-00179,2025-02-21,SALE,INV-2502-0179,Rongai Home & Agro Supplies,Ongata Rongai,Phone Order,Contractor,CUS-1008,,Plumbing,PVC Elbow 20mm,13,71.48,0.0439,929.24,888.45,43.21,561.73,326.72,,0,888.45,0,888.45,-0.0,0,-13,-561.73,,JK,0
TXN-01470,2026-02-09,SALE,INV-2602-1470,Rongai Home & Agro Supplies,Ongata Rongai,Phone Order,Retail,CUS-1027,,Paints,Paint Brush 4in,1,169.24,0,169.24,169.24,97.02,97.02,72.22,,0,169.24,0,169.24,-0.0,0,-1,-97.02,,BM,0
TXN-01298,23/12/2025,SALE,INV-2512-1298,Rongai Home & Agro Supplies,Kiserian,Walk-in,Contractor,CUS-1001,,Plumbing,20mm PVC Pipe 6m,11,831.77,0.0621,9149.47,8581.29,581.16,6392.76,2188.53,,0,2145.32,0,2145.32,-6435.97,0,-11,-6392.76,,CN,0
TXN-00520,2025-05-26,SALE,INV-2505-0520,Rongai Home & Agro Supplies,Ongata Rongai,Walk-in,Retail,CUS-1147,,Paints,20L Emulsion Paint,2,5335.67,0.02,10671.34,10457.91,3769.0,7538.0,2919.91,,0,10457.91,0,10457.91,-0.0,0,-2,-7538.0,,JK,0
TXN-00937,2025-09-20,SALE,INV-2509-0937,Rongai Home & Agro Supplies,Ongata Rongai,Walk-in,Contractor,CUS-1051,,Electrical,Socket 13A,13,403.71,0.0799,5248.23,4828.9,228.59,2971.67,1857.23,,0,0.0,0,0.0,-4828.9,0,-13,-2971.67,,JK,0
TXN-01021,2025-10-12,CUSTOMER_PAYMENT,RCPT-2510-1021,Rongai Home & Agro Supplies,Kiserian,Collections,Contractor,CUS-1113,,,,0,0,0,0,0,0,0,0,Customer Collection,0,19943.0,0,19943.0,19943.0,0,0,0,Bank Transfer,DK,0
TXN-00470,2025-05-09,PURCHASE,GRN-2505-0470,Rongai Home & Agro Supplies,Kiserian,Supplier,,,Rift Valley Cement Depot,Electrical,LED Bulb 12W,3,148.27,0,0,0,148.27,444.81,0,Purchase,0,222.41,222.4,0,0,0,3,444.81,,BM,0
TXN-01668,2026-04-03,SALE,INV-2604-1668,Rongai Home & Agro Supplies,Ongata Rongai,M-Pesa Till,Retail,CUS-1055,,Building Materials,2x2 Timber 12ft,1,503.37,0.02,503.37,493.3,422.74,422.74,70.56,,0,493.3,0,493.3,-0.0,0,-1,-422.74,,BM,0
TXN-00596,2025-06-18,SALE,INV-2506-0596,Rongai Home & Agro Supplies,Ongata Rongai,WhatsApp,Reseller,,,Agro Inputs,DAP Fertilizer 50kg,14,5634.09,0.0736,78877.26,73071.89,4285.56,59997.84,13074.05,,0,29228.76,0,29228.76,-43843.13,0,-14,-59997.84,,AM,0
TXN-00666,08-07-2025,SALE,INV-2507-0666,Rongai Home & Agro Supplies,Kiserian,M-Pesa Till,Farmer,CUS-1116,,Building Materials,Cement 50kg,17,764.59,0.01,12998.03,12868.05,634.97,10794.49,2073.56,,0,12868.05,0,12868.05,-0.0,0,-17,-10794.49,,CN,0
TXN-00534,2025-05-29,SALE,INV-2505-0534,Rongai Home & Agro Supplies,Ongata Rongai,Walk-in,Contractor,CUS-1061,,Electrical,Socket 13A,12,385.86,0.0737,4630.32,4289.07,216.94,2603.28,1685.79,,0,1715.63,0,1715.63,-2573.44,0,-12,-2603.28,,JK,0
TXN-00629,2025-06-26,SALE,INV-2506-0629,Rongai Home & Agro Supplies,Kiserian,WhatsApp,Contractor,CUS-1035,,Plumbing,PVC Elbow 20mm,6,80.46,0.0725,482.76,447.76,41.91,251.46,196.3,,0,447.76,0,447.76,-0.0,0,-6,-251.46,,JK,0
TXN-00219,05/03/2025,SALE,INV-2503-0219,Rongai Home & Agro Supplies,Ongata Rongai,Walk-in,Retail,CUS-1057,,Plumbing,,2,832.72,0,1665.44,1665.44,588.86,1177.72,487.72,,0,1665.44,0,1665.44,-0.0,0,-2,-1177.72,,JK,0
TXN-00024,2025-01-07,SALE,INV-2501-0024,Rongai Home & Agro Supplies,Ongata Rongai,WhatsApp,Contractor,CUS-1173,,Hardware,Panga,14,983.19,0.0261,13764.66,13405.4,565.83,7921.62,5483.78,,0,6702.7,0,6702.7,-6702.7,0,-14,-7921.62,,ER,0
TXN-01768,2026-04-29,PURCHASE,GRN-2604-1768,Rongai Home & Agro Supplies,Kiserian,Supplier,,,Mara Distributors,Animal Feeds,Chicken Feed 10kg,7,801.48,0,0,0,801.48,5610.36,0,Purchase,0,0.0,5610.36,0,0,0,7,5610.36,,DK,0
TXN-01694,2026-04-10,EXPENSE,EXP-2604-1694,Rongai Home & Agro Supplies,Kiserian,Back Office,,,,,,0,0,0,0,0,0,0,0,Miscellaneous,4505.94,0,4505.94,0,0,0,0,0,Cash,AM,0
TXN-01050,2025-10-20,SALE,INV-2510-1050,Rongai Home & Agro Supplies,Ongata Rongai,WhatsApp,Retail,CUS-1114,,Paints,Paint Brush 4in,2,191.56,0.05,383.12,363.96,94.05,188.1,175.86,,0,363.96,0,363.96,-0.0,0,-2,-188.1,,JK,0
TXN-00126,2025-02-05,EXPENSE,EXP-2502-0126,Rongai Home & Agro Supplies,Kiserian,Back Office,,,,,,0,0,0,0,0,0,0,0,Electricity,12362,0,12362,0,0,0,0,0,Cash,CN,0
TXN-00491,2025-05-15,SALE,INV-2505-0491,Rongai Home & Agro Supplies,Ongata Rongai,Phone Order,Farmer,CUS-1163,,Agro Inputs,Maize Seed 2kg,3,616.01,0,1848.03,1848.03,430.65,1291.95,556.08,,0,1848.03,0,1848.03,-0.0,0,-3,-1291.95,,AM,0
TXN-00284,2025-03-24,EXPENSE,EXP-2503-0284,Rongai Home & Agro Supplies,Kiserian,Back Office,,,,,,0,0,0,0,0,0,0,0,Marketing,10794,0,10794,0,0,0,0,0,Bank Transfer,DK,0
TXN-01403,2026-01-20,SALE,INV-2601-1403,Rongai Home & Agro Supplies,Kiserian,WhatsApp,Retail,CUS-1166,,Hardware,Spade Steel,1,1219.39,0.03,1219.39,1182.81,824.43,824.43,358.38,,0,1182.81,0,1182.81,-0.0,0,-1,-824.43,,JK,0
TXN-00805,2025-08-15,PURCHASE,GRN-2508-0805,Rongai Home & Agro Supplies,Kiserian,Supplier,,,AgroLink Kenya,Paints,20L Emulsion Paint,7,3968.88,0,0,0,3968.88,27782.16,0,Purchase,0,13891.08,13891.08,0,0,0,7,27782.16,,DK,0
TXN-02038,2026-07-21,SALE,INV-2607-2038,Rongai Home & Agro Supplies,Kiserian,WhatsApp,Retail,CUS-1154,,Animal Feeds,Mineral Lick 2kg,1,587.5,0.02,587.5,575.75,430.99,430.99,144.76,,0,575.75,0,575.75,-0.0,0,-1,-430.99,,BM,0
TXN-01846,2026-05-23,EXPENSE,EXP-2605-1846,Rongai Home & Agro Supplies,,Back Office,,,,,,0,0,0,0,0,0,0,0,Repairs,19598.08,0,19598.08,0,0,0,0,0,M-PESA,BM,0
TXN-00500,18/05/2025,SALE,INV-2505-0500,Rongai Home & Agro Supplies,Ongata Rongai,Phone Order,Farmer,CUS-1138,,Building Materials,Galvanized Roofing Sheet 3m,7,1143.42,0.03,8003.94,7763.82,920.36,6442.52,1321.3,,0,7763.82,0,7763.82,-0.0,0,-7,-6442.52,,AM,0
TXN-01176,2025-11-22,SALE,INV-2511-1176,Rongai Home & Agro Supplies,Kiserian,WhatsApp,Retail,CUS-1072,,Plumbing,20mm PVC Pipe 6m,1,833.83,0.08,833.83,767.12,598.78,598.78,168.34,,0,767.12,0,767.12,-0.0,0,-1,-598.78,,AM,0
TXN-00939,2025-09-21,EXPENSE,EXP-2509-0939,Rongai Home & Agro Supplies,Ongata Rongai,Back Office,,,,,,0,0,0,0,0,0,0,0,Electricity,13948,0,13948,0,0,0,0,0,Cash,AM,0
TXN-01150,2025-11-16,EXPENSE,EXP-2511-1150,Rongai Home & Agro Supplies,Ongata Rongai,Back Office,,,,,,0,0,0,0,0,0,0,0,Security,7142,0,7142,0,0,0,0,0,Cash,CN,0
TXN-00127,2025-02-05,CUSTOMER_PAYMENT,RCPT-2502-0127,Rongai Home & Agro Supplies,Ongata Rongai,Collections,Contractor,CUS-1029,,,,0,0,0,0,0,0,0,0,Customer Collection,0,14518.0,0,14518.0,14518.0,0,0,0,Mpesa,CN,0
TXN-01943,2026-06-23,SALE,INV-2606-1943,Rongai Home & Agro Supplies,Kiserian,Walk-in,Retail,CUS-1116,,Agro Inputs,Maize Seed 2kg,1,588.46,0.02,588.46,576.69,500.39,500.39,76.3,,0,576.69,0,576.69,-0.0,0,-1,-500.39,,ER,0
TXN-02100,2026-08-06,SALE,INV-2608-2100,Rongai Home & Agro Supplies,Kiserian,Walk-in,Retail,CUS-1100,,Building Materials,Damp Proof Course 20m,1,1324.94,0.01,1324.94,1311.69,962.82,962.82,348.87,,0,1311.69,0,1311.69,-0.0,0,-1,-962.82,,BM,0
TXN-00683,2025-07-12,SALE,INV-2507-0683,Rongai Home & Agro Supplies,Kiserian,Walk-in,Retail,CUS-1066,,Electrical,Switch 1 Gang,2,265.03,0.08,530.06,487.66,141.88,283.76,203.9,,0,487.66,0,487.66,-0.0,0,-2,-283.76,,DK,0
TXN-00134,2025-02-07,SALE,INV-2502-0134,Rongai Home & Agro Supplies,Kiserian,Walk-in,Contractor,CUS-1167,,Agro Inputs,Knapsack Sprayer 20L,13,4914.73,0.0497,63891.49,60716.08,3206.12,41679.56,19036.52,,0,30358.04,0,30358.04,-30358.04,0,-13,-41679.56,,BM,0
TXN-01107,11/03/2025,SALE,INV-2511-1107,Rongai Home & Agro Supplies,Kiserian,Walk-in,Reseller,CUS-1064,,Agro Inputs,CAN Fertilizer 50kg,11,5291.98,0.0461,58211.78,55528.22,3902.1,42923.1,12605.12,,0,55528.22,0,55528.22,-0.0,0,-11,-42923.1,,BM,0
TXN-01870,2026-06-01,SALE,INV-2606-1870,Rongai Home & Agro Supplies,Ongata Rongai,Phone Order,Farmer,CUS-1162,,Electrical,LED Bulb 12W,3,299.54,0.05,898.62,853.69,169.18,507.54,346.15,,0,853.69,0,853.69,-0.0,0,-3,-507.54,,JK,0
TXN-01214,2025-12-03,REFUND,REF-2512-1214,Rongai Home & Agro Supplies,Ongata Rongai,Counter,Retail,CUS-1089,,Building Materials,Cement 50kg,-1,821.87,0,0,663.66,669.62,0,-663.66,Customer Refund,663.66,0,663.66,0,0,663.66,0,0,refund,BM,0
TXN-01819,2026-05-15,SALE,INV-2605-1819,Rongai Home & Agro Supplies,Ongata Rongai,Phone Order,Farmer,CUS-1142,,Agro Inputs,DAP Fertilizer 50kg,1,5540.83,0,5540.83,5540.83,4621.93,4621.93,918.9,,0,5540.83,0,5540.83,-0.0,0,-1,-4621.93,,BM,0
TXN-00327,2025-04-03,SALE,INV-2504-0327,Rongai Home & Agro Supplies,Kiserian,Walk-in,Contractor,,,Building Materials,Cement 50kg,14,747.6,0.0449,10466.4,9996.46,671.16,9396.24,600.22,,0,2499.11,0,2499.11,-7497.35,0,-14,-9396.24,,BM,0
TXN-01367,2026-01-09,SALE,INV-2601-1367,Rongai Home & Agro Supplies,Ongata Rongai,M-Pesa Till,Farmer,CUS-1040,,Building Materials,Galvanized Roofing Sheet 3m,1,1211.15,0.05,1211.15,1150.59,973.71,973.71,176.88,,0,1150.59,0,1150.59,-0.0,0,-1,-973.71,,AM,1
TXN-00701,2025-07-17,EXPENSE,EXP-2507-0701,Rongai Home & Agro Supplies,Kiserian,Back Office,,,,,,0,0,0,0,0,0,0,0,Rent,52000,0,52000,0,0,0,0,0,M-PESA,AM,0
TXN-00409,2025-04-23,SALE,INV-2504-0409,Rongai Home & Agro Supplies,Kiserian,Walk-in,Retail,CUS-1078,,Plumbing,25mm PVC Pipe 6m,3,1028.88,0.02,3086.64,3024.91,747.05,2241.15,783.76,,0,3024.91,0,3024.91,-0.0,0,-3,-2241.15,,CN,0
TXN-02234,2025-06-24,SUPPLIER_PAYMENT,SP-2506-2234,Rongai Home & Agro Supplies,Kiserian,Supplier,,,Eastlands Hardware Wholesalers,,,0,0,0,0,0,0,0,0,Supplier Payment,0,0,58408.0,0,0,0,0,0,Cash,AM,0
TXN-02196,30/06/2026,STOCK_ADJUSTMENT,ADJ-2606-2196,Rongai Home & Agro Supplies,Ongata Rongai,Stock Count,,,,Hardware,Panga,5,0,0,0,0,0,0,0,Stock Adjustment,0,0,0,0,0,0,5,2800,Manual count variance,CN,0
TXN-00484,2025-05-13,SALE,INV-2505-0484,Rongai Home & Agro Supplies,Ongata Rongai,Phone Order,,CUS-1173,,Electrical,Socket 13A,1,376.26,0.02,376.26,368.73,227.49,227.49,141.24,,0,368.73,0,368.73,-0.0,0,-1,-227.49,,AM,0
TXN-01053,2025-10-21,SALE,INV-2510-1053,Rongai Home & Agro Supplies,Kiserian,M-Pesa Till,Retail,CUS-1042,,Plumbing,PVC Elbow 20mm,1,72.71,0,72.71,72.71,42.8,42.8,29.91,,0,72.71,0,72.71,-0.0,0,-1,-42.8,,ER,0
TXN-00290,2025-03-26,SALE,INV-2503-0290,Rongai Home & Agro Supplies,Kiserian,M-Pesa Till,Contractor,CUS-1099,,Agro Inputs,DAP Fertilizer 50kg,6,5812.97,0.0401,34877.82,33479.22,4295.14,25770.84,7708.38,,0,33479.22,0,33479.22,-0.0,0,-6,-25770.84,,DK,0
TXN-01378,2026-01-13,SALE,INV-2601-1378,Rongai Home & Agro Supplies,Ongata Rongai,M-Pesa Till,Retail,CUS-1164,,Plumbing,PVC Tee 20mm,2,84.51,0.02,169.02,165.64,50.75,101.5,64.14,,0,165.64,0,165.64,-0.0,0,-2,-101.5,,DK,0
TXN-01307,2025-12-25,SALE,INV-2512-1307,Rongai Home & Agro Supplies,Kiserian,Walk-in,Contractor,CUS-1139,,Paints,Paint Brush 4in,13,170.1,0.0524,2211.3,2095.43,94.04,1222.52,872.91,,0,2095.43,0,2095.43,-0.0,0,-13,-1222.52,,JK,0
TXN-00342,2025-04-07,SALE,INV-2504-0342,Rongai Home & Agro Supplies,Kiserian,M-Pesa Till,Retail,CUS-1047,,Plumbing,PVC Elbow 20mm,2,72.6,0,145.2,145.2,41.84,83.68,61.52,,0,145.2,0,145.2,-0.0,0,-2,-83.68,,ER,0
TXN-01878,2026-06-02,SALE,INV-2606-1878,Rongai Home & Agro Supplies,Ongata Rongai,Walk-in,Retail,CUS-1031,,Hardware,Padlock 50mm,2,713.26,0.05,1426.52,1355.19,460.82,921.64,433.55,,0,1355.19,0,1355.19,-0.0,0,-2,-921.64,,ER,0
TXN-00711,2025-07-21,SALE,INV-2507-0711,Rongai Home & Agro Supplies,Ongata Rongai,WhatsApp,Institution,CUS-1114,,Plumbing,20mm PVC Pipe 6m,11,788.99,0.0234,8678.89,8475.8,588.53,6473.83,2001.97,,0,0.0,0,0.0,-8475.8,0,-11,-6473.83,,JK,0
TXN-01003,2025-10-07,EXPENSE,EXP-2510-1003,Rongai Home & Agro Supplies,Ongata Rongai,Back Office,,,,,,0,0,0,0,0,0,0,0,Bank Charges,2960,0,2960,0,0,0,0,0,Cash,CN,0
TXN-00910,2025-09-13,SALE,INV-2509-0910,Rongai Home & Agro Supplies,Ongata Rongai,M-Pesa Till,Farmer,CUS-1071,,Electrical,Socket 13A,4,399.73,0.05,1598.92,1518.97,218.95,875.8,643.17,,0,1518.97,0,1518.97,-0.0,0,-4,-875.8,,ER,0
TXN-01880,2026-06-03,SALE,INV-2606-1880,Rongai Home & Agro Supplies,Ongata Rongai,M-Pesa Till,Retail,CUS-1151,,Electrical,LED Bulb 12W,1,287.03,0.03,287.03,278.42,175.41,175.41,103.01,,0,278.42,0,278.42,-0.0,0,-1,-175.41,,ER,0
TXN-00580,2025-06-12,SALE,INV-2506-0580,Rongai Home & Agro Supplies,Kiserian,M-Pesa Till,Contractor,CUS-1134,,Plumbing,PVC Elbow 20mm,11,73.84,0.0435,812.24,776.91,44.96,494.56,282.35,,0,776.91,0,776.91,-0.0,0,-11,-494.56,,ER,0
TXN-01437,2026-01-30,SALE,INV-2601-1437,Rongai Home & Agro Supplies,Ongata Rongai,M-Pesa Till,Retail,CUS-1002,,Animal Feeds,Chicken Feed 10kg,2,927.26,0,1854.52,1854.52,832.7,1665.4,189.12,,0,1854.52,0,1854.52,-0.0,0,-2,-1665.4,,JK,0
TXN-00447,2025-05-02,SALE,INV-2505-0447,Rongai Home & Agro Supplies,Kiserian,Credit Customer,Institution,CUS-1171,,Household,Jerrycan 20L,7,792.77,0.0521,5549.39,5260.27,510.93,3576.51,1683.76,,0,2630.14,0,2630.14,-2630.13,0,-7,-3576.51,,DK,0
TXN-00165,2025-02-16,SALE,INV-2502-0165,Rongai Home & Agro Supplies,Ongata Rongai,M-Pesa Till,Farmer,CUS-1025,,Electrical,Socket 13A,1,395.68,0.02,395.68,387.77,219.95,219.95,167.82,,0,387.77,0,387.77,-0.0,0,-1,-219.95,,ER,0
TXN-01872,2026-06-01,SALE,INV-2606-1872,Rongai Home & Agro Supplies,Kiserian,WhatsApp,Retail,CUS-1185,,Hardware,Panga,1,996.8,0,996.8,996.8,601.99,601.99,394.81,,0,996.8,0,996.8,-0.0,0,-1,-601.99,,JK,0
TXN-01494,17-02-2026,SALE,INV-2602-1494,Rongai Home & Agro Supplies,Kiserian,Walk-in,Institution,CUS-1003,,Paints,Paint Brush 4in,7,192.12,0.0553,1344.84,1270.47,100.93,706.51,563.96,,0,317.62,0,317.62,-952.85,0,-7,-706.51,,DK,0
TXN-00356,2025-04-10,SALE,INV-2504-0356,Rongai Home & Agro Supplies,Ongata Rongai,WhatsApp,Retail,CUS-1068,,Animal Feeds,Dairy Meal 25kg,1,2395.68,0.01,2395.68,2371.72,2040.67,2040.67,331.05,,0,2371.72,0,2371.72,-0.0,0,-1,-2040.67,,ER,0
TXN-00497,2025-05-16,EXPENSE,EXP-2505-0497,Rongai Home & Agro Supplies,Ongata Rongai,Back Office,,,,,,0,0,0,0,0,0,0,0,Staff Salaries,80550,0,80550,0,0,0,0,0,Bank Transfer,CN,0
TXN-01083,2025-10-29,SALE,INV-2510-1083,Rongai Home & Agro Supplies,Ongata Rongai,Phone Order,Retail,CUS-1107,,Electrical,LED Bulb 12W,1,297.24,0.01,297.24,294.27,156.23,156.23,138.04,,0,294.27,0,294.27,-0.0,0,-1,-156.23,,ER,0
TXN-02015,2026-07-14,SALE,INV-2607-2015,Rongai Home & Agro Supplies,Kiserian,Walk-in,Contractor,CUS-1142,,Building Materials,Galvanized Roofing Sheet 3m,10,1176.56,0.0438,11765.6,11250.27,978.35,9783.5,1466.77,,0,11250.27,0,11250.27,-0.0,0,-10,-9783.5,,CN,0
TXN-02225,2025-06-16,SUPPLIER_PAYMENT,SP-2506-2225,Rongai Home & Agro Supplies,Ongata Rongai,Supplier,,,Mara Distributors,,,0,0,0,0,0,0,0,0,Supplier Payment,0,0,24771.0,0,0,0,0,0,M-PESA,CN,0
TXN-00973,2025-09-30,SALE,INV-2509-0973,Rongai Home & Agro Supplies,Ongata Rongai,Phone Order,Reseller,CUS-1131,,Paints,Paint Brush 4in,9,179.05,0.0719,1611.45,1495.59,99.36,894.24,601.35,,0,373.9,0,373.9,-1121.69,0,-9,-894.24,,AM,0
TXN-01784,2026-05-04,SALE,INV-2605-1784,Rongai Home & Agro Supplies,Kiserian,Walk-in,Retail,CUS-1023,,Paints,20L Emulsion Paint,4,5078.02,0.01,20312.08,20108.96,4261.29,17045.16,3063.8,,0,20108.96,0,20108.96,-0.0,0,-4,-17045.16,,BM,0
TXN-00854,2025-08-29,SALE,INV-2508-0854,Rongai Home & Agro Supplies,Ongata Rongai,M-Pesa Till,Institution,CUS-1071,,Building Materials,Cement 50kg,14,778.59,0.0212,10900.26,10669.17,663.4,9287.6,1381.57,,0,10669.17,0,10669.17,-0.0,0,-14,-9287.6,,BM,0
TXN-01544,2026-03-02,PURCHASE,GRN-2603-1544,Rongai Home & Agro Supplies,Kiserian,Supplier,,,Rift Valley Cement Depot,Electrical,Socket 13A,13,222.63,0,0,0,222.63,2894.19,0,Purchase,0,2170.64,723.55,0,0,0,13,2894.19,,ER,0
TXN-00278,2025-03-22,SALE,INV-2503-0278,Rongai Home & Agro Supplies,Kiserian,WhatsApp,Contractor,CUS-1057,,Electrical,LED Bulb 12W,11,299.32,0.0339,3292.52,3180.9,156.05,1716.55,1464.35,,0,3180.9,0,3180.9,-0.0,0,-11,-1716.55,,ER,0
TXN-01104,2025-11-03,SALE,INV-2511-1104,Rongai Home & Agro Supplies,Ongata Rongai,WhatsApp,Retail,CUS-1054,,Electrical,Electrical Cable 1.5mm 90m,1,8173.11,0.01,8173.11,8091.38,6114.6,6114.6,1976.78,,0,8091.38,0,8091.38,-0.0,0,-1,-6114.6,,JK,0
TXN-00120,2025-02-04,SALE,INV-2502-0120,Rongai Home & Agro Supplies,Ongata Rongai,Walk-in,Retail,CUS-1077,,Plumbing,25mm PVC Pipe 6m,1,1005.74,0.02,1005.74,985.63,790.05,790.05,195.58,,0,985.63,0,985.63,-0.0,0,-1,-790.05,,ER,0
TXN-02206,2026-04-15,SUPPLIER_PAYMENT,SP-2604-2206,Rongai Home & Agro Supplies,Ongata Rongai,Supplier,,,Eastlands Hardware Wholesalers,,,0,0,0,0,0,0,0,0,Supplier Payment,0,0,25294.0,0,0,0,0,0,Cash,CN,0
TXN-01647,2026-03-28,SALE,INV-2603-1647,Rongai Home & Agro Supplies,Kiserian,WhatsApp,Retail,CUS-1096,,Plumbing,PVC Tee 20mm,1,80.19,0.03,80.19,77.78,50.53,50.53,27.25,,0,77.78,0,77.78,-0.0,0,-1,-50.53,,BM,1
TXN-00816,2025-08-19,SALE,INV-2508-0816,Rongai Home & Agro Supplies,Ongata Rongai,Walk-in,Farmer,CUS-1017,,Building Materials,Cement 50kg,2,773.46,0.01,1546.92,1531.45,661.68,1323.36,208.09,,0,1531.45,0,1531.45,-0.0,0,-2,-1323.36,,DK,0
TXN-01234,2025-12-08,SALE,INV-2512-1234,Rongai Home & Agro Supplies,Ongata Rongai,WhatsApp,Farmer,CUS-1098,,Building Materials,Cement 50kg,6,781.45,0.01,4688.7,4641.81,643.05,3858.3,783.51,,0,4641.81,0,4641.81,-0.0,0,-6,-3858.3,,ER,0
TXN-01854,2026-05-27,SALE,INV-2605-1854,Rongai Home & Agro Supplies,Ongata Rongai,Walk-in,,CUS-1155,,Plumbing,PVC Elbow 20mm,2,79.23,0.05,158.46,150.54,46.77,93.54,57.0,,0,150.54,0,150.54,-0.0,0,-2,-93.54,,DK,0
TXN-00717,2025-07-22,SALE,INV-2507-0717,Rongai Home & Agro Supplies,Ongata Rongai,WhatsApp,Reseller,CUS-1061,,Agro Inputs,CAN Fertilizer 50kg,4,5378.79,0.0555,21515.16,20321.07,3823.31,15293.24,5027.83,,0,20321.07,0,20321.07,-0.0,0,-4,-15293.24,,ER,0
TXN-01677,2026-04-06,SALE,INV-2604-1677,Rongai Home & Agro Supplies,Ongata Rongai,M-Pesa Till,Contractor,CUS-1111,,Plumbing,PVC Elbow 20mm,6,79.31,0.0572,475.86,448.64,46.99,281.94,166.7,,0,0.0,0,0.0,-448.64,0,-6,-281.94,,AM,0
TXN-00742,2025-07-30,SALE,INV-2507-0742,Rongai Home & Agro Supplies,Kiserian,M-Pesa Till,Farmer,CUS-1104,,Agro Inputs,Knapsack Sprayer 20L,1,4641.97,0.03,4641.97,4502.71,3230.94,3230.94,1271.77,,0,4502.71,0,4502.71,-0.0,0,-1,-3230.94,,AM,0
TXN-01934,2026-06-19,PURCHASE,GRN-2606-1934,Rongai Home & Agro Supplies,Ongata Rongai,Supplier,,,Eastlands Hardware Wholesalers,Building Materials,Cement 50kg,65,736.13,0,0,0,736.13,47848.45,0,Purchase,0,35886.34,11962.11,0,0,0,65,47848.45,,ER,0
TXN-00946,2025-09-23,SALE,INV-2509-0946,Rongai Home & Agro Supplies,Ongata Rongai,Phone Order,Contractor,CUS-1017,,Paints,Paint Brush 4in,4,194.14,0.0653,776.56,725.85,95.16,380.64,345.21,,0,725.85,0,725.85,-0.0,0,-4,-380.64,,DK,0
TXN-00905,2025-09-11,EXPENSE,EXP-2509-0905,Rongai Home & Agro Supplies,Ongata Rongai,Back Office,,,,,,0,0,0,0,0,0,0,0,Repairs,13248,0,13248,0,0,0,0,0,M-PESA,JK,0
TXN-00737,2025-07-28,SALE,INV-2507-0737,Rongai Home & Agro Supplies,Kiserian,Phone Order,Retail,CUS-1086,,Animal Feeds,Chicken Feed 10kg,1,995.23,0,995.23,995.23,758.81,758.81,236.42,,0,995.23,0,995.23,-0.0,0,-1,-758.81,,JK,0
TXN-01177,2025-11-23,SALE,INV-2511-1177,Rongai Home & Agro Supplies,Kiserian,WhatsApp,Contractor,CUS-1114,,Plumbing,PVC Elbow 20mm,13,75.08,0.0422,976.04,934.85,44.41,577.33,357.52,,0,934.85,0,934.85,-0.0,0,-13,-577.33,,ER,0
TXN-00283,2025-03-24,SALE,INV-2503-0283,Rongai Home & Agro Supplies,Ongata Rongai,Walk-in,Retail,CUS-1051,,Hardware,Padlock 50mm,1,714.69,0.01,714.69,707.54,429.92,429.92,277.62,,0,707.54,0,707.54,-0.0,0,-1,-429.92,,CN,0
TXN-00662,2025-07-07,SALE,INV-2507-0662,Rongai Home & Agro Supplies,Kiserian,Phone Order,Contractor,CUS-1146,,Building Materials,Cement 50kg,8,765.93,0.0484,6127.44,5830.87,637.19,5097.52,733.35,,0,1457.72,0,1457.72,-4373.15,0,-8,-5097.52,,AM,0
TXN-01029,2025-10-14,SALE,INV-2510-1029,Rongai Home & Agro Supplies,Ongata Rongai,Walk-in,Contractor,CUS-1121,,Hardware,Hammer 16oz,11,881.28,0.0728,9694.08,8988.35,506.77,5574.47,3413.88,,0,3595.34,0,3595.34,-5393.01,0,-11,-5574.47,,AM,0
TXN-00600,2025-06-19,SALE,INV-2506-0600,Rongai Home & Agro Supplies,Ongata Rongai,Walk-in,Reseller,CUS-1171,,Agro Inputs,Knapsack Sprayer 20L,3,4897.28,0.0562,14691.84,13866.16,3236.12,9708.36,4157.8,,0,13866.16,0,13866.16,-0.0,0,-3,-9708.36,,BM,0
TXN-00472,2025-05-10,SALE,INV-2505-0472,Rongai Home & Agro Supplies,Kiserian,Phone Order,Retail,CUS-1078,,Building Materials,Damp Proof Course 20m,1,1216.56,0.02,1216.56,1192.23,885.75,885.75,306.48,,0,1192.23,0,1192.23,-0.0,0,-1,-885.75,,AM,0
TXN-01873,2026-06-01,SALE,INV-2606-1873,Rongai Home & Agro Supplies,Ongata Rongai,Phone Order,Contractor,CUS-1137,,Agro Inputs,CAN Fertilizer 50kg,5,5483.83,0.0881,27419.15,25003.52,4271.17,21355.85,3647.67,,0,25003.52,0,25003.52,-0.0,0,-5,-21355.85,,ER,0
TXN-00994,2025-10-04,CUSTOMER_PAYMENT,RCPT-2510-0994,Rongai Home & Agro Supplies,Ongata Rongai,Collections,Contractor,CUS-1045,,,,0,0,0,0,0,0,0,0,Customer Collection,0,21537.0,0,21537.0,21537.0,0,0,0,M-PESA,DK,0
TXN-01345,2026-01-04,SALE,INV-2601-1345,Rongai Home & Agro Supplies,Ongata Rongai,M-Pesa Till,Retail,CUS-1048,,Building Materials,Galvanized Roofing Sheet 3m,5,1237.72,0,6188.6,6188.6,970.42,4852.1,1336.5,,0,6188.6,0,6188.6,-0.0,0,-5,-4852.1,,AM,0
TXN-01714,2026-04-15,PURCHASE,GRN-2604-1714,Rongai Home & Agro Supplies,Ongata Rongai,Supplier,,,Nairobi Electrical Mart,Electrical,LED Bulb 12W,5,168.12,0,0,0,168.12,840.6,0,Purchase,0,0.0,840.6,0,0,0,5,840.6,,JK,0
TXN-00817,2025-08-19,SALE,INV-2508-0817,Rongai Home & Agro Supplies,Kiserian,WhatsApp,Contractor,CUS-1082,,Electrical,LED Bulb 12W,9,287.13,0.0369,2584.17,2488.81,162.68,1464.12,1024.69,,0,622.2,0,622.2,-1866.61,0,-9,-1464.12,,CN,0
TXN-01249,2025-12-11,SALE,INV-2512-1249,Rongai Home & Agro Supplies,Kiserian,WhatsApp,Retail,CUS-1154,,Paints,Gloss Paint 4L,1,2307.05,0.02,2307.05,2260.91,1709.87,1709.87,551.04,,0,2260.91,0,2260.91,-0.0,0,-1,-1709.87,,BM,0
TXN-02129,2026-08-14,PURCHASE,GRN-2608-2129,Rongai Home & Agro Supplies,Ongata Rongai,Supplier,,,Nairobi Electrical Mart,Building Materials,Cement 50kg,19,694.3,0,0,0,694.3,13191.7,0,Purchase,0,13191.7,0.0,0,0,0,19,13191.7,,BM,0
TXN-01508,2026-02-20,SALE,INV-2602-1508,Rongai Home & Agro Supplies,Ongata Rongai,Phone Order,Retail,CUS-1097,,Building Materials,Cement 50kg,11,763.3,0.02,8396.3,8228.37,691.49,7606.39,621.98,,0,8228.37,0,8228.37,-0.0,0,-11,-7606.39,,CN,0
TXN-01126,2025-11-08,SALE,INV-2511-1126,Rongai Home & Agro Supplies,Ongata Rongai,M-Pesa Till,Farmer,CUS-1008,,Agro Inputs,CAN Fertilizer 50kg,1,5311.89,0.01,5311.89,5258.77,4074.98,4074.98,1183.79,,0,5258.77,0,5258.77,-0.0,0,-1,-4074.98,,DK,0
TXN-00691,2025-07-15,SALE,INV-2507-0691,Rongai Home & Agro Supplies,Ongata Rongai,WhatsApp,Farmer,CUS-1033,,Agro Inputs,CAN Fertilizer 50kg,2,4864.56,0.08,9729.12,8950.79,3884.15,7768.3,1182.49,,0,8950.79,0,8950.79,-0.0,0,-2,-7768.3,,AM,0
TXN-01899,2026-06-08,CUSTOMER_PAYMENT,RCPT-2606-1899,Rongai Home & Agro Supplies,Kiserian,Collections,Contractor,CUS-1014,,,,0,0,0,0,0,0,0,0,Customer Collection,0,16360.0,0,16360.0,16360.0,0,0,0,Bank Transfer,AM,0
TXN-01076,2025-10-27,SALE,INV-2510-1076,Rongai Home & Agro Supplies,Kiserian,M-Pesa Till,Retail,CUS-1051,,Electrical,Electrical Cable 1.5mm 90m,2,8191.42,0.01,16382.84,16219.01,6165.6,12331.2,3887.81,,0,16219.01,0,16219.01,-0.0,0,-2,-12331.2,,ER,0
TXN-00406,2025-04-23,SALE,INV-2504-0406,Rongai Home & Agro Supplies,Kiserian,WhatsApp,Farmer,CUS-1142,,Plumbing,PVC Elbow 20mm,1,77.18,0,77.18,77.18,42.52,42.52,34.66,,0,77.18,0,77.18,-0.0,0,-1,-42.52,,JK,0
TXN-00956,2025-09-25,SALE,INV-2509-0956,Rongai Home & Agro Supplies,Kiserian,M-Pesa Till,Retail,CUS-1108,,Building Materials,Binding Wire 25kg,1,4340.13,0,4340.13,4340.13,3376.35,3376.35,963.78,,0,4340.13,0,4340.13,-0.0,0,-1,-3376.35,,AM,0
TXN-00989,2025-10-03,EXPENSE,EXP-2510-0989,Rongai Home & Agro Supplies,Kiserian,Back Office,,,,,,0,0,0,0,0,0,0,0,Transport,6378,0,6378,0,0,0,0,0,M-PESA,BM,0
TXN-02117,2026-08-12,SALE,INV-2608-2117,Rongai Home & Agro Supplies,Ongata Rongai,Walk-in,Retail,CUS-1073,,Building Materials,Damp Proof Course 20m,1,1345.25,0.03,1345.25,1304.89,943.38,943.38,361.51,,0,1304.89,0,1304.89,-0.0,0,-1,-943.38,,BM,0
TXN-00603,2025-06-19,REFUND,REF-2506-0603,Rongai Home & Agro Supplies,Kiserian,Counter,Farmer,CUS-1005,,Animal Feeds,Chicken Feed 10kg,-1,921.35,0,0,769.14,760.51,0,-769.14,Customer Refund,769.14,0,769.14,0,0,769.14,0,0,refund,DK,0
TXN-00280,2025-03-22,SALE,INV-2503-0280,Rongai Home & Agro Supplies,Kiserian,M-Pesa Till,Contractor,CUS-1031,,Plumbing,PVC Elbow 20mm,14,79.51,0.0729,1113.14,1031.99,44.78,626.92,405.07,,0,1031.99,0,1031.99,-0.0,0,-14,-626.92,,ER,0
TXN-00774,2025-08-07,SALE,INV-2508-0774,Rongai Home & Agro Supplies,Kiserian,WhatsApp,Retail,CUS-1049,,Electrical,LED Bulb 12W,9,280.84,0.01,2527.56,2502.28,159.12,1432.08,1070.2,,0,2502.28,0,2502.28,-0.0,0,-9,-1432.08,,AM,0
TXN-02261,2025-03-17,SUPPLIER_PAYMENT,SP-2503-2261,Rongai Home & Agro Supplies,Ongata Rongai,Supplier,,,Eastlands Hardware Wholesalers,,,0,0,0,0,0,0,0,0,Supplier Payment,0,0,53942.0,0,0,0,0,0,M-PESA,ER,0
TXN-02058,2026-07-26,EXPENSE,EXP-2607-2058,Rongai Home & Agro Supplies,Kiserian,Back Office,,,,,,0,0,0,0,0,0,0,0,Transport,2916.48,0,2916.48,0,0,0,0,0,Bank Transfer,AM,0
TXN-00728,2025-07-25,SALE,INV-2507-0728,Rongai Home & Agro Supplies,Kiserian,M-Pesa Till,Retail,CUS-1052,,Agro Inputs,Maize Seed 2kg,10,596.6,0.08,5966.0,5488.72,452.56,4525.6,963.12,,0,5488.72,0,5488.72,-0.0,0,-10,-4525.6,,DK,0
TXN-01469,2026-02-08,EXPENSE,EXP-2602-1469,Rongai Home & Agro Supplies,Kiserian,Back Office,,,,,,0,0,0,0,0,0,0,0,Miscellaneous,6563,0,6563,0,0,0,0,0,M-PESA,BM,0
TXN-01377,2026-01-13,SALE,INV-2601-1377,Rongai Home & Agro Supplies,Kiserian,Walk-in,Farmer,CUS-1057,,Hardware,Padlock 50mm,1,692.69,0.05,692.69,658.06,451.16,451.16,206.9,,0,658.06,0,658.06,-0.0,0,-1,-451.16,,DK,0
TXN-00633,28/06/2025,SALE,INV-2506-0633,Rongai Home & Agro Supplies,Ongata Rongai,Walk-in,Retail,CUS-1072,,Building Materials,Cement 50kg,4,793.23,0.03,3172.92,3077.73,643.66,2574.64,503.09,,0,3077.73,0,3077.73,-0.0,0,-4,-2574.64,,JK,0
TXN-01920,2026-06-15,SALE,INV-2606-1920,Rongai Home & Agro Supplies,Ongata Rongai,Walk-in,Contractor,CUS-1013,,Plumbing,PVC Elbow 20mm,10,76.3,0.1001,763.0,686.62,47.88,478.8,207.82,,0,0.0,0,0.0,-686.62,0,-10,-478.8,,DK,0
TXN-01983,2026-07-04,SALE,INV-2607-1983,Rongai Home & Agro Supplies,Kiserian,Phone Order,Retail,CUS-1100,,Paints,Paint Brush 4in,1,178.43,0,178.43,178.43,107.92,107.92,70.51,,0,178.43,0,178.43,-0.0,0,-1,-107.92,,ER,0
TXN-00559,06/05/2025,SALE,INV-2506-0559,Rongai Home & Agro Supplies,Kiserian,Phone Order,Retail,CUS-1048,,Paints,20L Emulsion Paint,2,5066.77,0,10133.54,10133.54,3934.38,7868.76,2264.78,,0,10133.54,0,10133.54,-0.0,0,-2,-7868.76,,DK,0
TXN-00158,2025-02-14,SALE,INV-2502-0158,Rongai Home & Agro Supplies,Ongata Rongai,WhatsApp,Farmer,CUS-1097,,Agro Inputs,Maize Seed 2kg,1,661.19,0.08,661.19,608.29,432.53,432.53,175.76,,0,608.29,0,608.29,-0.0,0,-1,-432.53,,AM,0
TXN-02019,15/07/2026,SALE,INV-2607-2019,Rongai Home & Agro Supplies,Kiserian,Walk-in,Retail,CUS-1121,,Hardware,Padlock 50mm,1,652.01,0,652.01,652.01,454.46,454.46,197.55,,0,652.01,0,652.01,-0.0,0,-1,-454.46,,ER,0
TXN-01492,2026-02-16,SALE,INV-2602-1492,Rongai Home & Agro Supplies,Kiserian,Walk-in,Contractor,CUS-1181,,Plumbing,PVC Elbow 20mm,3,76.57,0.0644,229.71,214.92,47.23,141.69,73.23,,0,107.46,0,107.46,-107.46,0,-3,-141.69,,CN,0
TXN-01730,2026-04-20,SALE,INV-2604-1730,Rongai Home & Agro Supplies,Kiserian,WhatsApp,Retail,CUS-1154,,Hardware,Padlock 50mm,1,726.68,0.08,726.68,668.55,473.29,473.29,195.26,,0,668.55,0,668.55,-0.0,0,-1,-473.29,,DK,0
TXN-00160,2025-02-14,PURCHASE,GRN-2502-0160,Rongai Home & Agro Supplies,Kiserian,Supplier,,,Mara Distributors,Electrical,LED Bulb 12W,22,151.96,0,0,0,151.96,3343.12,0,Purchase,0,1671.56,1671.56,0,0,0,22,3343.12,,CN,0
TXN-01139,2025-11-13,SALE,INV-2511-1139,Rongai Home & Agro Supplies,Ongata Rongai,Phone Order,Contractor,CUS-1047,,Building Materials,Galvanized Roofing Sheet 3m,5,1243.42,0.0341,6217.1,6005.1,863.79,4318.95,1686.15,,0,0.0,0,0.0,-6005.1,0,-5,-4318.95,,CN,0
TXN-00164,2025-02-15,CUSTOMER_PAYMENT,RCPT-2502-0164,Rongai Home & Agro Supplies,Ongata Rongai,Collections,Contractor,CUS-1069,,,,0,0,0,0,0,0,0,0,Customer Collection,0,7639.0,0,7639.0,7639.0,0,0,0,Bank Transfer,BM,0
TXN-01660,2026-04-01,SALE,INV-2604-1660,Rongai Home & Agro Supplies,Ongata Rongai,Credit Customer,Reseller,CUS-1145,,Plumbing,PVC Tee 20mm,10,83.5,0.0298,835.0,810.12,52.36,523.6,286.52,,0,324.05,0,324.05,-486.07,0,-10,-523.6,,ER,0
TXN-02022,2026-07-15,EXPENSE,EXP-2607-2022,Rongai Home & Agro Supplies,Kiserian,Back Office,,,,,,0,0,0,0,0,0,0,0,Rent,56110.41,0,56110.41,0,0,0,0,0,Cash,BM,0
TXN-01255,2025-12-13,SALE,INV-2512-1255,Rongai Home & Agro Supplies,Kiserian,WhatsApp,Retail,CUS-1016,,Building Materials,Cement 50kg,13,819.38,0.02,10651.94,10438.9,639.9,8318.7,2120.2,,0,10438.9,0,10438.9,-0.0,0,-13,-8318.7,,AM,0
TXN-01293,2025-12-22,SALE,INV-2512-1293,Rongai Home & Agro Supplies,Kiserian,WhatsApp,Retail,CUS-1016,,Electrical,Switch 1 Gang,1,249.51,0,249.51,249.51,144.53,144.53,104.98,,0,249.51,0,249.51,-0.0,0,-1,-144.53,,CN,0
TXN-01495,2026-02-17,SALE,INV-2602-1495,Rongai Home & Agro Supplies,Ongata Rongai,M-Pesa Till,Retail,CUS-1057,,Building Materials,Cement 50kg,10,768.15,0.02,7681.5,7527.87,681.17,6811.7,716.17,,0,7527.87,0,7527.87,-0.0,0,-10,-6811.7,,ER,0
TXN-00482,2025-05-13,SALE,INV-2505-0482,Rongai Home & Agro Supplies,Kiserian,M-Pesa Till,Retail,CUS-1165,,Plumbing,PVC Tee 20mm,6,84.66,0,507.96,507.96,46.77,280.62,227.34,,0,507.96,0,507.96,-0.0,0,-6,-280.62,,DK,0
TXN-01537,2026-02-28,SALE,INV-2602-1537,Rongai Home & Agro Supplies,Ongata Rongai,M-Pesa Till,Institution,CUS-1007,,Plumbing,25mm PVC Pipe 6m,14,995.89,0.0275,13942.46,13559.04,802.57,11235.98,2323.06,,0,5423.62,0,5423.62,-8135.42,0,-14,-11235.98,,CN,0
TXN-01608,2026-03-19,SALE,INV-2603-1608,Rongai Home & Agro Supplies,Ongata Rongai,,Contractor,CUS-1039,,Building Materials,Cement 50kg,6,818.12,0.0374,4908.72,4725.13,704.06,4224.36,500.77,,0,4725.13,0,4725.13,-0.0,0,-6,-4224.36,,JK,0
TXN-00760,2025-08-04,PURCHASE,GRN-2508-0760,Rongai Home & Agro Supplies,Ongata Rongai,Supplier,,,Nairobi Electrical Mart,Plumbing,25mm PVC Pipe 6m,16,754.52,0,0,0,754.52,12072.32,0,Purchase,0,6036.16,6036.16,0,0,0,16,12072.32,,ER,0
TXN-00033,2025-01-09,SALE,INV-2501-0033,Rongai Home & Agro Supplies,Ongata Rongai,Phone Order,Contractor,CUS-1043,,Plumbing,PVC Tee 20mm,11,84.1,0.0382,925.1,889.76,48.87,537.57,352.19,,0,889.76,0,889.76,-0.0,0,-11,-537.57,,BM,0
TXN-00032,2025-01-09,SALE,INV-2501-0032,Rongai Home & Agro Supplies,Kiserian,Walk-in,Retail,CUS-1025,,Plumbing,PVC Tee 20mm,1,88.36,0.08,88.36,81.29,50.14,50.14,31.15,,0,81.29,0,81.29,-0.0,0,-1,-50.14,,ER,0
TXN-00298,2025-03-28,SALE,INV-2503-0298,Rongai Home & Agro Supplies,Kiserian,Phone Order,Contractor,CUS-1115,,Building Materials,Cement 50kg,14,822.24,0.0446,11511.36,10997.95,656.34,9188.76,1809.19,,0,5498.98,0,5498.98,-5498.97,0,-14,-9188.76,,AM,0
TXN-00557,2025-06-05,SALE,INV-2506-0557,Rongai Home & Agro Supplies,Kiserian,Walk-in,Contractor,CUS-1030,,Plumbing,20mm PVC Pipe 6m,10,788.95,0.0767,7889.5,7284.38,605.95,6059.5,1224.88,,0,0.0,0,0.0,-7284.38,0,-10,-6059.5,,CN,0
TXN-00574,2025-06-11,SALE,INV-2506-0574,Rongai Home & Agro Supplies,Ongata Rongai,M-Pesa Till,Retail,CUS-1009,,Agro Inputs,Maize Seed 2kg,5,609.29,0.05,3046.45,2894.13,451.45,2257.25,636.88,,0,2894.13,0,2894.13,-0.0,0,-5,-2257.25,,CN,0
TXN-00161,2025-02-14,EXPENSE,EXP-2502-0161,Rongai Home & Agro Supplies,Ongata Rongai,Back Office,,,,,,0,0,0,0,0,0,0,0,Miscellaneous,3876,0,3876,0,0,0,0,0,Bank Transfer,AM,0
TXN-01839,2026-05-21,SALE,INV-2605-1839,Rongai Home & Agro Supplies,Kiserian,Phone Order,Farmer,CUS-1112,,Building Materials,2x2 Timber 12ft,1,507.63,0,507.63,507.63,420.65,420.65,86.98,,0,507.63,0,507.63,-0.0,0,-1,-420.65,,ER,0
TXN-01158,2025-11-19,SALE,INV-2511-1158,Rongai Home & Agro Supplies,Ongata Rongai,M-Pesa Till,Farmer,CUS-1005,,Building Materials,Damp Proof Course 20m,1,1229.02,0.05,1229.02,1167.57,890.12,890.12,277.45,,0,1167.57,0,1167.57,-0.0,0,-1,-890.12,,DK,0
TXN-01283,2025-12-19,PURCHASE,GRN-2512-1283,Rongai Home & Agro Supplies,Kiserian,Supplier,,,Mara Distributors,Paints,20L Emulsion Paint,3,3840.88,0,0,0,3840.88,11522.64,0,Purchase,0,0.0,11522.64,0,0,0,3,11522.64,,CN,0
TXN-00295,2025-03-27,SALE,INV-2503-0295,Rongai Home & Agro Supplies,Ongata Rongai,M-Pesa Till,Retail,CUS-1182,,Household,Jerrycan 20L,2,826.64,0.01,1653.28,1636.75,511.96,1023.92,612.83,,0,1636.75,0,1636.75,-0.0,0,-2,-1023.92,,CN,0
TXN-00115,2025-02-03,SALE,INV-2502-0115,Rongai Home & Agro Supplies,Kiserian,Walk-in,Retail,CUS-1033,,Plumbing,PVC Tee 20mm,1,85.98,0,85.98,85.98,48.5,48.5,37.48,,0,85.98,0,85.98,-0.0,0,-1,-48.5,,ER,0
TXN-01474,2026-02-10,SALE,INV-2602-1474,Rongai Home & Agro Supplies,Ongata Rongai,M-Pesa Till,Contractor,CUS-1178,,Building Materials,Galvanized Roofing Sheet 3m,7,1201.37,0.0223,8409.59,8222.06,927.36,6491.52,1730.54,,0,3288.82,0,3288.82,-4933.24,0,-7,-6491.52,,CN,0
TXN-01531,2026-02-26,SALE,INV-2602-1531,Rongai Home & Agro Supplies,Ongata Rongai,Walk-in,Retail,CUS-1155,,Plumbing,25mm PVC Pipe 6m,1,1037.75,0.03,1037.75,1006.62,787.22,787.22,219.4,,0,1006.62,0,1006.62,-0.0,0,-1,-787.22,,CN,0
TXN-00636,2025-06-28,CUSTOMER_PAYMENT,RCPT-2506-0636,Rongai Home & Agro Supplies,Ongata Rongai,Collections,Contractor,CUS-1114,,,,0,0,0,0,0,0,0,0,Customer Collection,0,9118.0,0,9118.0,9118.0,0,0,0,M-PESA,JK,0
TXN-01653,2026-03-30,PURCHASE,GRN-2603-1653,Rongai Home & Agro Supplies,Ongata Rongai,Supplier,,,Eastlands Hardware Wholesalers,Electrical,LED Bulb 12W,22,159.41,0,0,0,159.41,3507.02,0,Purchase,0,3507.02,0.0,0,0,0,22,3507.02,,BM,0
TXN-00626,2025-06-25,EXPENSE,EXP-2506-0626,Rongai Home & Agro Supplies,Ongata Rongai,Back Office,,,,,,0,0,0,0,0,0,0,0,Transport,10350,0,10350,0,0,0,0,0,Cash,CN,0
TXN-01049,2025-10-20,SALE,INV-2510-1049,Rongai Home & Agro Supplies,Ongata Rongai,Walk-in,Farmer,CUS-1099,,Plumbing,20mm PVC Pipe 6m,4,883.22,0.08,3532.88,3250.25,604.16,2416.64,833.61,,0,3250.25,0,3250.25,-0.0,0,-4,-2416.64,,AM,0
TXN-01585,2026-03-13,SALE,INV-2603-1585,Rongai Home & Agro Supplies,Kiserian,Phone Order,Retail,CUS-1101,,Paints,Gloss Paint 4L,1,2501.71,0,2501.71,2501.71,1887.04,1887.04,614.67,,0,2501.71,0,2501.71,-0.0,0,-1,-1887.04,,JK,0
TXN-00907,2025-09-12,SALE,INV-2509-0907,Rongai Home & Agro Supplies,Kiserian,Walk-in,Retail,CUS-1033,,Household,Jerrycan 20L,1,787.13,0.03,787.13,763.52,509.69,509.69,253.83,,0,763.52,0,763.52,-0.0,0,-1,-509.69,,ER,0
TXN-01648,2026-03-28,SALE,INV-2603-1648,Rongai Home & Agro Supplies,Kiserian,M-Pesa Till,Contractor,CUS-1148,,Paints,Gloss Paint 4L,6,2348.66,0.0573,14091.96,13284.49,1839.35,11036.1,2248.39,,0,0.0,0,0.0,-13284.49,0,-6,-11036.1,,DK,0
TXN-01848,2026-05-25,SALE,INV-2605-1848,Rongai Home & Agro Supplies,Ongata Rongai,WhatsApp,Reseller,CUS-1060,,Animal Feeds,Chicken Feed 10kg,9,1030.56,0.0468,9275.04,8840.97,870.29,7832.61,1008.36,,0,8840.97,0,8840.97,-0.0,0,-9,-7832.61,,JK,0
TXN-01737,2026-04-21,SALE,INV-2604-1737,Rongai Home & Agro Supplies,Ongata Rongai,Phone Order,Retail,CUS-1169,,Building Materials,2x2 Timber 12ft,1,495.72,0,495.72,495.72,426.26,426.26,69.46,,0,495.72,0,495.72,-0.0,0,-1,-426.26,,CN,0
TXN-01991,2026-07-06,SALE,INV-2607-1991,Rongai Home & Agro Supplies,Ongata Rongai,Phone Order,Retail,CUS-1016,,Electrical,LED Bulb 12W,3,264.45,0.03,793.35,769.55,171.55,514.65,254.9,,0,769.55,0,769.55,-0.0,0,-3,-514.65,,BM,0
TXN-02049,2026-07-24,SALE,INV-2607-2049,Rongai Home & Agro Supplies,Kiserian,Walk-in,Farmer,CUS-1130,,Building Materials,2x2 Timber 12ft,2,489.89,0.05,979.78,930.79,402.84,805.68,125.11,,0,930.79,0,930.79,-0.0,0,-2,-805.68,,JK,0
TXN-00647,2025-07-02,REFUND,REF-2507-0647,Rongai Home & Agro Supplies,Kiserian,Counter,Contractor,CUS-1163,,Building Materials,Cement 50kg,-1,833.0,0,0,727.32,667.87,0,-727.32,Customer Refund,727.32,0,727.32,0,0,727.32,0,0,refund,CN,0
TXN-01118,2025-11-06,SALE,INV-2511-1118,Rongai Home & Agro Supplies,Ongata Rongai,Walk-in,Contractor,CUS-1075,,Paints,Paint Brush 4in,7,184.48,0.0546,1291.36,1220.85,96.31,674.17,546.68,,0,1220.85,0,1220.85,-0.0,0,-7,-674.17,,CN,0
TXN-02186,2026-05-26,STOCK_ADJUSTMENT,ADJ-2605-2186,Rongai Home & Agro Supplies,Kiserian,Stock Count,,,,Agro Inputs,Knapsack Sprayer 20L,2,0,0,0,0,0,0,0,Stock Adjustment,0,0,0,0,0,0,2,6500,Manual count variance,ER,0
TXN-00239,2025-03-10,PURCHASE,GRN-2503-0239,Rongai Home & Agro Supplies,Kiserian,Supplier,,,Nairobi Electrical Mart,Hardware,Padlock 50mm,12,418.9,0,0,0,418.9,5026.8,0,Purchase,0,1759.38,3267.42,0,0,0,12,5026.8,,ER,0
TXN-00362,2025-04-11,PURCHASE,GRN-2504-0362,Rongai Home & Agro Supplies,Ongata Rongai,Supplier,,,Mara Distributors,Paints,Paint Brush 4in,22,90.56,0,0,0,90.56,1992.32,0,Purchase,0,1992.32,0.0,0,0,0,22,1992.32,,CN,0
TXN-01398,2026-01-19,SALE,INV-2601-1398,Rongai Home & Agro Supplies,Ongata Rongai,Walk-in,Farmer,CUS-1066,,Hardware,Padlock 50mm,1,693.64,0.05,693.64,658.96,438.79,438.79,220.17,,0,658.96,0,658.96,-0.0,0,-1,-438.79,,AM,0
TXN-01806,2026-05-12,SALE,INV-2605-1806,Rongai Home & Agro Supplies,Ongata Rongai,M-Pesa Till,Retail,CUS-1085,,Agro Inputs,DAP Fertilizer 50kg,1,5276.03,0,5276.03,5276.03,4898.44,4898.44,377.59,,0,5276.03,0,5276.03,-0.0,0,-1,-4898.44,,JK,0
TXN-00135,2025-02-07,PURCHASE,GRN-2502-0135,Rongai Home & Agro Supplies,Ongata Rongai,Supplier,,,Mara Distributors,Plumbing,Basin Tap Chrome,10,955.17,0,0,0,955.17,9551.7,0,Purchase,0,7163.78,2387.92,0,0,0,10,9551.7,,BM,0
TXN-00521,2025-05-26,SALE,INV-2505-0521,Rongai Home & Agro Supplies,Ongata Rongai,Phone Order,Farmer,CUS-1130,,Paints,Paint Brush 4in,1,175.11,0.01,175.11,173.36,92.77,92.77,80.59,,0,173.36,0,173.36,-0.0,0,-1,-92.77,,JK,0
TXN-01611,2026-03-19,REFUND,REF-2603-1611,Rongai Home & Agro Supplies,Ongata Rongai,Counter,Farmer,CUS-1079,,Plumbing,25mm PVC Pipe 6m,-1,1032.68,0,0,958.76,816.25,0,-958.76,Customer Refund,958.76,0,958.76,0,0,958.76,0,0,refund,CN,0
TXN-02220,2025-07-22,SUPPLIER_PAYMENT,SP-2507-2220,Rongai Home & Agro Supplies,Kiserian,Supplier,,,Mara Distributors,,,0,0,0,0,0,0,0,0,Supplier Payment,0,0,48336.0,0,0,0,0,0,Bank Transfer,JK,0
TXN-00707,2025-07-19,SALE,INV-2507-0707,Rongai Home & Agro Supplies,Kiserian,Phone Order,Retail,CUS-1150,,Electrical,Switch 1 Gang,3,259.0,0.03,777.0,753.69,143.08,429.24,324.45,,0,753.69,0,753.69,-0.0,0,-3,-429.24,,BM,0
TXN-01998,2026-07-08,SALE,INV-2607-1998,Rongai Home & Agro Supplies,Ongata Rongai,Walk-in,Farmer,CUS-1121,,Paints,Gloss Paint 4L,1,2392.34,0,2392.34,2392.34,1872.86,1872.86,519.48,,0,2392.34,0,2392.34,-0.0,0,-1,-1872.86,,AM,0
TXN-01980,2026-07-03,SALE,INV-2607-1980,Rongai Home & Agro Supplies,Ongata Rongai,M-Pesa Till,Contractor,CUS-1143,,Building Materials,2x2 Timber 12ft,5,515.09,0.0786,2575.45,2373.02,404.47,2022.35,350.67,,0,2373.02,0,2373.02,-0.0,0,-5,-2022.35,,BM,0
TXN-00457,2025-05-06,SALE,INV-2505-0457,Rongai Home & Agro Supplies,Ongata Rongai,Walk-in,Farmer,CUS-1018,,Electrical,Electrical Cable 1.5mm 90m,1,8373.01,0.01,8373.01,8289.28,6015.88,6015.88,2273.4,,0,8289.28,0,8289.28,-0.0,0,-1,-6015.88,,CN,0
TXN-01728,2026-04-18,SALE,INV-2604-1728,Rongai Home & Agro Supplies,Kiserian,Credit Customer,Contractor,CUS-1027,,Building Materials,Cement 50kg,5,793.96,0.112,3969.8,3525.18,700.36,3501.8,23.38,,0,881.29,0,881.29,-2643.89,0,-5,-3501.8,,DK,0
TXN-01024,2025-10-13,SALE,INV-2510-1024,Rongai Home & Agro Supplies,Kiserian,Walk-in,Contractor,CUS-1138,,Building Materials,Galvanized Roofing Sheet 3m,4,1271.88,0.0368,5087.52,4900.3,863.93,3455.72,1444.58,,0,4900.3,0,4900.3,-0.0,0,-4,-3455.72,,BM,0
TXN-00322,2025-04-02,SALE,INV-2504-0322,Rongai Home & Agro Supplies,Ongata Rongai,Phone Order,Reseller,CUS-1022,,Plumbing,20mm PVC Pipe 6m,7,830.29,0.0501,5812.03,5520.85,615.8,4310.6,1210.25,,0,5520.85,0,5520.85,-0.0,0,-7,-4310.6,,AM,0
TXN-00826,2025-08-21,SALE,INV-2508-0826,Rongai Home & Agro Supplies,Kiserian,Credit Customer,Contractor,CUS-1179,,Building Materials,Cement 50kg,11,770.29,0.0715,8473.19,7867.36,663.19,7295.09,572.27,,0,0.0,0,0.0,-7867.36,0,-11,-7295.09,,BM,0
TXN-00473,2025-05-10,SALE,INV-2505-0473,Rongai Home & Agro Supplies,Ongata Rongai,Walk-in,Reseller,CUS-1110,,Household,Jerrycan 20L,5,811.86,0.0734,4059.3,3761.35,510.91,2554.55,1206.8,,0,3761.35,0,3761.35,-0.0,0,-5,-2554.55,,ER,0
TXN-00277,2025-03-21,PURCHASE,GRN-2503-0277,Rongai Home & Agro Supplies,Ongata Rongai,Supplier,,,Mara Distributors,Building Materials,Damp Proof Course 20m,3,864.39,0,0,0,864.39,2593.17,0,Purchase,0,907.61,1685.56,0,0,0,3,2593.17,,AM,0
TXN-00688,2025-07-14,SALE,INV-2507-0688,Rongai Home & Agro Supplies,Ongata Rongai,Walk-in,Retail,CUS-1176,,Building Materials,Cement 50kg,7,779.8,0.05,5458.6,5185.67,644.05,4508.35,677.32,,0,5185.67,0,5185.67,-0.0,0,-7,-4508.35,,DK,0
TXN-00875,2025-09-04,SALE,INV-2509-0875,Rongai Home & Agro Supplies,Kiserian,Phone Order,Reseller,CUS-1111,,Building Materials,Galvanized Roofing Sheet 3m,7,1268.51,0.075,8879.57,8213.6,901.85,6312.95,1900.65,,0,4106.8,0,4106.8,-4106.8,0,-7,-6312.95,,ER,0
TXN-00794,2025-08-13,SALE,INV-2508-0794,Rongai Home & Agro Supplies,Kiserian,WhatsApp,Retail,CUS-1136,,Building Materials,Cement 50kg,4,832.25,0.03,3329.0,3229.13,658.71,2634.84,594.29,,0,3229.13,0,3229.13,-0.0,0,-4,-2634.84,,CN,0
TXN-01808,2026-05-12,SALE,INV-2605-1808,Rongai Home & Agro Supplies,Ongata Rongai,Walk-in,Contractor,CUS-1155,,Plumbing,25mm PVC Pipe 6m,4,1089.63,0.1045,4358.52,3903.05,877.44,3509.76,393.29,,0,0.0,0,0.0,-3903.05,0,-4,-3509.76,,CN,0
TXN-01319,2025-12-28,CUSTOMER_PAYMENT,RCPT-2512-1319,Rongai Home & Agro Supplies,Ongata Rongai,Collections,Contractor,CUS-1098,,,,0,0,0,0,0,0,0,0,Customer Collection,0,19397.0,0,19397.0,19397.0,0,0,0,M-PESA,JK,0
TXN-02193,28/04/2025,STOCK_ADJUSTMENT,ADJ-2504-2193,Rongai Home & Agro Supplies,Kiserian,Stock Count,,,,Plumbing,PVC Tee 20mm,-2,0,0,0,0,0,0,0,Stock Adjustment,0,0,0,0,0,0,-2,-96,Manual count variance,DK,0
TXN-00377,2025-04-15,SALE,INV-2504-0377,Rongai Home & Agro Supplies,Kiserian,Phone Order,Retail,CUS-1149,,Paints,Gloss Paint 4L,3,2638.69,0.03,7916.07,7678.59,1741.43,5224.29,2454.3,,0,7678.59,0,7678.59,-0.0,0,-3,-5224.29,,DK,0
TXN-01481,2026-02-11,PURCHASE,GRN-2602-1481,Rongai Home & Agro Supplies,Ongata Rongai,Supplier,,,Rift Valley Cement Depot,Electrical,LED Bulb 12W,3,161.1,0,0,0,161.1,483.3,0,Purchase,0,483.3,0.0,0,0,0,3,483.3,,ER,0
TXN-01461,2026-02-06,SALE,INV-2602-1461,Rongai Home & Agro Supplies,Ongata Rongai,M-Pesa Till,Farmer,CUS-1136,,Agro Inputs,Maize Seed 2kg,1,589.65,0.01,589.65,583.75,457.42,457.42,126.33,,0,583.75,0,583.75,-0.0,0,-1,-457.42,,CN,0
TXN-01463,2026-02-06,SALE,INV-2602-1463,Rongai Home & Agro Supplies,Kiserian,M-Pesa Till,Contractor,CUS-1108,,Building Materials,2x2 Timber 12ft,4,495.04,0.0795,1980.16,1822.74,392.92,1571.68,251.06,,0,1822.74,0,1822.74,-0.0,0,-4,-1571.68,,CN,0
TXN-01939,2026-06-22,SALE,INV-2606-1939,Rongai Home & Agro Supplies,Kiserian,M-Pesa Till,Retail,CUS-1127,,Animal Feeds,Dairy Meal 25kg,0,2424.79,0.01,2424.79,2400.54,2129.7,2129.7,270.84,,0,2400.54,0,2400.54,-0.0,0,-1,-2129.7,,AM,0
TXN-01199,2025-11-29,SALE,INV-2511-1199,Rongai Home & Agro Supplies,Kiserian,M-Pesa Till,Retail,CUS-1046,,Plumbing,20mm PVC Pipe 6m,3,817.98,0,2453.94,2453.94,596.53,1789.59,664.35,,0,2453.94,0,2453.94,-0.0,0,-3,-1789.59,,ER,0
TXN-01868,2026-05-30,SALE,INV-2605-1868,Rongai Home & Agro Supplies,Ongata Rongai,Phone Order,Retail,CUS-1064,,Agro Inputs,DAP Fertilizer 50kg,3,5462.19,0.05,16386.57,15567.24,4811.54,14434.62,1132.62,,0,15567.24,0,15567.24,-0.0,0,-3,-14434.62,,ER,0
TXN-01426,2026-01-27,SALE,INV-2601-1426,Rongai Home & Agro Supplies,Kiserian,WhatsApp,Retail,CUS-1184,,Building Materials,2x2 Timber 12ft,1,524.06,0.03,524.06,508.34,393.62,393.62,114.72,,0,508.34,0,508.34,-0.0,0,-1,-393.62,,BM,1
TXN-01356,2026-01-07,SALE,INV-2601-1356,Rongai Home & Agro Supplies,Kiserian,WhatsApp,Retail,CUS-1041,,Paints,Paint Brush 4in,6,174.51,0.05,1047.06,994.71,103.94,623.64,371.07,,0,994.71,0,994.71,-0.0,0,-6,-623.64,,CN,0
TXN-00808,2025-08-16,SALE,INV-2508-0808,Rongai Home & Agro Supplies,Ongata Rongai,Credit Customer,Institution,CUS-1175,,Paints,20L Emulsion Paint,9,5134.18,0.0427,46207.62,44234.55,3886.9,34982.1,9252.45,,0,22117.28,0,22117.28,-22117.27,0,-9,-34982.1,,BM,0
TXN-00336,2025-04-05,SALE,INV-2504-0336,Rongai Home & Agro Supplies,Kiserian,Phone Order,Farmer,CUS-1041,,Plumbing,Basin Tap Chrome,1,1448.2,0,1448.2,1448.2,922.07,922.07,526.13,,0,1448.2,0,1448.2,-0.0,0,-1,-922.07,,CN,0
TXN-01063,2025-10-23,SALE,INV-2510-1063,Rongai Home & Agro Supplies,Kiserian,Phone Order,Retail,CUS-1078,,Paints,Gloss Paint 4L,1,2331.32,0.08,2331.32,2144.81,1815.26,1815.26,329.55,,0,2144.81,0,2144.81,-0.0,0,-1,-1815.26,,AM,0
TXN-02023,2026-07-16,SALE,INV-2607-2023,Rongai Home & Agro Supplies,Ongata Rongai,Credit Customer,Institution,CUS-1014,,Agro Inputs,Maize Seed 2kg,9,668.87,0.0299,6019.83,5839.84,485.89,4373.01,1466.83,,0,2919.92,0,2919.92,-2919.92,0,-9,-4373.01,,DK,1
TXN-00114,2025-02-03,SALE,INV-2502-0114,Rongai Home & Agro Supplies,Kiserian,Walk-in,Retail,CUS-1108,,Electrical,LED Bulb 12W,3,274.33,0.08,822.99,757.15,156.32,468.96,288.19,,0,757.15,0,757.15,-0.0,0,-3,-468.96,,CN,0
TXN-01380,2026-01-13,SALE,INV-2601-1380,Rongai Home & Agro Supplies,Kiserian,WhatsApp,Retail,CUS-1110,,Plumbing,25mm PVC Pipe 6m,1,1057.41,0.03,1057.41,1025.69,796.03,796.03,229.66,,0,1025.69,0,1025.69,-0.0,0,-1,-796.03,,DK,0
TXN-01703,2026-04-13,SALE,INV-2604-1703,Rongai Home & Agro Supplies,Kiserian,Phone Order,Retail,CUS-1046,,Building Materials,Cement 50kg,4,826.89,0.08,3307.56,3042.96,723.46,2893.84,149.12,,0,3042.96,0,3042.96,-0.0,0,-4,-2893.84,,JK,0
TXN-00690,2025-07-15,SALE,INV-2507-0690,Rongai Home & Agro Supplies,Kiserian,M-Pesa Till,Reseller,CUS-1115,,Paints,Paint Brush 4in,7,172.42,0.0731,1206.94,1118.71,98.88,692.16,426.55,,0,559.36,0,559.36,-559.35,0,-7,-692.16,,DK,0
TXN-02189,2026-03-09,STOCK_ADJUSTMENT,ADJ-2603-2189,Rongai Home & Agro Supplies,Ongata Rongai,Stock Count,,,,Hardware,Spade Steel,4,0,0,0,0,0,0,0,Stock Adjustment,0,0,0,0,0,0,4,3120,Manual count variance,AM,0
TXN-01787,2026-05-05,SALE,INV-2605-1787,Rongai Home & Agro Supplies,Kiserian,WhatsApp,Retail,CUS-1038,,Building Materials,Cement 50kg,2,816.33,0.08,1632.66,1502.05,741.0,1482.0,20.05,,0,1502.05,0,1502.05,-0.0,0,-2,-1482.0,,ER,0
TXN-01111,2025-11-04,EXPENSE,EXP-2511-1111,Rongai Home & Agro Supplies,Ongata Rongai,Back Office,,,,,,0,0,0,0,0,0,0,0,Marketing,2138,0,2138,0,0,0,0,0,Bank Transfer,ER,0
TXN-02141,2026-08-18,CUSTOMER_PAYMENT,RCPT-2608-2141,Rongai Home & Agro Supplies,Kiserian,Collections,Contractor,CUS-1030,,,,0,0,0,0,0,0,0,0,Customer Collection,0,21352.0,0,21352.0,21352.0,0,0,0,Mpesa,ER,0
TXN-00285,2025-03-25,SALE,INV-2503-0285,Rongai Home & Agro Supplies,Kiserian,Walk-in,,CUS-1111,,Household,Jerrycan 20L,2,756.79,0.03,1513.58,1468.17,480.71,961.42,506.75,,0,1468.17,0,1468.17,-0.0,0,-2,-961.42,,BM,0
TXN-00893,2025-09-09,SALE,INV-2509-0893,Rongai Home & Agro Supplies,Ongata Rongai,Phone Order,Institution,CUS-1099,,Building Materials,Binding Wire 25kg,8,4090.07,0.0521,32720.56,31015.82,3403.26,27226.08,3789.74,,0,0.0,0,0.0,-31015.82,0,-8,-27226.08,,JK,0
TXN-01072,2025-10-25,SALE,INV-2510-1072,Rongai Home & Agro Supplies,Ongata Rongai,Phone Order,Retail,CUS-1140,,Plumbing,PVC Tee 20mm,1,86.64,0,86.64,86.64,50.33,50.33,36.31,,0,86.64,0,86.64,-0.0,0,-1,-50.33,,ER,0
TXN-00832,2025-08-22,SALE,INV-2508-0832,Rongai Home & Agro Supplies,Kiserian,Phone Order,Retail,CUS-1129,,Plumbing,PVC Elbow 20mm,13,71.79,0,933.27,933.27,44.89,583.57,349.7,,0,933.27,0,933.27,-0.0,0,-13,-583.57,,BM,0
TXN-00162,15-02-2025,SALE,INV-2502-0162,Rongai Home & Agro Supplies,Kiserian,Walk-in,Farmer,CUS-1110,,Building Materials,Cement 50kg,11,771.94,0.05,8491.34,8066.77,674.11,7415.21,651.56,,0,8066.77,0,8066.77,-0.0,0,-11,-7415.21,,AM,0
TXN-00169,2025-02-18,SALE,INV-2502-0169,Rongai Home & Agro Supplies,Kiserian,Phone Order,Retail,CUS-1004,,Building Materials,2x2 Timber 12ft,7,500.85,0.03,3505.95,3400.77,365.21,2556.47,844.3,,0,3400.77,0,3400.77,-0.0,0,-7,-2556.47,,DK,0
TXN-00176,2025-02-20,SALE,INV-2502-0176,Rongai Home & Agro Supplies,Ongata Rongai,Phone Order,Institution,CUS-1024,,Animal Feeds,Mineral Lick 2kg,8,605.17,0.0666,4841.36,4518.93,389.64,3117.12,1401.81,,0,1807.57,0,1807.57,-2711.36,0,-8,-3117.12,,CN,0
TXN-02262,2026-01-26,SUPPLIER_PAYMENT,SP-2601-2262,Rongai Home & Agro Supplies,Ongata Rongai,Supplier,,,AgroLink Kenya,,,0,0,0,0,0,0,0,0,Supplier Payment,0,0,41557.0,0,0,0,0,0,Cash,JK,0
TXN-00343,2025-04-07,SALE,INV-2504-0343,Rongai Home & Agro Supplies,Ongata Rongai,Walk-in,Retail,CUS-1031,,Hardware,Padlock 50mm,5,725.79,0,3628.95,3628.95,424.28,2121.4,1507.55,,0,3628.95,0,3628.95,-0.0,0,-5,-2121.4,,AM,0
TXN-00772,2025-08-07,SALE,INV-2508-0772,Rongai Home & Agro Supplies,Ongata Rongai,Walk-in,Retail,CUS-1073,,Agro Inputs,Maize Seed 2kg,5,609.83,0,3049.15,3049.15,451.39,2256.95,792.2,,0,3049.15,0,3049.15,-0.0,0,-5,-2256.95,,DK,0
TXN-01517,2026-02-23,SALE,INV-2602-1517,Rongai Home & Agro Supplies,Ongata Rongai,M-Pesa Till,Retail,CUS-1004,,Hardware,Hammer 16oz,1,891.03,0.03,891.03,864.3,551.7,551.7,312.6,,0,864.3,0,864.3,-0.0,0,-1,-551.7,,BM,0
TXN-02263,2025-03-01,SUPPLIER_PAYMENT,SP-2503-2263,Rongai Home & Agro Supplies,Ongata Rongai,Supplier,,,AgroLink Kenya,,,0,0,0,0,0,0,0,0,Supplier Payment,0,0,36926.0,0,0,0,0,0,Bank Transfer,DK,0
TXN-01655,2026-03-31,SALE,INV-2603-1655,Rongai Home & Agro Supplies,Ongata Rongai,Phone Order,Retail,CUS-1125,,Electrical,LED Bulb 12W,1,291.04,0,291.04,291.04,168.09,168.09,122.95,,0,291.04,0,291.04,-0.0,0,-1,-168.09,,AM,0
TXN-00325,2025-04-02,CUSTOMER_PAYMENT,RCPT-2504-0325,Rongai Home & Agro Supplies,Kiserian,Collections,Contractor,CUS-1032,,,,0,0,0,0,0,0,0,0,Customer Collection,0,21698.0,0,21698.0,21698.0,0,0,0,Mpesa,BM,0
TXN-01777,2026-05-01,PURCHASE,GRN-2605-1777,Rongai Home & Agro Supplies,Kiserian,Supplier,,,Mara Distributors,Hardware,Padlock 50mm,11,446.96,0,0,0,446.96,4916.56,0,Purchase,0,0.0,4916.56,0,0,0,11,4916.56,,CN,0
TXN-01625,2026-03-23,SALE,INV-2603-1625,Rongai Home & Agro Supplies,Ongata Rongai,M-Pesa Till,Retail,CUS-1001,,Building Materials,2x2 Timber 12ft,1,508.05,0.03,508.05,492.81,391.0,391.0,101.81,,0,492.81,0,492.81,-0.0,0,-1,-391.0,,AM,0
TXN-01650,2026-03-29,CUSTOMER_PAYMENT,RCPT-2603-1650,Rongai Home & Agro Supplies,Kiserian,Collections,Contractor,CUS-1058,,,,0,0,0,0,0,0,0,0,Customer Collection,0,11450.0,0,11450.0,11450.0,0,0,0,Mpesa,CN,0
TXN-02167,2026-08-26,SALE,INV-2608-2167,Rongai Home & Agro Supplies,Kiserian,Walk-in,Institution,CUS-1072,,Paints,Paint Brush 4in,14,174.57,0.1086,2443.98,2178.56,101.82,1425.48,753.08,,0,2178.56,0,2178.56,-0.0,0,-14,-1425.48,,JK,0
TXN-00995,2025-10-06,SALE,INV-2510-0995,Rongai Home & Agro Supplies,Kiserian,Walk-in,Retail,CUS-1176,,Plumbing,PVC Tee 20mm,1,89.83,0.03,89.83,87.14,49.6,49.6,37.54,,0,87.14,0,87.14,-0.0,0,-1,-49.6,,DK,0
TXN-01535,2026-02-27,PURCHASE,GRN-2602-1535,Rongai Home & Agro Supplies,Ongata Rongai,Supplier,,,Eastlands Hardware Wholesalers,Household,Jerrycan 20L,3,497.69,0,0,0,497.69,1493.07,0,Purchase,0,1119.8,373.27,0,0,0,3,1493.07,,CN,0
TXN-01054,2025-10-21,SALE,INV-2510-1054,Rongai Home & Agro Supplies,Kiserian,Walk-in,Farmer,CUS-1144,,Hardware,Wheelbarrow Heavy Duty,1,7590.04,0.03,7590.04,7362.34,5193.85,5193.85,2168.49,,0,7362.34,0,7362.34,-0.0,0,-1,-5193.85,,DK,0
TXN-01892,2026-06-06,SALE,INV-2606-1892,Rongai Home & Agro Supplies,Kiserian,Walk-in,Retail,CUS-1095,,Hardware,Padlock 50mm,1,673.87,0.02,673.87,660.39,451.99,451.99,208.4,,0,660.39,0,660.39,-0.0,0,-1,-451.99,,CN,0
TXN-00213,2025-03-03,SALE,INV-2503-0213,Rongai Home & Agro Supplies,Ongata Rongai,Walk-in,Retail,CUS-1106,,Animal Feeds,Chicken Feed 10kg,0,1022.99,0,1022.99,1022.99,786.03,786.03,236.96,,0,1022.99,0,1022.99,-0.0,0,-1,-786.03,,ER,0
TXN-01499,2026-02-18,SALE,INV-2602-1499,Rongai Home & Agro Supplies,Kiserian,Phone Order,Retail,CUS-1068,,Building Materials,Cement 50kg,1,823.4,0,823.4,823.4,680.72,680.72,142.68,,0,823.4,0,823.4,-0.0,0,-1,-680.72,,CN,0
TXN-00781,2025-08-08,CUSTOMER_PAYMENT,RCPT-2508-0781,Rongai Home & Agro Supplies,Ongata Rongai,Collections,Contractor,CUS-1026,,,,0,0,0,0,0,0,0,0,Customer Collection,0,11220.0,0,11220.0,11220.0,0,0,0,Bank Transfer,CN,0
TXN-00757,2025-08-04,SALE,INV-2508-0757,Rongai Home & Agro Supplies,Kiserian,M-Pesa Till,Retail,CUS-1062,,Hardware,Padlock 50mm,2,683.22,0.03,1366.44,1325.45,413.01,826.02,499.43,,0,1325.45,0,1325.45,-0.0,0,-2,-826.02,,CN,0
TXN-00008,2025-01-02,EXPENSE,EXP-2501-0008,Rongai Home & Agro Supplies,Kiserian,Back Office,,,,,,0,0,0,0,0,0,0,0,Repairs,10103,0,10103,0,0,0,0,0,Bank Transfer,AM,0
TXN-01301,2025-12-24,SALE,INV-2512-1301,Rongai Home & Agro Supplies,Ongata Rongai,Phone Order,Retail,,,Building Materials,Cement 50kg,5,745.23,0.08,3726.15,3428.06,657.31,3286.55,141.51,,0,3428.06,0,3428.06,-0.0,0,-5,-3286.55,,JK,0
TXN-00175,2025-02-20,SALE,INV-2502-0175,Rongai Home & Agro Supplies,Kiserian,WhatsApp,Contractor,CUS-1086,,Electrical,LED Bulb 12W,6,283.26,0.0347,1699.56,1640.59,150.37,902.22,738.37,,0,0.0,0,0.0,-1640.59,0,-6,-902.22,,AM,0
TXN-00147,2025-02-11,SALE,INV-2502-0147,Rongai Home & Agro Supplies,Ongata Rongai,WhatsApp,Retail,CUS-1024,,Paints,Paint Brush 4in,2,190.62,0.08,381.24,350.74,92.49,184.98,165.76,,0,350.74,0,350.74,-0.0,0,-2,-184.98,,DK,0
TXN-00078,2025-01-22,SALE,INV-2501-0078,Rongai Home & Agro Supplies,Ongata Rongai,Walk-in,Farmer,CUS-1054,,Building Materials,Cement 50kg,8,764.06,0.03,6112.48,5929.11,651.89,5215.12,713.99,,0,5929.11,0,5929.11,-0.0,0,-8,-5215.12,,JK,0
TXN-01252,2025-12-12,SALE,INV-2512-1252,Rongai Home & Agro Supplies,Kiserian,Phone Order,Farmer,CUS-1071,,Hardware,Panga,3,949.49,0,2848.47,2848.47,580.81,1742.43,1106.04,,0,2848.47,0,2848.47,-0.0,0,-3,-1742.43,,JK,0
TXN-00754,2025-08-02,SALE,INV-2508-0754,Rongai Home & Agro Supplies,Kiserian,Walk-in,Reseller,CUS-1070,,Paints,Paint Brush 4in,6,177.01,0.0431,1062.06,1016.29,94.12,564.72,451.57,,0,1016.29,0,1016.29,-0.0,0,-6,-564.72,,CN,0
TXN-01682,2026-04-07,SALE,INV-2604-1682,Rongai Home & Agro Supplies,Ongata Rongai,WhatsApp,Contractor,CUS-1094,,Building Materials,Galvanized Roofing Sheet 3m,14,1142.81,0.0349,15999.34,15440.96,982.01,13748.14,1692.82,,0,6176.38,0,6176.38,-9264.58,0,-14,-13748.14,,AM,0
TXN-01386,2026-01-14,PURCHASE,GRN-2601-1386,Rongai Home & Agro Supplies,Ongata Rongai,Supplier,,,Mara Distributors,Plumbing,PVC Tee 20mm,16,51.0,0,0,0,51.0,816.0,0,Purchase,0,612.0,204.0,0,0,0,16,816.0,,ER,0
TXN-00443,2025-05-01,SALE,INV-2505-0443,Rongai Home & Agro Supplies,Ongata Rongai,WhatsApp,Contractor,CUS-1040,,Hardware,Hammer 16oz,3,800.66,0.0653,2401.98,2245.13,496.81,1490.43,754.7,,0,0.0,0,0.0,-2245.13,0,-3,-1490.43,,CN,0
TXN-00604,2025-06-19,SALE,INV-2506-0604,Rongai Home & Agro Supplies,Ongata Rongai,Phone Order,Farmer,CUS-1024,,Animal Feeds,Mineral Lick 2kg,1,648.03,0.03,648.03,628.59,404.91,404.91,223.68,,0,628.59,0,628.59,-0.0,0,-1,-404.91,,ER,0
TXN-00949,2025-09-23,SALE,INV-2509-0949,Rongai Home & Agro Supplies,Ongata Rongai,M-Pesa Till,Retail,CUS-1180,,Electrical,Switch 1 Gang,4,246.08,0.03,984.32,954.79,151.78,607.12,347.67,,0,954.79,0,954.79,-0.0,0,-4,-607.12,,CN,0
TXN-00381,2025-04-16,PURCHASE,GRN-2504-0381,Rongai Home & Agro Supplies,Kiserian,Supplier,,,Nairobi Electrical Mart,Agro Inputs,Knapsack Sprayer 20L,5,3341.07,0,0,0,3341.07,16705.35,0,Purchase,0,0.0,16705.35,0,0,0,5,16705.35,,JK,0
TXN-01389,2026-01-15,SALE,INV-2601-1389,Rongai Home & Agro Supplies,Ongata Rongai,Phone Order,Farmer,CUS-1115,,Plumbing,20mm PVC Pipe 6m,1,810.73,0.03,810.73,786.41,627.55,627.55,158.86,,0,786.41,0,786.41,-0.0,0,-1,-627.55,,DK,0
TXN-00305,2025-03-29,SALE,INV-2503-0305,Rongai Home & Agro Supplies,Kiserian,WhatsApp,Retail,CUS-1021,,Building Materials,Cement 50kg,3,821.54,0.05,2464.62,2341.39,665.96,1997.88,343.51,,0,2341.39,0,2341.39,-0.0,0,-3,-1997.88,,JK,0
TXN-00007,2025-01-02,SALE,INV-2501-0007,Rongai Home & Agro Supplies,Ongata Rongai,WhatsApp,Institution,CUS-1159,,Electrical,Socket 13A,5,415.33,0.0638,2076.65,1944.16,226.98,1134.9,809.26,,0,1944.16,0,1944.16,-0.0,0,-5,-1134.9,,CN,0
TXN-02164,2026-08-25,EXPENSE,EXP-2608-2164,Rongai Home & Agro Supplies,Kiserian,Back Office,,,,,,0,0,0,0,0,0,0,0,Transport,3090.56,0,3090.56,0,0,0,0,0,M-PESA,AM,0
TXN-02098,2026-08-06,SALE,INV-2608-2098,Rongai Home & Agro Supplies,Ongata Rongai,Phone Order,Retail,CUS-1177,,Building Materials,Galvanized Roofing Sheet 3m,2,1123.45,0.05,2246.9,2134.55,1009.52,2019.04,115.51,,0,2134.55,0,2134.55,-0.0,0,-2,-2019.04,,JK,0
TXN-02238,2025-11-17,SUPPLIER_PAYMENT,SP-2511-2238,Rongai Home & Agro Supplies,Ongata Rongai,Supplier,,,Nairobi Electrical Mart,,,0,0,0,0,0,0,0,0,Supplier Payment,0,0,34862.0,0,0,0,0,0,Bank Transfer,CN,0
TXN-01187,2025-11-26,SALE,INV-2511-1187,Rongai Home & Agro Supplies,Ongata Rongai,Walk-in,Farmer,CUS-1053,,Household,Jerrycan 20L,1,752.7,0.05,752.7,715.07,486.26,486.26,228.81,,0,715.07,0,715.07,-0.0,0,-1,-486.26,,JK,0
TXN-01887,2026-06-05,SALE,INV-2606-1887,Rongai Home & Agro Supplies,Ongata Rongai,Walk-in,Farmer,CUS-1157,,Paints,Paint Brush 4in,1,181.64,0.02,181.64,178.01,101.38,101.38,76.63,,0,178.01,0,178.01,-0.0,0,-1,-101.38,,AM,0
TXN-00613,2025-06-23,SALE,INV-2506-0613,Rongai Home & Agro Supplies,Ongata Rongai,Walk-in,Contractor,CUS-1045,,Plumbing,Basin Tap Chrome,14,1405.48,0.0204,19676.72,19275.31,909.57,12733.98,6541.33,,0,0.0,0,0.0,-19275.31,0,-14,-12733.98,,CN,0
TXN-00408,2025-04-23,SALE,INV-2504-0408,Rongai Home & Agro Supplies,Ongata Rongai,Credit Customer,Contractor,CUS-1001,,Paints,20L Emulsion Paint,8,5008.87,0.0588,40070.96,37714.79,3794.39,30355.12,7359.67,,0,0.0,0,0.0,-37714.79,0,-8,-30355.12,,DK,0
TXN-00486,2025-05-14,SALE,INV-2505-0486,Rongai Home & Agro Supplies,Kiserian,Phone Order,Retail,CUS-1061,,Paints,Paint Brush 4in,1,172.28,0,172.28,172.28,96.15,96.15,76.13,,0,172.28,0,172.28,-0.0,0,-1,-96.15,,CN,0
TXN-00453,2025-05-05,SALE,INV-2505-0453,Rongai Home & Agro Supplies,Ongata Rongai,WhatsApp,Retail,CUS-1099,,Electrical,Switch 1 Gang,1,266.74,0.03,266.74,258.74,149.32,149.32,109.42,,0,258.74,0,258.74,-0.0,0,-1,-149.32,,CN,0
TXN-00260,2025-03-17,SALE,INV-2503-0260,Rongai Home & Agro Supplies,Ongata Rongai,M-Pesa Till,Retail,CUS-1095,,Hardware,Padlock 50mm,1,695.62,0.02,695.62,681.71,404.59,404.59,277.12,,0,681.71,0,681.71,-0.0,0,-1,-404.59,,ER,0
TXN-01895,2026-06-07,CUSTOMER_PAYMENT,RCPT-2606-1895,Rongai Home & Agro Supplies,Kiserian,Collections,Contractor,CUS-1111,,,,0,0,0,0,0,0,0,0,Customer Collection,0,5776.0,0,5776.0,5776.0,0,0,0,M-PESA,CN,0
TXN-00188,2025-02-24,REFUND,REF-2502-0188,Rongai Home & Agro Supplies,Ongata Rongai,Counter,Farmer,CUS-1059,,Building Materials,Cement 50kg,-1,753.22,0,0,629.25,633.34,0,-629.25,Customer Refund,629.25,0,629.25,0,0,629.25,0,0,refund,CN,0
TXN-00565,2025-06-07,SALE,INV-2506-0565,Rongai Home & Agro Supplies,Kiserian,M-Pesa Till,Retail,CUS-1077,,Plumbing,PVC Elbow 20mm,11,77.51,0.05,852.61,809.98,42.02,462.22,347.76,,0,809.98,0,809.98,-0.0,0,-11,-462.22,,BM,0
TXN-00485,2025-05-13,SALE,INV-2505-0485,Rongai Home & Agro Supplies,Ongata Rongai,Phone Order,Retail,CUS-1011,,Plumbing,PVC Elbow 20mm,9,74.47,0.08,670.23,616.61,43.09,387.81,228.8,,0,616.61,0,616.61,-0.0,0,-9,-387.81,,DK,0
TXN-01869,2026-05-30,SALE,,Rongai Home & Agro Supplies,Kiserian,M-Pesa Till,Retail,CUS-1129,,Building Materials,Cement 50kg,6,764.12,0,4584.72,4584.72,743.49,4460.94,123.78,,0,4584.72,0,4584.72,-0.0,0,-6,-4460.94,,JK,0
TXN-00141,2025-02-10,SALE,INV-2502-0141,Rongai Home & Agro Supplies,Kiserian,M-Pesa Till,Retail,CUS-1082,,Plumbing,25mm PVC Pipe 6m,2,1118.2,0,2236.4,2236.4,748.46,1496.92,739.48,,0,2236.4,0,2236.4,-0.0,0,-2,-1496.92,,BM,0
TXN-00645,2025-07-01,SALE,INV-2507-0645,Rongai Home & Agro Supplies,Kiserian,M-Pesa Till,Retail,CUS-1158,,Electrical,Socket 13A,3,384.65,0,1153.95,1153.95,219.75,659.25,494.7,,0,1153.95,0,1153.95,-0.0,0,-3,-659.25,,JK,0
TXN-01897,2026-06-08,SALE,INV-2606-1897,Rongai Home & Agro Supplies,Kiserian,Phone Order,Retail,CUS-1030,,Agro Inputs,Knapsack Sprayer 20L,1,4473.69,0,4473.69,4473.69,3530.26,3530.26,943.43,,0,4473.69,0,4473.69,-0.0,0,-1,-3530.26,,AM,0
TXN-00197,2025-02-26,SALE,INV-2502-0197,Rongai Home & Agro Supplies,Kiserian,WhatsApp,Farmer,CUS-1048,,Hardware,Panga,3,1010.97,0.03,3032.91,2941.92,557.24,1671.72,1270.2,,0,2941.92,0,2941.92,-0.0,0,-3,-1671.72,,AM,0
TXN-01699,2026-04-11,CUSTOMER_PAYMENT,RCPT-2604-1699,Rongai Home & Agro Supplies,Kiserian,Collections,Contractor,CUS-1003,,,,0,0,0,0,0,0,0,0,Customer Collection,0,12850.0,0,12850.0,12850.0,0,0,0,Bank Transfer,DK,0
TXN-00950,2025-09-24,SALE,INV-2509-0950,Rongai Home & Agro Supplies,Kiserian,M-Pesa Till,Institution,CUS-1155,,Agro Inputs,CAN Fertilizer 50kg,3,5309.44,0.0381,15928.32,15321.45,4084.97,12254.91,3066.54,,0,6128.58,0,6128.58,-9192.87,0,-3,-12254.91,,CN,0
TXN-00763,2025-08-05,SALE,INV-2508-0763,Rongai Home & Agro Supplies,Kiserian,WhatsApp,Contractor,CUS-1108,,Plumbing,Basin Tap Chrome,13,1474.69,0.0731,19170.97,17769.57,929.23,12079.99,5689.58,,0,17769.57,0,17769.57,-0.0,0,-13,-12079.99,,JK,0
TXN-00562,2025-06-06,SALE,INV-2506-0562,Rongai Home & Agro Supplies,Ongata Rongai,Phone Order,Contractor,CUS-1020,,Agro Inputs,Maize Seed 2kg,9,633.24,0.0472,5699.16,5430.16,456.48,4108.32,1321.84,,0,5430.16,0,5430.16,-0.0,0,-9,-4108.32,,BM,0
TXN-00256,2025-03-15,SALE,INV-2503-0256,Rongai Home & Agro Supplies,Ongata Rongai,WhatsApp,Retail,CUS-1147,,Agro Inputs,,1,950.56,0.05,950.56,903.03,627.9,627.9,275.13,,0,903.03,0,903.03,-0.0,0,-1,-627.9,,BM,0
TXN-00027,2025-01-08,SALE,INV-2501-0027,Rongai Home & Agro Supplies,Kiserian,Phone Order,Retail,CUS-1091,,Electrical,Switch 1 Gang,1,278.8,0,278.8,278.8,147.62,147.62,131.18,,0,278.8,0,278.8,-0.0,0,-1,-147.62,,BM,0
TXN-01166,2025-11-20,SALE,INV-2511-1166,Rongai Home & Agro Supplies,Ongata Rongai,WhatsApp,Reseller,CUS-1044,,Household,Jerrycan 20L,7,832.73,0.0346,5829.11,5627.42,506.5,3545.5,2081.92,,0,2250.97,0,2250.97,-3376.45,0,-7,-3545.5,,ER,0
TXN-00199,2025-02-26,SALE,INV-2502-0199,Rongai Home & Agro Supplies,Kiserian,M-Pesa Till,Retail,CUS-1161,,Electrical,Switch 1 Gang,1,269.56,0.08,269.56,248.0,150.39,150.39,97.61,,0,248.0,0,248.0,-0.0,0,-1,-150.39,,CN,0
TXN-01280,2025-12-19,SALE,INV-2512-1280,Rongai Home & Agro Supplies,Kiserian,Phone Order,Contractor,CUS-1010,,Electrical,Socket 13A,10,393.69,0.0455,3936.9,3757.77,230.26,2302.6,1455.17,,0,3757.77,0,3757.77,-0.0,0,-10,-2302.6,,CN,0
TXN-01826,2026-05-17,EXPENSE,EXP-2605-1826,Rongai Home & Agro Supplies,Ongata Rongai,Back Office,,,,,,0,0,0,0,0,0,0,0,Internet,4558.55,0,4558.55,0,0,0,0,0,Bank Transfer,JK,0
TXN-02122,2026-08-13,SALE,INV-2608-2122,Rongai Home & Agro Supplies,Kiserian,WhatsApp,Retail,CUS-1177,,Building Materials,2x2 Timber 12ft,1,561.26,0.05,561.26,533.2,414.7,414.7,118.5,,0,533.2,0,533.2,-0.0,0,-1,-414.7,,DK,0
TXN-01213,2025-12-03,SALE,INV-2512-1213,Rongai Home & Agro Supplies,Ongata Rongai,Walk-in,Retail,CUS-1177,,Building Materials,Cement 50kg,7,821.87,0,5753.09,5753.09,669.62,4687.34,1065.75,,0,5753.09,0,5753.09,-0.0,0,-7,-4687.34,,CN,0
TXN-00704,2025-07-18,SALE,INV-2507-0704,Rongai Home & Agro Supplies,Ongata Rongai,Credit Customer,Contractor,CUS-1046,,Hardware,Padlock 50mm,8,686.56,0.0692,5492.48,5112.4,420.95,3367.6,1744.8,,0,2556.2,0,2556.2,-2556.2,0,-8,-3367.6,,CN,0
TXN-00898,2025-09-10,SALE,INV-2509-0898,Rongai Home & Agro Supplies,Ongata Rongai,Phone Order,Reseller,CUS-1007,,Building Materials,Cement 50kg,10,772.81,0.0346,7728.1,7460.71,654.27,6542.7,918.01,,0,7460.71,0,7460.71,-0.0,0,-10,-6542.7,,BM,0
TXN-01601,2026-03-17,SALE,INV-2603-1601,Rongai Home & Agro Supplies,Kiserian,Walk-in,Institution,CUS-1097,,Building Materials,Damp Proof Course 20m,12,1175.6,0.0377,14107.2,13575.36,911.13,10933.56,2641.8,,0,3393.84,0,3393.84,-10181.52,0,-12,-10933.56,,ER,0
TXN-01770,2026-04-30,SALE,INV-2604-1770,Rongai Home & Agro Supplies,Ongata Rongai,Walk-in,Contractor,CUS-1110,,Electrical,LED Bulb 12W,14,277.69,0.0996,3887.66,3500.45,177.72,2488.08,1012.37,,0,1750.22,0,1750.22,-1750.23,0,-14,-2488.08,,CN,0
TXN-00585,2025-06-13,EXPENSE,EXP-2506-0585,Rongai Home & Agro Supplies,Ongata Rongai,Back Office,,,,,,0,0,0,0,0,0,0,0,Security,10568,0,10568,0,0,0,0,0,Bank Transfer,BM,0
TXN-02120,2026-08-12,EXPENSE,EXP-2608-2120,Rongai Home & Agro Supplies,Kiserian,Back Office,,,,,,0,0,0,0,0,0,0,0,Repairs,3741.13,0,3741.13,0,0,0,0,0,Bank Transfer,BM,0
TXN-02069,2026-07-29,SALE,INV-2607-2069,Rongai Home & Agro Supplies,Kiserian,WhatsApp,Retail,CUS-1066,,Building Materials,2x2 Timber 12ft,2,542.4,0.03,1084.8,1052.26,415.08,830.16,222.1,,0,1052.26,0,1052.26,-0.0,0,-2,-830.16,,ER,0
TXN-01984,2026-07-04,SALE,INV-2607-1984,Rongai Home & Agro Supplies,Ongata Rongai,M-Pesa Till,Retail,CUS-1114,,Paints,Gloss Paint 4L,1,2569.96,0.01,2569.96,2544.26,1872.05,1872.05,672.21,,0,2544.26,0,2544.26,-0.0,0,-1,-1872.05,,JK,0
TXN-00766,2025-08-06,SALE,INV-2508-0766,Rongai Home & Agro Supplies,Ongata Rongai,M-Pesa Till,Retail,CUS-1167,,Paints,20L Emulsion Paint,1,5504.89,0.08,5504.89,5064.5,3984.92,3984.92,1079.58,,0,5064.5,0,5064.5,-0.0,0,-1,-3984.92,,JK,0
TXN-01442,2026-01-31,SALE,INV-2601-1442,Rongai Home & Agro Supplies,Ongata Rongai,Phone Order,Retail,CUS-1079,,Electrical,LED Bulb 12W,5,298.88,0.08,1494.4,1374.85,157.92,789.6,585.25,,0,1374.85,0,1374.85,-0.0,0,-5,-789.6,,JK,0
TXN-00512,2025-05-23,SALE,INV-2505-0512,Rongai Home & Agro Supplies,Kiserian,WhatsApp,Retail,CUS-1054,,Plumbing,PVC Tee 20mm,2,82.35,0.08,164.7,151.52,46.8,93.6,57.92,,0,151.52,0,151.52,-0.0,0,-2,-93.6,,BM,0
TXN-00281,2025-03-24,SALE,INV-2503-0281,Rongai Home & Agro Supplies,Kiserian,M-Pesa Till,Retail,CUS-1113,,Paints,20L Emulsion Paint,1,5325.98,0.08,5325.98,4899.9,3962.48,3962.48,937.42,,0,4899.9,0,4899.9,-0.0,0,-1,-3962.48,,AM,0
TXN-01203,2025-11-30,SALE,INV-2511-1203,Rongai Home & Agro Supplies,Kiserian,,Retail,CUS-1104,,Paints,Paint Brush 4in,4,179.32,0.01,717.28,710.11,99.48,397.92,312.19,,0,710.11,0,710.11,-0.0,0,-4,-397.92,,JK,0
TXN-00667,2025-07-08,SALE,INV-2507-0667,Rongai Home & Agro Supplies,Kiserian,Walk-in,Farmer,CUS-1033,,Electrical,LED Bulb 12W,1,277.25,0.08,277.25,255.07,155.34,155.34,99.73,,0,255.07,0,255.07,-0.0,0,-1,-155.34,,BM,0
TXN-01074,2025-10-27,SALE,INV-2510-1074,Rongai Home & Agro Supplies,Kiserian,WhatsApp,Retail,CUS-1039,,Animal Feeds,Chicken Feed 10kg,1,954.89,0.01,954.89,945.34,738.59,738.59,206.75,,0,945.34,0,945.34,-0.0,0,-1,-738.59,,JK,0
TXN-01932,2026-06-19,SALE,INV-2606-1932,Rongai Home & Agro Supplies,Ongata Rongai,Walk-in,Retail,CUS-1148,,Building Materials,2x2 Timber 12ft,4,554.4,0,2217.6,2217.6,424.52,1698.08,519.52,,0,2217.6,0,2217.6,-0.0,0,-4,-1698.08,,AM,0
TXN-01422,2026-01-26,SALE,INV-2601-1422,Rongai Home & Agro Supplies,Kiserian,M-Pesa Till,Retail,CUS-1144,,Electrical,Socket 13A,3,402.78,0,1208.34,1208.34,232.59,697.77,510.57,,0,1208.34,0,1208.34,-0.0,0,-3,-697.77,,CN,1
TXN-00529,2025-05-28,SALE,INV-2505-0529,Rongai Home & Agro Supplies,Ongata Rongai,Walk-in,Farmer,CUS-1001,,Plumbing,PVC Elbow 20mm,1,80.54,0.02,80.54,78.93,44.07,44.07,34.86,,0,78.93,0,78.93,-0.0,0,-1,-44.07,,JK,0
TXN-01763,2026-04-28,SALE,INV-2604-1763,Rongai Home & Agro Supplies,Ongata Rongai,M-Pesa Till,Farmer,CUS-1084,,Plumbing,PVC Tee 20mm,10,80.88,0.05,808.8,768.36,54.12,541.2,227.16,,0,768.36,0,768.36,-0.0,0,-10,-541.2,,AM,1
TXN-00655,2025-07-04,SALE,INV-2507-0655,Rongai Home & Agro Supplies,Ongata Rongai,M-Pesa Till,Retail,CUS-1031,,Building Materials,Cement 50kg,6,737.71,0.08,4426.26,4072.16,673.78,4042.68,29.48,,0,4072.16,0,4072.16,-0.0,0,MPESA,-4042.68,,AM,0
TXN-00504,2025-05-20,SALE,INV-2505-0504,Rongai Home & Agro Supplies,Kiserian,Walk-in,Reseller,CUS-1062,,Building Materials,Cement 50kg,9,831.06,0.0672,7479.54,6976.91,632.67,5694.03,1282.88,,0,6976.91,0,6976.91,-0.0,0,-9,-5694.03,,ER,0
TXN-01696,2026-04-11,SALE,INV-2604-1696,Rongai Home & Agro Supplies,Kiserian,M-Pesa Till,Farmer,CUS-1062,,Electrical,LED Bulb 12W,8,294.8,0.01,2358.4,2334.82,171.42,1371.36,963.46,,0,2334.82,0,2334.82,-0.0,0,-8,-1371.36,,BM,0
TXN-02198,2026-05-14,STOCK_ADJUSTMENT,ADJ-2605-2198,Rongai Home & Agro Supplies,Kiserian,Stock Count,,,,Plumbing,20mm PVC Pipe 6m,4,0,0,0,0,0,0,0,Stock Adjustment,0,0,0,0,0,0,4,2360,Manual count variance,BM,0
TXN-01343,2026-01-03,EXPENSE,EXP-2601-1343,Rongai Home & Agro Supplies,Kiserian,Back Office,,,,,,0,0,0,0,0,0,0,0,Rent,50000,0,50000,0,0,0,0,0,Cash,AM,0
TXN-01236,2025-12-09,SALE,INV-2512-1236,Rongai Home & Agro Supplies,Kiserian,Walk-in,Institution,CUS-1098,,Animal Feeds,Dairy Meal 25kg,4,2358.7,0.0419,9434.8,9039.48,1927.36,7709.44,1330.04,,0,9039.48,0,9039.48,-0.0,0,-4,-7709.44,,BM,0
TXN-00932,2025-09-19,SALE,INV-2509-0932,Rongai Home & Agro Supplies,Kiserian,M-Pesa Till,Contractor,CUS-1153,,Paints,Paint Brush 4in,8,178.7,0.0376,1429.6,1375.85,94.84,758.72,617.13,,0,0.0,0,0.0,-1375.85,0,-8,-758.72,,JK,0
TXN-01609,2026-03-19,SALE,INV-2603-1609,Rongai Home & Agro Supplies,Ongata Rongai,Phone Order,Retail,CUS-1125,,Agro Inputs,Foliar Feed 1L,1,963.97,0.03,963.97,935.05,638.51,638.51,296.54,,0,935.05,0,935.05,-0.0,0,-1,-638.51,,AM,0
TXN-01964,2026-06-29,SALE,INV-2606-1964,Rongai Home & Agro Supplies,Kiserian,WhatsApp,Retail,CUS-1002,,Building Materials,Galvanized Roofing Sheet 3m,1,1149.98,0.03,1149.98,1115.48,1006.17,1006.17,109.31,,0,1115.48,0,1115.48,-0.0,0,-1,-1006.17,,AM,0
TXN-01921,2026-06-15,EXPENSE,EXP-2606-1921,Rongai Home & Agro Supplies,Kiserian,Back Office,,,,,,0,0,0,0,0,0,0,0,Internet,4447.55,0,4447.55,0,0,0,0,0,Bank Transfer,ER,0
TXN-00157,2025-02-14,SALE,INV-2502-0157,Rongai Home & Agro Supplies,Kiserian,M-Pesa Till,Institution,CUS-1081,,Plumbing,20mm PVC Pipe 6m,4,845.59,0.0414,3382.36,3242.33,612.47,2449.88,792.45,,0,1621.16,0,1621.16,-1621.17,0,-4,-2449.88,,ER,0
TXN-01331,2025-12-31,SALE,INV-2512-1331,Rongai Home & Agro Supplies,Kiserian,M-Pesa Till,Contractor,CUS-1088,,Paints,Paint Brush 4in,3,178.13,0.0291,534.39,518.84,96.13,288.39,230.45,,0,259.42,0,259.42,-259.42,0,-3,-288.39,,DK,0
TXN-00358,2025-04-10,SALE,INV-2504-0358,Rongai Home & Agro Supplies,Kiserian,Walk-in,Retail,CUS-1108,,Building Materials,2x2 Timber 12ft,1,512.06,0,512.06,512.06,381.74,381.74,130.32,,0,512.06,0,512.06,-0.0,0,-1,-381.74,,AM,0
TXN-00643,2025-07-01,SALE,INV-2507-0643,Rongai Home & Agro Supplies,Ongata Rongai,Walk-in,Contractor,,,Building Materials,Binding Wire 25kg,11,4410.13,0.0482,48511.43,46173.18,3241.39,35655.29,10517.89,,0,0.0,0,0.0,-46173.18,0,-11,-35655.29,,AM,0
TXN-02033,2026-07-20,SALE,INV-2607-2033,Rongai Home & Agro Supplies,Kiserian,Walk-in,Farmer,CUS-1057,,Building Materials,Cement 50kg,2,787.08,0,1574.16,1574.16,694.79,1389.58,184.58,,0,1574.16,0,1574.16,-0.0,0,-2,-1389.58,,CN,0
TXN-00554,2025-06-04,SALE,INV-2506-0554,Rongai Home & Agro Supplies,Ongata Rongai,Credit Customer,Reseller,CUS-1140,,Agro Inputs,Foliar Feed 1L,6,1055.9,0.0347,6335.4,6115.56,598.85,3593.1,2522.46,,0,3057.78,0,3057.78,-3057.78,0,-6,-3593.1,,BM,0
TXN-01112,2025-11-05,SALE,INV-2511-1112,Rongai Home & Agro Supplies,Ongata Rongai,Walk-in,Retail,CUS-1008,,Hardware,Panga,1,908.1,0,908.1,908.1,549.15,549.15,358.95,,0,908.1,0,908.1,-0.0,0,-1,-549.15,,DK,0
TXN-01563,2026-03-07,EXPENSE,EXP-2603-1563,Rongai Home & Agro Supplies,Kiserian,Back Office,,,,,,0,0,0,0,0,0,0,0,Repairs,9893,0,9893,0,0,0,0,0,Bank Transfer,CN,0
TXN-00040,2025-01-11,SALE,INV-2501-0040,Rongai Home & Agro Supplies,Ongata Rongai,Walk-in,Retail,CUS-1179,,Plumbing,PVC Elbow 20mm,1,80.54,0.02,80.54,78.93,42.79,42.79,36.14,,0,78.93,0,78.93,-0.0,0,-1,-42.79,,CN,0
TXN-01717,2026-04-16,SALE,INV-2604-1717,Rongai Home & Agro Supplies,Kiserian,Phone Order,Retail,CUS-1005,,Building Materials,2x2 Timber 12ft,1,541.31,0,541.31,541.31,410.05,410.05,131.26,,0,541.31,0,541.31,-0.0,0,-1,-410.05,,ER,0
TXN-01312,2025-12-26,SALE,INV-2512-1312,Rongai Home & Agro Supplies,Kiserian,Walk-in,Retail,CUS-1010,,Paints,Gloss Paint 4L,1,2499.4,0,2499.4,2499.4,1747.62,1747.62,751.78,,0,2499.4,0,2499.4,-0.0,0,-1,-1747.62,,JK,0
TXN-00724,2025-07-24,SALE,INV-2507-0724,Rongai Home & Agro Supplies,Kiserian,Phone Order,Retail,CUS-1018,,Animal Feeds,Chicken Feed 10kg,1,926.74,0.01,926.74,917.47,795.11,795.11,122.36,,0,917.47,0,917.47,-0.0,0,-1,-795.11,,JK,0
TXN-00885,2025-09-06,EXPENSE,EXP-2509-0885,Rongai Home & Agro Supplies,Kiserian,Back Office,,,,,,0,0,0,0,0,0,0,0,Electricity,10556,0,10556,0,0,0,0,0,M-PESA,ER,0
TXN-01153,2025-11-17,SALE,INV-2511-1153,Rongai Home & Agro Supplies,Ongata Rongai,WhatsApp,Institution,CUS-1065,,Animal Feeds,Chicken Feed 10kg,4,1050.77,0.0537,4203.08,3977.37,741.32,2965.28,1012.09,,0,3977.37,0,3977.37,-0.0,0,-4,-2965.28,,DK,0
TXN-01829,2026-05-18,REFUND,REF-2605-1829,Rongai Home & Agro Supplies,Ongata Rongai,Counter,Retail,CUS-1009,,Building Materials,2x2 Timber 12ft,-1,558.46,0,0,461.23,419.81,0,-461.23,Customer Refund,461.23,0,461.23,0,0,461.23,0,0,refund,ER,0
TXN-00842,2025-08-26,SALE,INV-2508-0842,Rongai Home & Agro Supplies,Ongata Rongai,M-Pesa Till,Retail,CUS-1062,,Agro Inputs,DAP Fertilizer 50kg,1,5723.3,0,5723.3,5723.3,4369.9,4369.9,1353.4,,0,5723.3,0,5723.3,-0.0,0,-1,-4369.9,,AM,0
TXN-01269,2025-12-16,SALE,INV-2512-1269,Rongai Home & Agro Supplies,Kiserian,M-Pesa Till,Retail,CUS-1170,,Plumbing,20mm PVC Pipe 6m,4,836.5,0.05,3346.0,3178.7,592.83,2371.32,807.38,,0,3178.7,0,3178.7,-0.0,0,-4,-2371.32,,CN,1
TXN-01853,2026-05-26,SALE,INV-2605-1853,Rongai Home & Agro Supplies,Ongata Rongai,Walk-in,Farmer,CUS-1109,,Hardware,Padlock 50mm,2,671.77,0.08,1343.54,1236.06,445.45,890.9,345.16,,0,1236.06,0,1236.06,-0.0,0,-2,-890.9,,AM,0
TXN-00090,2025-01-27,SALE,INV-2501-0090,Rongai Home & Agro Supplies,Kiserian,Phone Order,Retail,CUS-1004,,Agro Inputs,CAN Fertilizer 50kg,1,4810.57,0.02,4810.57,4714.36,3979.43,3979.43,734.93,,0,4714.36,0,4714.36,-0.0,0,-1,-3979.43,,ER,0
TXN-01033,2025-10-15,SALE,INV-2510-1033,Rongai Home & Agro Supplies,Ongata Rongai,M-Pesa Till,Contractor,CUS-1120,,Paints,Paint Brush 4in,12,190.87,0.0593,2290.44,2154.62,95.62,1147.44,1007.18,,0,2154.62,0,2154.62,-0.0,0,-12,-1147.44,,BM,0
TXN-01300,2025-12-23,SALE,INV-2512-1300,Rongai Home & Agro Supplies,Ongata Rongai,Phone Order,Contractor,CUS-1052,,Building Materials,Galvanized Roofing Sheet 3m,12,1185.2,0.0255,14222.4,13859.73,919.95,11039.4,2820.33,,0,13859.73,0,13859.73,-0.0,0,-12,-11039.4,,JK,0
TXN-01621,2026-03-21,CUSTOMER_PAYMENT,RCPT-2603-1621,Rongai Home & Agro Supplies,Ongata Rongai,Collections,Contractor,CUS-1047,,,,0,0,0,0,0,0,0,0,Customer Collection,0,17958.0,0,17958.0,17958.0,0,0,0,M-PESA,DK,0
TXN-01877,2026-06-02,SALE,INV-2606-1877,Rongai Home & Agro Supplies,Ongata Rongai,M-Pesa Till,Contractor,CUS-1141,,Paints,Gloss Paint 4L,12,2591.44,0.0234,31097.28,30369.6,1925.91,23110.92,7258.68,,0,30369.6,0,30369.6,-0.0,0,-12,-23110.92,,AM,0
TXN-00394,2025-04-19,CUSTOMER_PAYMENT,RCPT-2504-0394,Rongai Home & Agro Supplies,Kiserian,Collections,Contractor,CUS-1064,,,,0,0,0,0,0,0,0,0,Customer Collection,0,13406.0,0,13406.0,13406.0,0,0,0,Bank Transfer,BM,0
TXN-01447,2026-02-02,PURCHASE,GRN-2602-1447,Rongai Home & Agro Supplies,Kiserian,Supplier,,,Rift Valley Cement Depot,Agro Inputs,Foliar Feed 1L,3,610.92,0,0,0,610.92,1832.76,0,Purchase,0,1832.76,0.0,0,0,0,3,1832.76,,CN,0
TXN-02232,2025-02-19,SUPPLIER_PAYMENT,SP-2502-2232,Rongai Home & Agro Supplies,Kiserian,Supplier,,,Rift Valley Cement Depot,,,0,0,0,0,0,0,0,0,Supplier Payment,0,0,9205.0,0,0,0,0,0,Cash,JK,0
TXN-00223,2025-03-06,SALE,INV-2503-0223,Rongai Home & Agro Supplies,Ongata Rongai,M-Pesa Till,Reseller,CUS-1054,,Electrical,Socket 13A,4,373.86,0.0331,1495.44,1445.94,219.63,878.52,567.42,,0,1445.94,0,1445.94,-0.0,0,-4,-878.52,,DK,0
TXN-01525,2026-02-25,SALE,INV-2602-1525,Rongai Home & Agro Supplies,Kiserian,Phone Order,Retail,CUS-1163,,Building Materials,Cement 50kg,17,838.98,0.03,14262.66,13834.78,702.3,11939.1,1895.68,,0,13834.78,0,13834.78,-0.0,0,-17,-11939.1,,AM,0
TXN-00890,2025-09-08,SALE,INV-2509-0890,Rongai Home & Agro Supplies,Ongata Rongai,Walk-in,Contractor,CUS-1016,,Plumbing,PVC Elbow 20mm,7,75.87,0.0332,531.09,513.46,43.74,306.18,207.28,,0,513.46,0,513.46,-0.0,0,-7,-306.18,,AM,1
TXN-00263,2025-03-18,SALE,INV-2503-0263,Rongai Home & Agro Supplies,Kiserian,Walk-in,Farmer,CUS-1011,,Plumbing,PVC Tee 20mm,4,90.57,0,362.28,362.28,49.26,197.04,165.24,,0,362.28,0,362.28,-0.0,0,-4,-197.04,,CN,0
TXN-02207,2025-05-25,SUPPLIER_PAYMENT,SP-2505-2207,Rongai Home & Agro Supplies,Ongata Rongai,Supplier,,,Eastlands Hardware Wholesalers,,,0,0,0,0,0,0,0,0,Supplier Payment,0,0,25430.0,0,0,0,0,0,M-PESA,BM,0
TXN-01815,2026-05-14,SALE,INV-2605-1815,Rongai Home & Agro Supplies,Kiserian,M-Pesa Till,Farmer,CUS-1133,,Hardware,Padlock 50mm,2,664.7,0,1329.4,1329.4,462.33,924.66,404.74,,0,1329.4,0,1329.4,-0.0,0,-2,-924.66,,JK,0
TXN-01395,2026-01-17,SALE,INV-2601-1395,Rongai Home & Agro Supplies,Ongata Rongai,M-Pesa Till,Retail,CUS-1109,,Building Materials,Cement 50kg,8,808.49,0.01,6467.92,6403.24,684.9,5479.2,924.04,,0,6403.24,0,6403.24,-0.0,0,-8,-5479.2,,JK,0
TXN-02064,2026-07-28,SALE,INV-2607-2064,Rongai Home & Agro Supplies,Kiserian,Walk-in,Institution,CUS-1179,,Plumbing,PVC Tee 20mm,14,82.91,0.0816,1160.74,1066.02,53.98,755.72,310.3,,0,266.5,0,266.5,-799.52,0,-14,-755.72,,CN,0
TXN-00038,2025-01-10,PURCHASE,GRN-2501-0038,Rongai Home & Agro Supplies,Kiserian,Supplier,,,Rift Valley Cement Depot,Hardware,Padlock 50mm,9,426.39,0,0,0,426.39,3837.51,0,Purchase,0,2878.13,959.38,0,0,0,9,3837.51,,JK,0
TXN-00812,2025-08-18,SALE,INV-2508-0812,Rongai Home & Agro Supplies,Ongata Rongai,Walk-in,Retail,CUS-1143,,Agro Inputs,Foliar Feed 1L,1,1029.04,0.08,1029.04,946.72,631.75,631.75,314.97,,0,946.72,0,946.72,-0.0,0,-1,-631.75,,AM,0
TXN-00389,2025-04-18,PURCHASE,GRN-2504-0389,Rongai Home & Agro Supplies,Kiserian,Supplier,,,AgroLink Kenya,Plumbing,20mm PVC Pipe 6m,3,560.58,0,0,0,560.58,1681.74,0,Purchase,0,1261.31,420.43,0,0,0,3,1681.74,,AM,0
TXN-00474,2025-05-11,SALE,INV-2505-0474,Rongai Home & Agro Supplies,Kiserian,WhatsApp,Reseller,CUS-1122,,Animal Feeds,Mineral Lick 2kg,12,648.99,0.0399,7787.88,7477.14,401.45,4817.4,2659.74,,0,7477.14,0,7477.14,-0.0,0,-12,-4817.4,,AM,0
TXN-00247,2025-03-12,PURCHASE,GRN-2503-0247,Rongai Home & Agro Supplies,Ongata Rongai,Supplier,,,AgroLink Kenya,Hardware,Padlock 50mm,6,394.14,0,0,0,394.14,2364.84,0,Purchase,0,2364.84,0.0,0,0,0,6,2364.84,,CN,0
TXN-00388,2025-04-18,PURCHASE,GRN-2504-0388,Rongai Home & Agro Supplies,Ongata Rongai,Supplier,,,Nairobi Electrical Mart,Plumbing,PVC Tee 20mm,3,48.21,0,0,0,48.21,144.63,0,Purchase,0,108.47,36.16,0,0,0,3,144.63,,AM,0
TXN-00974,2025-09-30,SALE,INV-2509-0974,Rongai Home & Agro Supplies,Kiserian,M-Pesa Till,Retail,CUS-1024,,Paints,Paint Brush 4in,5,189.0,0.01,945.0,935.55,92.57,462.85,472.7,,0,935.55,0,935.55,-0.0,0,-5,-462.85,,JK,0
TXN-02116,2026-08-11,EXPENSE,EXP-2608-2116,Rongai Home & Agro Supplies,Kiserian,Back Office,,,,,,0,0,0,0,0,0,0,0,Miscellaneous,6368.86,0,6368.86,0,0,0,0,0,Cash,CN,0
TXN-01218,2025-12-03,PURCHASE,GRN-2512-1218,Rongai Home & Agro Supplies,Kiserian,Supplier,,,Eastlands Hardware Wholesalers,Building Materials,Cement 50kg,12,625.0,0,0,0,625.0,7500.0,0,Purchase,0,7500.0,0.0,0,0,0,12,7500.0,,ER,0
TXN-00061,2025-01-17,CUSTOMER_PAYMENT,RCPT-2501-0061,Rongai Home & Agro Supplies,Kiserian,Collections,Contractor,CUS-1032,,,,0,0,0,0,0,0,0,0,Customer Collection,0,21850.0,0,21850.0,21850.0,0,0,0,M-PESA,ER,0
TXN-01164,2025-11-20,SALE,INV-2511-1164,Rongai Home & Agro Supplies,Ongata Rongai,Phone Order,Contractor,CUS-1066,,Building Materials,2x2 Timber 12ft,7,524.68,0.0718,3672.76,3409.06,383.02,2681.14,727.92,,0,1363.62,0,1363.62,-2045.44,0,-7,-2681.14,,DK,0
TXN-00938,2025-09-21,SALE,INV-2509-0938,Rongai Home & Agro Supplies,Kiserian,M-Pesa Till,Contractor,CUS-1076,,Electrical,Switch 1 Gang,10,268.02,0.0508,2680.2,2544.05,142.65,1426.5,1117.55,,0,0.0,0,0.0,-2544.05,0,-10,-1426.5,,BM,0
TXN-01273,2025-12-17,SALE,INV-2512-1273,Rongai Home & Agro Supplies,Ongata Rongai,Phone Order,Retail,CUS-1160,,Building Materials,Galvanized Roofing Sheet 3m,2,1124.43,0,2248.86,2248.86,921.98,1843.96,404.9,,0,2248.86,0,2248.86,-0.0,0,-2,-1843.96,,AM,0
TXN-01458,2026-02-05,SALE,INV-2602-1458,Rongai Home & Agro Supplies,Kiserian,Walk-in,Institution,CUS-1066,,Paints,Paint Brush 4in,4,191.34,0.0413,765.36,733.75,104.72,418.88,314.87,,0,0.0,0,0.0,-733.75,0,-4,-418.88,,BM,0
TXN-01487,2026-02-13,EXPENSE,EXP-2602-1487,Rongai Home & Agro Supplies,Ongata Rongai,Back Office,,,,,,0,0,0,0,0,0,0,0,Staff Salaries,75279,0,75279,0,0,0,0,0,Cash,BM,0
TXN-00301,2025-03-28,PURCHASE,GRN-2503-0301,Rongai Home & Agro Supplies,Kiserian,Supplier,,,Nairobi Electrical Mart,Paints,Paint Brush 4in,7,91.54,0,0,0,91.54,640.78,0,Purchase,0,640.78,0.0,0,0,0,7,640.78,,AM,0
TXN-01993,2026-07-06,CUSTOMER_PAYMENT,RCPT-2607-1993,Rongai Home & Agro Supplies,Kiserian,Collections,Contractor,CUS-1059,,,,0,0,0,0,0,0,0,0,Customer Collection,0,9323.0,0,9323.0,9323.0,0,0,0,Mpesa,AM,0
TXN-00273,2025-03-21,SALE,INV-2503-0273,Rongai Home & Agro Supplies,Ongata Rongai,WhatsApp,Retail,CUS-1129,,Plumbing,PVC Elbow 20mm,3,80.77,0,242.31,242.31,41.73,125.19,117.12,,0,242.31,0,242.31,-0.0,0,-3,-125.19,,DK,0
TXN-00675,2025-07-10,SALE,INV-2507-0675,Rongai Home & Agro Supplies,Kiserian,Walk-in,Retail,CUS-1166,,Electrical,LED Bulb 12W,1,291.84,0.05,291.84,277.25,155.98,155.98,121.27,,0,277.25,0,277.25,-0.0,0,-1,-155.98,,JK,0
TXN-00101,2025-01-30,SALE,INV-2501-0101,Rongai Home & Agro Supplies,Kiserian,Phone Order,Retail,CUS-1117,,Agro Inputs,DAP Fertilizer 50kg,1,5273.5,0.03,5273.5,5115.3,4497.27,4497.27,618.03,,0,5115.3,0,5115.3,-0.0,0,-1,-4497.27,,DK,0
TXN-01623,2026-03-22,SALE,INV-2603-1623,Rongai Home & Agro Supplies,Ongata Rongai,Walk-in,Retail,CUS-1160,,Building Materials,Cement 50kg,3,828.21,0.08,2484.63,2285.86,715.77,2147.31,138.55,,0,2285.86,0,2285.86,-0.0,0,-3,-2147.31,,CN,0
TXN-01552,2026-03-04,PURCHASE,GRN-2603-1552,Rongai Home & Agro Supplies,Kiserian,Supplier,,,AgroLink Kenya,Paints,Paint Brush 4in,40,94.68,0,0,0,94.68,3787.2,0,Purchase,0,0.0,3787.2,0,0,0,40,3787.2,,BM,0
TXN-01195,2025-11-28,SALE,INV-2511-1195,Rongai Home & Agro Supplies,Kiserian,Walk-in,Retail,CUS-1050,,Agro Inputs,Maize Seed 2kg,2,601.64,0.03,1203.28,1167.18,443.23,886.46,280.72,,0,1167.18,0,1167.18,-0.0,0,MPESA,-886.46,,BM,0
TXN-00344,2025-04-07,SALE,INV-2504-0344,Rongai Home & Agro Supplies,Kiserian,WhatsApp,Retail,CUS-1047,,Electrical,Switch 1 Gang,1,262.51,0.08,262.51,241.51,150.89,150.89,90.62,,0,241.51,0,241.51,-0.0,0,-1,-150.89,,AM,0
TXN-01573,2026-03-10,SALE,INV-2603-1573,Rongai Home & Agro Supplies,Ongata Rongai,M-Pesa Till,Retail,CUS-1014,,Paints,Paint Brush 4in,2,184.7,0,369.4,369.4,100.44,200.88,168.52,,0,369.4,0,369.4,-0.0,0,-2,-200.88,,ER,0
TXN-01688,2026-04-09,SALE,INV-2604-1688,Rongai Home & Agro Supplies,Ongata Rongai,Walk-in,Retail,CUS-1144,,Building Materials,Galvanized Roofing Sheet 3m,4,1262.26,0.01,5049.04,4998.55,1019.12,4076.48,922.07,,0,4998.55,0,4998.55,-0.0,0,-4,-4076.48,,BM,0
TXN-02070,2026-07-29,PURCHASE,GRN-2607-2070,Rongai Home & Agro Supplies,Ongata Rongai,Supplier,,,Mara Distributors,Building Materials,Cement 50kg,7,730.3,0,0,0,730.3,5112.1,0,Purchase,0,1789.24,3322.86,0,0,0,7,5112.1,,BM,0
TXN-00124,2025-02-05,REFUND,REF-2502-0124,Rongai Home & Agro Supplies,Kiserian,Counter,Contractor,CUS-1030,,Paints,Paint Brush 4in,-1,185.07,0,0,154.13,92.91,0,-154.13,Customer Refund,154.13,0,154.13,0,0,154.13,0,0,refund,DK,0
TXN-00952,2025-09-24,SALE,INV-2509-0952,Rongai Home & Agro Supplies,Ongata Rongai,Walk-in,Institution,CUS-1055,,Plumbing,PVC Tee 20mm,11,91.25,0.0576,1003.75,945.93,48.87,537.57,408.36,,0,945.93,0,945.93,-0.0,0,-11,-537.57,,ER,0
TXN-01596,2026-03-16,SALE,INV-2603-1596,Rongai Home & Agro Supplies,Ongata Rongai,M-Pesa Till,Institution,CUS-1097,,Hardware,Padlock 50mm,11,727.52,0.0299,8002.72,7763.44,420.67,4627.37,3136.07,,0,3105.38,0,3105.38,-4658.06,0,-11,-4627.37,,JK,0
TXN-02039,2026-07-22,SALE,INV-2607-2039,Rongai Home & Agro Supplies,Ongata Rongai,M-Pesa Till,Contractor,CUS-1158,,Building Materials,Cement 50kg,3,780.14,0.1151,2340.42,2071.04,740.58,2221.74,-150.7,,0,2071.04,0,2071.04,-0.0,0,-3,-2221.74,,AM,0
TXN-01995,2026-07-07,SALE,INV-2607-1995,Rongai Home & Agro Supplies,Ongata Rongai,Walk-in,Institution,CUS-1134,,Plumbing,25mm PVC Pipe 6m,4,997.62,0.0729,3990.48,3699.57,864.76,3459.04,240.53,,0,3699.57,0,3699.57,-0.0,0,-4,-3459.04,,BM,0
TXN-01923,2026-06-16,SALE,INV-2606-1923,Rongai Home & Agro Supplies,Kiserian,Phone Order,Contractor,CUS-1150,,Hardware,Panga,13,923.04,0.0774,11999.52,11070.76,644.02,8372.26,2698.5,,0,2767.69,0,2767.69,-8303.07,0,-13,-8372.26,,BM,0
TXN-00133,2025-02-07,SALE,INV-2502-0133,Rongai Home & Agro Supplies,Ongata Rongai,WhatsApp,Contractor,CUS-1175,,Electrical,Switch 1 Gang,8,279.85,0.0315,2238.8,2168.28,143.79,1150.32,1017.96,,0,2168.28,0,2168.28,-0.0,0,-8,-1150.32,,CN,0
TXN-02138,2026-08-17,SALE,INV-2608-2138,Rongai Home & Agro Supplies,Kiserian,WhatsApp,Retail,CUS-1012,,Plumbing,PVC Elbow 20mm,1,77.13,0.03,77.13,74.82,46.51,46.51,28.31,,0,74.82,0,74.82,-0.0,0,-1,-46.51,,CN,0
TXN-00705,2025-07-18,PURCHASE,GRN-2507-0705,Rongai Home & Agro Supplies,Ongata Rongai,Supplier,,,Mara Distributors,Animal Feeds,Chicken Feed 10kg,8,777.58,0,0,0,777.58,6220.64,0,Purchase,0,0.0,6220.64,0,0,0,8,6220.64,,DK,0
TXN-02071,2026-07-30,SALE,INV-2607-2071,Rongai Home & Agro Supplies,Ongata Rongai,WhatsApp,Farmer,CUS-1138,,Plumbing,25mm PVC Pipe 6m,1,1089.87,0.01,1089.87,1078.97,863.9,863.9,215.07,,0,1078.97,0,1078.97,-0.0,0,-1,-863.9,,JK,0
TXN-00546,2025-06-02,SALE,INV-2506-0546,Rongai Home & Agro Supplies,Kiserian,Walk-in,Retail,CUS-1172,,Plumbing,PVC Tee 20mm,10,84.56,0,845.6,845.6,47.72,477.2,368.4,,0,845.6,0,845.6,-0.0,0,-10,-477.2,,CN,0
TXN-02228,2025-09-09,SUPPLIER_PAYMENT,SP-2509-2228,Rongai Home & Agro Supplies,Kiserian,Supplier,,,AgroLink Kenya,,,0,0,0,0,0,0,0,0,Supplier Payment,0,0,62867.0,0,0,0,0,0,Cash,JK,0
TXN-02166,2026-08-26,SALE,INV-2608-2166,Rongai Home & Agro Supplies,Ongata Rongai,Walk-in,Reseller,CUS-1131,,Plumbing,PVC Elbow 20mm,6,70.61,0.0357,423.66,408.54,45.92,275.52,133.02,,0,102.14,0,102.14,-306.4,0,-6,-275.52,,AM,0
TXN-02110,2026-08-10,SALE,INV-2608-2110,Rongai Home & Agro Supplies,Kiserian,M-Pesa Till,Retail,CUS-1019,,Paints,Paint Brush 4in,5,180.14,0.03,900.7,873.68,101.49,507.45,366.23,,0,873.68,0,873.68,-0.0,0,-5,-507.45,,CN,0
TXN-00544,2025-06-02,SALE,INV-2506-0544,Rongai Home & Agro Supplies,Ongata Rongai,Walk-in,Contractor,CUS-1008,,Building Materials,Cement 50kg,9,821.77,0.0474,7395.93,7045.36,654.11,5886.99,1158.37,,0,2818.14,0,2818.14,-4227.22,0,-9,-5886.99,,BM,0
TXN-00382,2025-04-17,SALE,INV-2504-0382,Rongai Home & Agro Supplies,Kiserian,Phone Order,Retail,CUS-1039,,Hardware,Hammer 16oz,1,818.34,0,818.34,818.34,519.4,519.4,298.94,,0,818.34,0,818.34,-0.0,0,M-Pesa Till,-519.4,,ER,0
TXN-01891,2026-06-06,SALE,INV-2606-1891,Rongai Home & Agro Supplies,Kiserian,WhatsApp,Retail,CUS-1030,,Paints,Gloss Paint 4L,1,2439.95,0.01,2439.95,2415.55,1911.01,1911.01,504.54,,0,2415.55,0,2415.55,-0.0,0,-1,-1911.01,,BM,0
TXN-01968,2026-06-30,SALE,INV-2606-1968,Rongai Home & Agro Supplies,Kiserian,M-Pesa Till,Retail,CUS-1103,,Plumbing,Basin Tap Chrome,1,1494.24,0.01,1494.24,1479.3,1017.29,1017.29,462.01,,0,1479.3,0,1479.3,-0.0,0,-1,-1017.29,,DK,0
TXN-02054,2026-07-25,SALE,INV-2607-2054,Rongai Home & Agro Supplies,Kiserian,WhatsApp,Retail,CUS-1039,,Paints,20L Emulsion Paint,2,5597.6,0,11195.2,11195.2,4251.71,8503.42,2691.78,,0,11195.2,0,11195.2,-0.0,0,-2,-8503.42,,DK,0
TXN-00762,2025-08-05,SALE,INV-2508-0762,Rongai Home & Agro Supplies,Kiserian,M-Pesa Till,Retail,CUS-1118,,Animal Feeds,Chicken Feed 10kg,1,931.26,0.08,931.26,856.76,773.29,773.29,83.47,,0,856.76,0,856.76,-0.0,0,-1,-773.29,,ER,0
TXN-00595,2025-06-17,EXPENSE,EXP-2506-0595,Rongai Home & Agro Supplies,Kiserian,Back Office,,,,,,0,0,0,0,0,0,0,0,Internet,3500,0,3500,0,0,0,0,0,M-PESA,DK,0
TXN-00330,2025-04-04,SALE,INV-2504-0330,Rongai Home & Agro Supplies,Kiserian,M-Pesa Till,Reseller,CUS-1013,,Building Materials,Cement 50kg,14,826.68,0.0561,11573.52,10924.25,660.31,9244.34,1679.91,,0,2731.06,0,2731.06,-8193.19,0,-14,-9244.34,,BM,0
TXN-01349,2026-01-05,SALE,INV-2601-1349,Rongai Home & Agro Supplies,Ongata Rongai,M-Pesa Till,Reseller,CUS-1008,,Plumbing,PVC Tee 20mm,10,87.53,0.0539,875.3,828.12,52.19,521.9,306.22,,0,331.25,0,331.25,-496.87,0,-10,-521.9,,ER,0
TXN-00308,2025-03-30,SALE,INV-2503-0308,Rongai Home & Agro Supplies,Kiserian,Phone Order,Retail,CUS-1006,,Building Materials,Cement 50kg,3,769.69,0.02,2309.07,2262.89,659.91,1979.73,283.16,,0,2262.89,0,2262.89,-0.0,0,-3,-1979.73,,CN,0
TXN-02163,2026-08-25,SALE,INV-2608-2163,Rongai Home & Agro Supplies,Ongata Rongai,Phone Order,Institution,CUS-1131,,Electrical,Switch 1 Gang,4,253.01,0.0524,1012.04,959.01,155.54,622.16,336.85,,0,383.6,0,383.6,-575.41,0,-4,-622.16,,BM,0
TXN-00663,2025-07-07,SALE,INV-2507-0663,Rongai Home & Agro Supplies,Kiserian,Phone Order,Farmer,CUS-1076,,Plumbing,20mm PVC Pipe 6m,3,776.78,0.02,2330.34,2283.73,592.34,1777.02,506.71,,0,2283.73,0,2283.73,-0.0,0,-3,-1777.02,,AM,0
TXN-02057,2026-07-26,SALE,INV-2607-2057,Rongai Home & Agro Supplies,Kiserian,Phone Order,Retail,CUS-1127,,Building Materials,2x2 Timber 12ft,3,525.61,0.03,1576.83,1529.53,395.05,1185.15,344.38,,0,1529.53,0,1529.53,-0.0,0,-3,-1185.15,,CN,0
TXN-00914,2025-09-15,SALE,INV-2509-0914,Rongai Home & Agro Supplies,Kiserian,WhatsApp,Retail,CUS-1050,,Hardware,Padlock 50mm,4,710.4,0.05,2841.6,2699.52,410.12,1640.48,1059.04,,0,2699.52,0,2699.52,-0.0,0,-4,-1640.48,,DK,0
TXN-01130,2025-11-11,SALE,INV-2511-1130,Rongai Home & Agro Supplies,Ongata Rongai,WhatsApp,Institution,CUS-1008,,Plumbing,PVC Tee 20mm,10,88.4,0.0506,884.0,839.27,50.08,500.8,338.47,,0,419.63,0,419.63,-419.64,0,-10,-500.8,,JK,0
TXN-00892,2025-09-09,SALE,INV-2509-0892,Rongai Home & Agro Supplies,Kiserian,Credit Customer,Institution,CUS-1175,,Building Materials,Damp Proof Course 20m,11,1244.77,0.0492,13692.47,13018.8,876.16,9637.76,3381.04,,0,5207.52,0,5207.52,-7811.28,0,M-Pesa Till,-9637.76,,JK,0
TXN-01885,2026-06-05,SALE,INV-2606-1885,Rongai Home & Agro Supplies,Ongata Rongai,Walk-in,Farmer,CUS-1112,,Paints,Paint Brush 4in,5,170.81,0.03,854.05,828.43,106.94,534.7,293.73,,0,828.43,0,828.43,-0.0,0,-5,-534.7,,CN,0
TXN-01379,2026-01-13,SALE,INV-2601-1379,Rongai Home & Agro Supplies,Ongata Rongai,Phone Order,Farmer,CUS-1051,,Building Materials,Cement 50kg,3,777.97,0.01,2333.91,2310.57,716.26,2148.78,161.79,,0,2310.57,0,2310.57,-0.0,0,-3,-2148.78,,DK,0
TXN-01915,2026-06-13,SALE,INV-2606-1915,Rongai Home & Agro Supplies,Ongata Rongai,Walk-in,Retail,CUS-1040,,Plumbing,PVC Tee 20mm,1,81.82,0.02,81.82,80.18,54.12,54.12,26.06,,0,80.18,0,80.18,-0.0,0,-1,-54.12,,DK,0
TXN-02270,2026-05-28,SUPPLIER_PAYMENT,SP-2605-2270,Rongai Home & Agro Supplies,Kiserian,Supplier,,,Mara Distributors,,,0,0,0,0,0,0,0,0,Supplier Payment,0,0,31727.0,0,0,0,0,0,Bank Transfer,DK,0
TXN-01687,2026-04-08,EXPENSE,EXP-2604-1687,Rongai Home & Agro Supplies,Kiserian,Back Office,,,,,,0,0,0,0,0,0,0,0,Bank Charges,2604.5,0,2604.5,0,0,0,0,0,M-PESA,JK,0
TXN-02130,2026-08-14,EXPENSE,EXP-2608-2130,Rongai Home & Agro Supplies,Ongata Rongai,Back Office,,,,,,0,0,0,0,0,0,0,0,Repairs,13450.52,0,13450.52,0,0,0,0,0,Bank Transfer,AM,0
TXN-01514,2026-02-21,SALE,INV-2602-1514,Rongai Home & Agro Supplies,Kiserian,Walk-in,Reseller,CUS-1118,,Plumbing,PVC Tee 20mm,5,89.57,0.0315,447.85,433.74,50.17,250.85,182.89,,0,433.74,0,433.74,-0.0,0,-5,-250.85,,ER,0
TXN-00745,2025-07-31,SALE,INV-2507-0745,Rongai Home & Agro Supplies,Kiserian,M-Pesa Till,Institution,CUS-1178,,Agro Inputs,Foliar Feed 1L,11,986.62,0.025,10852.82,10581.5,595.79,6553.69,4027.81,,0,5290.75,0,5290.75,-5290.75,0,-11,-6553.69,,CN,0
TXN-02272,2026-04-07,SUPPLIER_PAYMENT,SP-2604-2272,Rongai Home & Agro Supplies,Kiserian,Supplier,,,Nairobi Electrical Mart,,,0,0,0,0,0,0,0,0,Supplier Payment,0,0,6583.0,0,0,0,0,0,Cash,ER,0
TXN-00887,2025-09-07,CUSTOMER_PAYMENT,RCPT-2509-0887,Rongai Home & Agro Supplies,Kiserian,Collections,Contractor,CUS-1045,,,,0,0,0,0,0,0,0,0,Customer Collection,0,21469.0,0,21469.0,21469.0,0,0,0,Bank Transfer,DK,0
TXN-00536,2025-05-30,SALE,INV-2505-0536,Rongai Home & Agro Supplies,Kiserian,Phone Order,Retail,CUS-1045,,Plumbing,PVC Elbow 20mm,4,80.48,0,321.92,321.92,42.33,169.32,152.6,,0,321.92,0,321.92,-0.0,0,-4,-169.32,,ER,0
TXN-02125,2026-08-14,SALE,INV-2608-2125,Rongai Home & Agro Supplies,Ongata Rongai,M-Pesa Till,Farmer,CUS-1103,,Electrical,Switch 1 Gang,1,258.25,0.03,258.25,250.5,159.4,159.4,91.1,,0,250.5,0,250.5,-0.0,0,-1,-159.4,,DK,0
TXN-01348,2026-01-05,SALE,INV-2601-1348,Rongai Home & Agro Supplies,Kiserian,WhatsApp,Contractor,CUS-1116,,Electrical,Switch 1 Gang,4,260.45,0.0473,1041.8,992.52,149.53,598.12,394.4,,0,992.52,0,992.52,-0.0,0,-4,-598.12,,BM,0
TXN-00582,2025-06-13,SALE,INV-2506-0582,Rongai Home & Agro Supplies,Kiserian,Walk-in,Reseller,CUS-1018,,Building Materials,Cement 50kg,10,774.7,0.0476,7747.0,7378.24,660.77,6607.7,770.54,,0,7378.24,0,7378.24,-0.0,0,-10,-6607.7,,ER,0
TXN-01613,2026-03-20,SALE,INV-2603-1613,Rongai Home & Agro Supplies,Ongata Rongai,M-Pesa Till,Retail,CUS-1105,,Plumbing,20mm PVC Pipe 6m,5,833.51,0,4167.55,4167.55,639.2,3196.0,971.55,,0,4167.55,0,4167.55,-0.0,0,-5,-3196.0,,AM,1
TXN-02086,2026-08-03,SALE,INV-2608-2086,Rongai Home & Agro Supplies,Kiserian,M-Pesa Till,Retail,CUS-1050,,Electrical,Switch 1 Gang,3,265.33,0.08,795.99,732.31,156.12,468.36,263.95,,0,732.31,0,732.31,-0.0,0,-3,-468.36,,BM,0
TXN-01134,2025-11-12,SALE,INV-2511-1134,Rongai Home & Agro Supplies,Kiserian,Phone Order,Farmer,CUS-1057,,Paints,20L Emulsion Paint,0,5562.4,0,11124.8,11124.8,3807.84,7615.68,3509.12,,0,11124.8,0,11124.8,-0.0,0,-2,-7615.68,,AM,0
TXN-01453,2026-02-04,SALE,INV-2602-1453,Rongai Home & Agro Supplies,Kiserian,Walk-in,Retail,CUS-1080,,Electricals,Socket 13A,1,374.52,0.08,374.52,344.56,240.9,240.9,103.66,,0,344.56,0,344.56,-0.0,0,-1,-240.9,,ER,0
TXN-01680,2026-04-07,SALE,INV-2604-1680,Rongai Home & Agro Supplies,Kiserian,WhatsApp,Contractor,CUS-1169,,Agro Inputs,Foliar Feed 1L,12,1036.6,0.0489,12439.2,11830.92,687.23,8246.76,3584.16,,0,2957.73,0,2957.73,-8873.19,0,-12,-8246.76,,ER,0
TXN-02142,08/19/2026,SALE,INV-2608-2142,Rongai Home & Agro Supplies,Ongata Rongai,Walk-in,Farmer,CUS-1039,,Plumbing,PVC Tee 20mm,1,82.57,0.01,82.57,81.74,51.79,51.79,29.95,,0,81.74,0,81.74,-0.0,0,-1,-51.79,,AM,0
TXN-01414,2026-01-23,EXPENSE,EXP-2601-1414,Rongai Home & Agro Supplies,Ongata Rongai,Back Office,,,,,,0,0,0,0,0,0,0,0,Marketing,7784,0,7784,0,0,0,0,0,Cash,ER,0
TXN-00026,2025-01-07,EXPENSE,EXP-2501-0026,Rongai Home & Agro Supplies,Ongata Rongai,Back Office,,,,,,0,0,0,0,0,0,0,0,Internet,3000,0,3000,0,0,0,0,0,Cash,CN,0
TXN-01292,2025-12-22,SALE,INV-2512-1292,Rongai Home & Agro Supplies,Ongata Rongai,WhatsApp,Farmer,CUS-1092,,Building Materials,Cement 50kg,11,781.97,0.03,8601.67,8343.62,654.73,7202.03,1141.59,,0,8343.62,0,8343.62,-0.0,0,-11,-7202.03,,ER,0
TXN-00063,2025-01-18,SALE,INV-2501-0063,Rongai Home & Agro Supplies,Kiserian,Walk-in,Institution,CUS-1085,,Building Materials,2x2 Timber 12ft,14,530.21,0.0219,7422.94,7260.38,370.61,5188.54,2071.84,,0,2904.15,0,2904.15,-4356.23,0,-14,-5188.54,,JK,0
TXN-01713,2026-04-15,PURCHASE,GRN-2604-1713,Rongai Home & Agro Supplies,Ongata Rongai,Supplier,,,Eastlands Hardware Wholesalers,Electrical,Socket 13A,3,229.39,0,0,0,229.39,688.17,0,Purchase,0,344.08,344.09,0,0,0,3,688.17,,BM,0
TXN-01421,2026-01-26,SALE,INV-2601-1421,Rongai Home & Agro Supplies,Kiserian,WhatsApp,Retail,CUS-1086,,Plumbing,25mm PVC Pipe 6m,4,1074.7,0.01,4298.8,4255.81,813.75,3255.0,1000.81,,0,4255.81,0,4255.81,-0.0,0,-4,-3255.0,,JK,0
TXN-00237,2025-03-10,SALE,INV-2503-0237,Rongai Home & Agro Supplies,Kiserian,Walk-in,Contractor,CUS-1123,,Plumbing,20mm PVC Pipe 6m,9,824.18,0.0711,7417.62,6890.23,585.02,5265.18,1625.05,,0,6890.23,0,6890.23,-0.0,0,-9,-5265.18,,BM,0
TXN-00036,2025-01-10,SALE,INV-2501-0036,Rongai Home & Agro Supplies,Kiserian,WhatsApp,Retail,CUS-1116,,Building Materials,2x2 Timber 12ft,3,560.04,0,1680.12,1680.12,377.72,1133.16,546.96,,0,1680.12,0,1680.12,-0.0,0,-3,-1133.16,,CN,0
TXN-01222,2025-12-05,SALE,INV-2512-1222,Rongai Home & Agro Supplies,Ongata Rongai,Phone Order,Retail,CUS-1042,,Agro Inputs,Maize Seed 2kg,1,620.64,0.03,620.64,602.02,432.93,432.93,169.09,,0,602.02,0,602.02,-0.0,0,-1,-432.93,,ER,0
TXN-00665,2025-07-07,PURCHASE,GRN-2507-0665,Rongai Home & Agro Supplies,Kiserian,Supplier,,,Nairobi Electrical Mart,Building Materials,Cement 50kg,10,661.51,0,0,0,661.51,6615.1,0,Purchase,0,4961.33,1653.77,0,0,0,10,6615.1,,ER,0
TXN-02052,2026-07-25,SALE,INV-2607-2052,Rongai Home & Agro Supplies,Ongata Rongai,Walk-in,Institution,CUS-1115,,Building Materials,Cement 50kg,14,830.29,0.111,11624.06,10333.79,694.02,9716.28,617.51,,0,10333.79,0,10333.79,-0.0,0,-14,-9716.28,,BM,0
TXN-01903,2026-06-10,SALE,INV-2606-1903,Rongai Home & Agro Supplies,Ongata Rongai,Walk-in,Contractor,CUS-1086,,Plumbing,PVC Tee 20mm,9,87.64,0.0404,788.76,756.89,52.93,476.37,280.52,,0,0.0,0,0.0,-756.89,0,-9,-476.37,,DK,0
TXN-01759,2026-04-27,PURCHASE,GRN-2604-1759,Rongai Home & Agro Supplies,Ongata Rongai,Supplier,,,Mara Distributors,Plumbing,20mm PVC Pipe 6m,3,641.36,0,0,0,641.36,1924.08,0,Purchase,0,962.04,962.04,0,0,0,3,1924.08,,AM,0
TXN-01478,2026-02-11,SALE,INV-2602-1478,Rongai Home & Agro Supplies,Kiserian,Phone Order,Retail,CUS-1135,,Hardware,Panga,1,923.46,0,923.46,923.46,593.42,593.42,330.04,,0,923.46,0,923.46,-0.0,0,-1,-593.42,,CN,0
TXN-01140,2025-11-13,SALE,INV-2511-1140,Rongai Home & Agro Supplies,Ongata Rongai,WhatsApp,Reseller,CUS-1159,,Animal Feeds,Chicken Feed 10kg,14,1028.54,0.0398,14399.56,13826.46,748.49,10478.86,3347.6,,0,13826.46,0,13826.46,-0.0,0,-14,-10478.86,,JK,0
TXN-00258,2025-03-15,EXPENSE,EXP-2503-0258,Rongai Home & Agro Supplies,Ongata Rongai,Back Office,,,,,,0,0,0,0,0,0,0,0,Miscellaneous,2150,0,2150,0,0,0,0,0,Bank Transfer,CN,0
TXN-01533,2026-02-27,SALE,INV-2602-1533,Rongai Home & Agro Supplies,Ongata Rongai,WhatsApp,Retail,CUS-1003,,Building Materials,Cement 50kg,3,771.81,0.01,2315.43,2292.28,703.9,2111.7,180.58,,0,2292.28,0,2292.28,-0.0,0,-3,-2111.7,,ER,0
TXN-00163,2025-02-15,SALE,INV-2502-0163,Rongai Home & Agro Supplies,Ongata Rongai,WhatsApp,Retail,CUS-1114,,Plumbing,20mm PVC Pipe 6m,5,780.86,0.05,3904.3,3709.09,577.59,2887.95,821.14,,0,3709.09,0,3709.09,-0.0,0,-5,-2887.95,,CN,0
TXN-01751,2026-04-25,SALE,INV-2604-1751,Rongai Home & Agro Supplies,Ongata Rongai,WhatsApp,Retail,CUS-1149,,Agro Inputs,DAP Fertilizer 50kg,1,5494.4,0.02,5494.4,5384.51,4719.31,4719.31,665.2,,0,5384.51,0,5384.51,-0.0,0,-1,-4719.31,,BM,0
TXN-00432,2025-04-29,SALE,INV-2504-0432,Rongai Home & Agro Supplies,Ongata Rongai,M-Pesa Till,Retail,CUS-1061,,Paints,Gloss Paint 4L,1,2407.17,0.05,2407.17,2286.81,1830.59,1830.59,456.22,,0,2286.81,0,2286.81,-0.0,0,-1,-1830.59,,JK,0
TXN-02092,2026-08-04,CUSTOMER_PAYMENT,RCPT-2608-2092,Rongai Home & Agro Supplies,Ongata Rongai,Collections,Contractor,CUS-1073,,,,0,0,0,0,0,0,0,0,Customer Collection,0,15410.0,0,15410.0,15410.0,0,0,0,M-PESA,JK,0
TXN-00390,2025-04-19,SALE,INV-2504-0390,Rongai Home & Agro Supplies,Kiserian,Phone Order,Retail,CUS-1075,,Plumbing,20mm PVC Pipe 6m,1,825.51,0.05,825.51,784.23,586.78,586.78,197.45,,0,784.23,0,784.23,-0.0,0,-1,-586.78,,ER,0
TXN-00668,2025-07-08,SALE,INV-2507-0668,Rongai Home & Agro Supplies,Kiserian,M-Pesa Till,Farmer,CUS-1024,,Animal Feeds,Chicken Feed 10kg,4,973.28,0,3893.12,3893.12,751.71,3006.84,886.28,,0,3893.12,0,3893.12,-0.0,0,-4,-3006.84,,ER,0
TXN-00002,2025-01-01,SALE,INV-2501-0002,Rongai Home & Agro Supplies,Kiserian,Phone Order,Farmer,CUS-1130,,Agro Inputs,Maize Seed 2kg,1,599.32,0.05,599.32,569.35,449.22,449.22,120.13,,0,569.35,0,569.35,-0.0,0,-1,-449.22,,DK,0
TXN-01382,2026-01-14,SALE,INV-2601-1382,Rongai Home & Agro Supplies,Ongata Rongai,Phone Order,Retail,CUS-1164,,Building Materials,Binding Wire 25kg,2,4370.33,0.01,8740.66,8653.25,3568.0,7136.0,1517.25,,0,8653.25,0,8653.25,-0.0,0,-2,-7136.0,,AM,0
TXN-02162,2026-08-25,REFUND,REF-2608-2162,Rongai Home & Agro Supplies,Ongata Rongai,Counter,Retail,CUS-1177,,Paints,Paint Brush 4in,-1,177.32,0,0,144.41,104.79,0,-144.41,Customer Refund,144.41,0,144.41,0,0,144.41,0,0,refund,JK,0
TXN-00462,2025-05-07,PURCHASE,GRN-2505-0462,Rongai Home & Agro Supplies,Ongata Rongai,Supplier,,,Eastlands Hardware Wholesalers,Agro Inputs,Maize Seed 2kg,12,447.13,0,0,0,447.13,5365.56,0,Purchase,0,1877.95,3487.61,0,0,0,12,5365.56,,DK,0
TXN-00865,2025-09-01,SALE,INV-2509-0865,Rongai Home & Agro Supplies,Kiserian,Walk-in,Contractor,CUS-1164,,Hardware,Padlock 50mm,4,682.3,0.0433,2729.2,2611.03,406.63,1626.52,984.51,,0,1044.41,0,1044.41,-1566.62,0,-4,-1626.52,,JK,1
TXN-01483,2026-02-12,SALE,INV-2602-1483,Rongai Home & Agro Supplies,Kiserian,Credit Customer,Contractor,CUS-1133,,Animal Feeds,Dairy Meal 25kg,14,2611.96,0.0674,36567.44,34102.79,2179.99,30519.86,3582.93,,0,13641.12,0,13641.12,-20461.67,0,-14,-30519.86,,BM,0
TXN-01882,2026-06-03,PURCHASE,GRN-2606-1882,Rongai Home & Agro Supplies,Kiserian,Supplier,,,Mara Distributors,Hardware,Panga,3,609.59,0,0,0,609.59,1828.77,0,Purchase,0,1371.58,457.19,0,0,0,3,1828.77,,DK,0
TXN-01646,2026-03-28,SALE,INV-2603-1646,Rongai Home & Agro Supplies,Kiserian,Phone Order,Retail,CUS-1153,,Paints,Paint Brush 4in,3,190.72,0.01,572.16,566.44,104.44,313.32,253.12,,0,566.44,0,566.44,-0.0,0,-3,-313.32,,AM,0
TXN-00136,2025-02-07,PURCHASE,GRN-2502-0136,Rongai Home & Agro Supplies,Kiserian,Supplier,,,Mara Distributors,Hardware,Panga,7,540.26,0,0,0,540.26,3781.82,0,Purchase,0,3781.82,0.0,0,0,0,7,3781.82,,BM,0
TXN-00523,2025-05-26,SALE,INV-2505-0523,Rongai Home & Agro Supplies,Kiserian,Walk-in,Reseller,CUS-1021,,Building Materials,Cement 50kg,4,810.57,0.0746,3242.28,3000.41,656.26,2625.04,375.37,,0,3000.41,0,3000.41,-0.0,0,-4,-2625.04,,DK,0
TXN-01036,2025-10-16,SALE,INV-2510-1036,Rongai Home & Agro Supplies,Kiserian,Walk-in,Retail,CUS-1100,,Paints,20L Emulsion Paint,2,5594.85,0.03,11189.7,10854.01,4022.97,8045.94,2808.07,,0,10854.01,0,10854.01,-0.0,0,-2,-8045.94,,JK,0
TXN-00514,2025-05-23,SALE,INV-2505-0514,Rongai Home & Agro Supplies,Ongata Rongai,M-Pesa Till,Reseller,CUS-1003,,Animal Feeds,Chicken Feed 10kg,10,1001.31,0.0521,10013.1,9491.42,755.03,7550.3,1941.12,,0,9491.42,0,9491.42,-0.0,0,-10,-7550.3,,DK,0
TXN-02205,23/11/2025,STOCK_ADJUSTMENT,ADJ-2511-2205,Rongai Home & Agro Supplies,Kiserian,Stock Count,,,,Animal Feeds,Chicken Feed 10kg,2,0,0,0,0,0,0,0,Stock Adjustment,0,0,0,0,0,0,2,1520,Manual count variance,CN,0
TXN-01690,2026-04-09,SALE,INV-2604-1690,Rongai Home & Agro Supplies,Kiserian,Credit Customer,Contractor,CUS-1096,,Building Materials,Cement 50kg,8,747.29,0.0795,5978.32,5503.04,709.88,5679.04,-176.0,,0,2751.52,0,2751.52,-2751.52,0,-8,-5679.04,,BM,0
TXN-01564,2026-03-08,EXPENSE,EXP-2603-1564,Rongai Home & Agro Supplies,Ongata Rongai,Back Office,,,,,,0,0,0,0,0,0,0,0,Repairs,5084,0,5084,0,0,0,0,0,M-PESA,ER,0
TXN-00638,2025-06-29,SALE,INV-2506-0638,Rongai Home & Agro Supplies,Kiserian,Walk-in,Retail,CUS-1123,,Agro Inputs,CAN Fertilizer 50kg,2,4880.8,0.08,9761.6,8980.67,3909.03,7818.06,1162.61,,0,8980.67,0,8980.67,-0.0,0,-2,-7818.06,,DK,0
TXN-00042,2025-01-13,SALE,INV-2501-0042,Rongai Home & Agro Supplies,Kiserian,Phone Order,Farmer,CUS-1117,,Building Materials,Cement 50kg,1,778.39,0.01,778.39,770.61,679.59,679.59,91.02,,0,770.61,0,770.61,-0.0,0,-1,-679.59,,CN,0
TXN-01160,2025-11-19,SALE,INV-2511-1160,Rongai Home & Agro Supplies,Kiserian,Walk-in,Contractor,CUS-1017,,Building Materials,Galvanized Roofing Sheet 3m,3,1211.71,0.0239,3635.13,3548.25,900.8,2702.4,845.85,,0,0.0,0,0.0,-3548.25,0,-3,-2702.4,,CN,0
TXN-00709,2025-07-20,SALE,INV-2507-0709,Rongai Home & Agro Supplies,Kiserian,Walk-in,Retail,CUS-1018,,Building Materials,Galvanized Roofing Sheet 3m,1,1257.98,0.08,1257.98,1157.34,903.9,903.9,253.44,,0,1157.34,0,1157.34,-0.0,0,-1,-903.9,,JK,1
TXN-01825,2026-05-17,SALE,INV-2605-1825,Rongai Home & Agro Supplies,Ongata Rongai,M-Pesa Till,Retail,CUS-1049,,Electrical,LED Bulb 12W,1,284.34,0,284.34,284.34,171.35,171.35,112.99,,0,284.34,0,284.34,-0.0,0,-1,-171.35,,DK,0
TXN-01446,2026-02-02,SALE,INV-2602-1446,Rongai Home & Agro Supplies,Ongata Rongai,Walk-in,Farmer,CUS-1132,,Building Materials,Cement 50kg,13,799.9,0.01,10398.7,10294.71,692.92,9007.96,1286.75,,0,10294.71,0,10294.71,-0.0,0,-13,-9007.96,,ER,0
TXN-00458,2025-05-06,CUSTOMER_PAYMENT,RCPT-2505-0458,Rongai Home & Agro Supplies,Ongata Rongai,Collections,Contractor,CUS-1013,,,,0,0,0,0,0,0,0,0,Customer Collection,0,9088.0,0,9088.0,9088.0,0,0,0,M-PESA,ER,0
TXN-00496,2025-05-16,SALE,INV-2505-0496,Rongai Home & Agro Supplies,Kiserian,M-Pesa Till,Contractor,CUS-1088,,Agro Inputs,DAP Fertilizer 50kg,8,5635.83,0.0587,45086.64,42440.05,4450.26,35602.08,6837.97,,0,16976.02,0,16976.02,-25464.03,0,-8,-35602.08,,CN,0
TXN-01590,2026-03-14,SALE,INV-2603-1590,Rongai Home & Agro Supplies,Kiserian,WhatsApp,Farmer,CUS-1079,,Electrical,Switch 1 Gang,2,252.37,0.08,504.74,464.36,151.89,303.78,160.58,,0,464.36,0,464.36,-0.0,0,MPESA,-303.78,,DK,0
TXN-00894,2025-09-09,SALE,INV-2509-0894,Rongai Home & Agro Supplies,Kiserian,Phone Order,Retail,CUS-1029,,Plumbing,Basin Tap Chrome,1,1497.68,0.03,1497.68,1452.75,921.98,921.98,530.77,,0,1452.75,0,1452.75,-0.0,0,-1,-921.98,,JK,0
TXN-00776,2025-08-08,SALE,INV-2508-0776,Rongai Home & Agro Supplies,Ongata Rongai,Walk-in,Retail,CUS-1128,,Building Materials,Galvanized Roofing Sheet 3m,2,1198.33,0,2396.66,2396.66,884.86,1769.72,626.94,,0,2396.66,0,2396.66,-0.0,0,-2,-1769.72,,BM,0
TXN-00367,2025-04-13,SALE,INV-2504-0367,Rongai Home & Agro Supplies,Ongata Rongai,Phone Order,Institution,CUS-1121,,Electrical,Electrical Cable 1.5mm 90m,5,7707.52,0.0504,38537.6,36595.3,5785.49,28927.45,7667.85,,0,36595.3,0,36595.3,-0.0,0,-5,-28927.45,,CN,0
TXN-00062,2025-01-18,SALE,INV-2501-0062,Rongai Home & Agro Supplies,Ongata Rongai,WhatsApp,Retail,CUS-1078,,Plumbing,PVC Tee 20mm,1,84.62,0.03,84.62,82.08,49.88,49.88,32.2,,0,82.08,0,82.08,-0.0,0,-1,-49.88,,JK,0
TXN-00351,2025-04-09,SALE,INV-2504-0351,Rongai Home & Agro Supplies,Ongata Rongai,WhatsApp,Farmer,CUS-1069,,Paints,20L Emulsion Paint,1,4989.0,0,4989.0,4989.0,3991.49,3991.49,997.51,,0,4989.0,0,4989.0,-0.0,0,-1,-3991.49,,BM,0
TXN-01120,2025-11-06,SALE,INV-2511-1120,Rongai Home & Agro Supplies,Ongata Rongai,Phone Order,Retail,CUS-1006,,Plumbing,Basin Tap Chrome,3,1406.99,0,4220.97,4220.97,926.16,2778.48,1442.49,,0,4220.97,0,4220.97,-0.0,0,-3,-2778.48,,AM,0
TXN-01547,2026-03-03,SALE,INV-2603-1547,Rongai Home & Agro Supplies,Kiserian,Walk-in,Retail,CUS-1151,,Plumbing,PVC Elbow 20mm,6,79.72,0.01,478.32,473.54,45.36,272.16,201.38,,0,473.54,0,473.54,-0.0,0,-6,-272.16,,AM,0
TXN-00045,2025-01-14,SALE,INV-2501-0045,Rongai Home & Agro Supplies,Ongata Rongai,Walk-in,Retail,CUS-1031,,Paints,Paint Brush 4in,1,169.57,0,169.57,169.57,93.64,93.64,75.93,,0,169.57,0,169.57,-0.0,0,-1,-93.64,,DK,0
TXN-00227,2025-03-07,SALE,INV-2503-0227,Rongai Home & Agro Supplies,Ongata Rongai,Walk-in,Retail,CUS-1173,,Plumbing,PVC Tee 20mm,3,90.06,0,270.18,270.18,49.87,149.61,120.57,,0,270.18,0,270.18,-0.0,0,-3,-149.61,,ER,0
TXN-00586,2025-06-14,SALE,INV-2506-0586,Rongai Home & Agro Supplies,Ongata Rongai,Phone Order,Reseller,,,Paints,Paint Brush 4in,12,175.26,0.046,2103.12,2006.38,98.99,1187.88,818.5,,0,802.55,0,802.55,-1203.83,0,-12,-1187.88,,ER,0
TXN-00571,2025-06-10,SALE,INV-2506-0571,Rongai Home & Agro Supplies,Kiserian,Phone Order,Farmer,CUS-1033,,Animal Feeds,Dairy Meal 25kg,3,2414.0,0,7242.0,7242.0,1996.99,5990.97,1251.03,,0,7242.0,0,7242.0,-0.0,0,-3,-5990.97,,ER,0
TXN-00480,2025-05-12,SALE,INV-2505-0480,Rongai Home & Agro Supplies,Kiserian,Walk-in,Institution,CUS-1114,,Building Materials,2x2 Timber 12ft,7,501.39,0.0603,3509.73,3298.09,382.61,2678.27,619.82,,0,3298.09,0,3298.09,-0.0,0,-7,-2678.27,,JK,0
TXN-01048,2025-10-19,EXPENSE,EXP-2510-1048,Rongai Home & Agro Supplies,Kiserian,Back Office,,,,,,0,0,0,0,0,0,0,0,Internet,4000,0,4000,0,0,0,0,0,M-PESA,JK,0
TXN-00720,2025-07-23,SALE,INV-2507-0720,Rongai Home & Agro Supplies,Kiserian,WhatsApp,Retail,CUS-1009,,Household,Jerrycan 20L,1,739.64,0,739.64,739.64,488.5,488.5,251.14,,0,739.64,0,739.64,-0.0,0,-1,-488.5,,BM,0
TXN-00693,2025-07-16,SALE,INV-2507-0693,Rongai Home & Agro Supplies,Ongata Rongai,Walk-in,Farmer,CUS-1006,,Plumbing,PVC Tee 20mm,6,90.15,0.08,540.9,497.63,48.79,292.74,204.89,,0,497.63,0,497.63,-0.0,0,-6,-292.74,,JK,0
TXN-01408,2026-01-21,PURCHASE,GRN-2601-1408,Rongai Home & Agro Supplies,Ongata Rongai,Supplier,,,Nairobi Electrical Mart,Plumbing,20mm PVC Pipe 6m,11,590.75,0,0,0,590.75,6498.25,0,Purchase,0,0.0,6498.25,0,0,0,11,6498.25,,ER,0
TXN-00743,2025-07-30,SALE,INV-2507-0743,Rongai Home & Agro Supplies,Kiserian,M-Pesa Till,Farmer,CUS-1176,,Building Materials,Cement 50kg,1,780.53,0.08,780.53,718.09,659.71,659.71,58.38,,0,718.09,0,718.09,-0.0,0,-1,-659.71,,BM,0
TXN-01978,2026-07-02,EXPENSE,EXP-2607-1978,Rongai Home & Agro Supplies,Ongata Rongai,Back Office,,,,,,0,0,0,0,0,0,0,0,Repairs,6942.14,0,6942.14,0,0,0,0,0,Cash,BM,0
TXN-00710,2025-07-21,SALE,INV-2507-0710,Rongai Home & Agro Supplies,Kiserian,WhatsApp,Contractor,CUS-1051,,Hardware,Padlock 50mm,12,689.18,0.0702,8270.16,7689.59,410.82,4929.84,2759.75,,0,7689.59,0,7689.59,-0.0,0,-12,-4929.84,,ER,0
TXN-01465,2026-02-07,SALE,INV-2602-1465,Rongai Home & Agro Supplies,Kiserian,Phone Order,Retail,CUS-1033,,Agro Inputs,Knapsack Sprayer 20L,2,4806.93,0,9613.86,9613.86,3581.37,7162.74,2451.12,,0,9613.86,0,9613.86,-0.0,0,-2,-7162.74,,AM,0
TXN-01413,2026-01-23,PURCHASE,GRN-2601-1413,Rongai Home & Agro Supplies,Kiserian,Supplier,,,AgroLink Kenya,Building Materials,Damp Proof Course 20m,3,937.34,0,0,0,937.34,2812.02,0,Purchase,0,1406.01,1406.01,0,0,0,3,2812.02,,CN,0
TXN-01912,2026-06-12,SALE,INV-2606-1912,Rongai Home & Agro Supplies,Kiserian,Walk-in,Retail,CUS-1150,,Paints,Paint Brush 4in,3,191.37,0.05,574.11,545.4,101.97,305.91,239.49,,0,545.4,0,545.4,-0.0,0,-3,-305.91,,DK,0
TXN-01926,2026-06-17,SALE,INV-2606-1926,Rongai Home & Agro Supplies,Kiserian,M-Pesa Till,Retail,CUS-1133,,Building Materials,2x2 Timber 12ft,4,547.59,0.02,2190.36,2146.55,415.09,1660.36,486.19,,0,2146.55,0,2146.55,-0.0,0,-4,-1660.36,,BM,0
TXN-01270,2025-12-16,SALE,INV-2512-1270,Rongai Home & Agro Supplies,Kiserian,WhatsApp,Retail,CUS-1093,,Plumbing,25mm PVC Pipe 6m,5,991.91,0.03,4959.55,4810.76,750.04,3750.2,1060.56,,0,4810.76,0,4810.76,-0.0,0,-5,-3750.2,,DK,0
TXN-01204,2025-12-01,SALE,INV-2512-1204,Rongai Home & Agro Supplies,Ongata Rongai,M-Pesa Till,Retail,CUS-1128,,Building Materials,Cement 50kg,13,771.15,0.02,10024.95,9824.45,658.93,8566.09,1258.36,,0,9824.45,0,9824.45,-0.0,0,-13,-8566.09,,ER,0
TXN-01876,2026-06-02,SALE,INV-2606-1876,Rongai Home & Agro Supplies,Kiserian,Phone Order,Retail,CUS-1165,,Hardware,Panga,1,949.75,0.05,949.75,902.26,619.75,619.75,282.51,,0,902.26,0,902.26,-0.0,0,-1,-619.75,,BM,0
TXN-00049,2025-01-15,SALE,INV-2501-0049,Rongai Home & Agro Supplies,Kiserian,WhatsApp,Institution,CUS-1123,,Building Materials,Galvanized Roofing Sheet 3m,11,1197.26,0.043,13169.86,12603.56,933.48,10268.28,2335.28,,0,12603.56,0,12603.56,-0.0,0,-11,-10268.28,,BM,0
TXN-02002,2026-07-09,SALE,INV-2607-2002,Rongai Home & Agro Supplies,Ongata Rongai,WhatsApp,Contractor,CUS-1154,,Electrical,LED Bulb 12W,7,274.63,0.0519,1922.41,1822.64,165.98,1161.86,660.78,,0,1822.64,0,1822.64,-0.0,0,-7,-1161.86,,ER,0
TXN-00979,2025-10-01,EXPENSE,EXP-2510-0979,Rongai Home & Agro Supplies,Kiserian,Back Office,,,,,,0,0,0,0,0,0,0,0,Bank Charges,2591,0,2591,0,0,0,0,0,Bank Transfer,DK,0
TXN-01568,2026-03-09,SALE,INV-2603-1568,Rongai Home & Agro Supplies,Ongata Rongai,WhatsApp,Retail,CUS-1147,,Plumbing,PVC Elbow 20mm,2,74.1,0.02,148.2,145.24,46.74,93.48,51.76,,0,145.24,0,145.24,-0.0,0,-2,-93.48,,BM,0
TXN-00231,2025-03-07,PURCHASE,GRN-2503-0231,Rongai Home & Agro Supplies,Ongata Rongai,Supplier,,,Mara Distributors,Building Materials,2x2 Timber 12ft,17,378.97,0,0,0,378.97,6442.49,0,Purchase,0,4831.87,1610.62,0,0,0,17,6442.49,,BM,0
TXN-01706,2026-04-14,SALE,INV-2604-1706,Rongai Home & Agro Supplies,Kiserian,WhatsApp,Retail,CUS-1027,,Agro Inputs,Foliar Feed 1L,1,1001.61,0.03,1001.61,971.56,700.4,700.4,271.16,,0,971.56,0,971.56,-0.0,0,-1,-700.4,,BM,0
TXN-01671,2026-04-04,SALE,INV-2604-1671,Rongai Home & Agro Supplies,Kiserian,Phone Order,Farmer,CUS-1105,,Plumbing,Basin Tap Chrome,1,1447.45,0.03,1447.45,1404.03,1045.05,1045.05,358.98,,0,1404.03,0,1404.03,-0.0,0,-1,-1045.05,,ER,0
TXN-01022,2025-10-13,SALE,INV-2510-1022,Rongai Home & Agro Supplies,Ongata Rongai,Walk-in,Reseller,CUS-1083,,Plumbing,20mm PVC Pipe 6m,12,849.23,0.0545,10190.76,9635.36,593.43,7121.16,2514.2,,0,9635.36,0,9635.36,-0.0,0,-12,-7121.16,,JK,0
TXN-00735,2025-07-26,SALE,INV-2507-0735,Rongai Home & Agro Supplies,Kiserian,Phone Order,Retail,CUS-1179,,Building Materials,Cement 50kg,5,791.57,0.08,3957.85,3641.22,652.17,3260.85,380.37,,0,3641.22,0,3641.22,-0.0,0,-5,-3260.85,,JK,0
TXN-01098,2025-10-31,CUSTOMER_PAYMENT,RCPT-2510-1098,Rongai Home & Agro Supplies,Ongata Rongai,Collections,Contractor,CUS-1115,,,,0,0,0,0,0,0,0,0,Customer Collection,0,16713.0,0,16713.0,16713.0,0,0,0,M-PESA,JK,0
TXN-01718,2026-04-16,SALE,INV-2604-1718,Rongai Home & Agro Supplies,Ongata Rongai,Walk-in,Retail,CUS-1080,,Plumbing,PVC Tee 20mm,3,86.83,0,260.49,260.49,54.66,163.98,96.51,,0,260.49,0,260.49,-0.0,0,-3,-163.98,,BM,0
TXN-01863,2026-05-29,SALE,INV-2605-1863,Rongai Home & Agro Supplies,Kiserian,M-Pesa Till,Retail,CUS-1014,,Plumbing,PVC Elbow 20mm,4,78.36,0.01,313.44,310.31,47.76,191.04,119.27,,0,310.31,0,310.31,-0.0,0,-4,-191.04,,ER,0
TXN-00013,2025-01-03,SALE,INV-2501-0013,Rongai Home & Agro Supplies,Kiserian,WhatsApp,Retail,CUS-1163,,Agro Inputs,DAP Fertilizer 50kg,1,5903.39,0,5903.39,5903.39,4194.11,4194.11,1709.28,,0,5903.39,0,5903.39,-0.0,0,-1,-4194.11,,JK,0
TXN-01755,2026-04-26,CUSTOMER_PAYMENT,RCPT-2604-1755,Rongai Home & Agro Supplies,Ongata Rongai,Collections,Contractor,CUS-1107,,,,0,0,0,0,0,0,0,0,Customer Collection,0,12119.0,0,12119.0,12119.0,0,0,0,Mpesa,BM,0
TXN-01507,2026-02-20,SALE,INV-2602-1507,Rongai Home & Agro Supplies,Ongata Rongai,M-Pesa Till,Retail,CUS-1042,,Plumbing,25mm PVC Pipe 6m,2,1101.25,0.05,2202.5,2092.38,800.75,1601.5,490.88,,0,2092.38,0,2092.38,-0.0,0,-2,-1601.5,,CN,0
TXN-02140,2026-08-18,SALE,INV-2608-2140,Rongai Home & Agro Supplies,Kiserian,Phone Order,Farmer,CUS-1164,,Plumbing,PVC Elbow 20mm,4,73.56,0.02,294.24,288.36,48.37,193.48,94.88,,0,288.36,0,288.36,-0.0,0,-4,-193.48,,DK,0
TXN-00084,2025-01-24,SALE,INV-2501-0084,Rongai Home & Agro Supplies,Kiserian,Phone Order,Retail,CUS-1143,,Plumbing,20mm PVC Pipe 6m,1,860.36,0,860.36,860.36,613.02,613.02,247.34,,0,860.36,0,860.36,-0.0,0,-1,-613.02,,AM,0
TXN-02199,31/07/2026,STOCK_ADJUSTMENT,ADJ-2607-2199,Rongai Home & Agro Supplies,Ongata Rongai,Stock Count,,,,Agro Inputs,Knapsack Sprayer 20L,4,0,0,0,0,0,0,0,Stock Adjustment,0,0,0,0,0,0,4,13000,Manual count variance,BM,0
TXN-01344,2026-01-04,SALE,INV-2601-1344,Rongai Home & Agro Supplies,Ongata Rongai,Phone Order,Retail,CUS-1096,,Plumbing,PVC Tee 20mm,4,79.93,0,319.72,319.72,49.22,196.88,122.84,,0,319.72,0,319.72,-0.0,0,-4,-196.88,,CN,0
TXN-01081,2025-10-28,SALE,INV-2510-1081,Rongai Home & Agro Supplies,Kiserian,Phone Order,Retail,CUS-1112,,Building Materials,Cement 50kg,3,757.53,0.02,2272.59,2227.14,648.26,1944.78,282.36,,0,2227.14,0,2227.14,-0.0,0,-3,-1944.78,,CN,0
TXN-00341,2025-04-07,SALE,INV-2504-0341,Rongai Home & Agro Supplies,Kiserian,M-Pesa Till,Contractor,CUS-1104,,Paints,20L Emulsion Paint,11,4960.62,0.0219,54566.82,53371.81,3972.11,43693.21,9678.6,,0,26685.9,0,26685.9,-26685.91,0,-11,-43693.21,,CN,0
TXN-02044,2026-07-23,SALE,INV-2607-2044,Rongai Home & Agro Supplies,Kiserian,WhatsApp,Farmer,CUS-1048,,Paints,Paint Brush 4in,4,182.21,0,728.84,728.84,101.81,407.24,321.6,,0,728.84,0,728.84,-0.0,0,-4,-407.24,,DK,0
TXN-00676,2025-07-10,SALE,INV-2507-0676,Rongai Home & Agro Supplies,Kiserian,WhatsApp,Institution,CUS-1088,,Plumbing,PVC Tee 20mm,11,83.69,0.0227,920.59,899.69,48.02,528.22,371.47,,0,899.69,0,899.69,-0.0,0,-11,-528.22,,CN,0
TXN-01840,2026-05-21,SALE,INV-2605-1840,Rongai Home & Agro Supplies,Kiserian,Phone Order,Farmer,CUS-1012,,Electrical,LED Bulb 12W,4,278.33,0.02,1113.32,1091.05,177.4,709.6,381.45,,0,1091.05,0,1091.05,-0.0,0,-4,-709.6,,DK,0
TXN-00350,2025-04-08,SALE,INV-2504-0350,Rongai Home & Agro Supplies,Kiserian,Walk-in,Retail,CUS-1028,,Building Materials,Cement 50kg,16,809.95,0.03,12959.2,12570.42,672.17,10754.72,1815.7,,0,12570.42,0,12570.42,-0.0,0,-16,-10754.72,,BM,0
TXN-00332,2025-04-04,SALE,INV-2504-0332,Rongai Home & Agro Supplies,Kiserian,WhatsApp,Farmer,CUS-1118,,Plumbing,PVC Elbow 20mm,1,77.02,0.03,77.02,74.71,43.81,43.81,30.9,,0,74.71,0,74.71,-0.0,0,-1,-43.81,,AM,0
TXN-02010,2026-07-11,EXPENSE,EXP-2607-2010,Rongai Home & Agro Supplies,Ongata Rongai,Back Office,,,,,,0,0,0,0,0,0,0,0,Security,11657.6,0,11657.6,0,0,0,0,0,Bank Transfer,DK,0
TXN-00581,2025-06-12,EXPENSE,EXP-2506-0581,Rongai Home & Agro Supplies,Kiserian,Back Office,,,,,,0,0,0,0,0,0,0,0,Miscellaneous,3273,0,3273,0,0,0,0,0,M-PESA,DK,0
TXN-00699,2025-07-17,SALE,INV-2507-0699,Rongai Home & Agro Supplies,Ongata Rongai,M-Pesa Till,Contractor,CUS-1089,,Hardware,Padlock 50mm,10,690.65,0.0732,6906.5,6400.94,421.07,4210.7,2190.24,,0,6400.94,0,6400.94,-0.0,0,-10,-4210.7,,AM,0
TXN-00270,2025-03-20,SALE,INV-2503-0270,Rongai Home & Agro Supplies,,Walk-in,Retail,CUS-1145,,Building Materials,Galvanized Roofing Sheet 3m,2,1261.26,0,2522.52,2522.52,912.99,1825.98,696.54,,0,2522.52,0,2522.52,-0.0,0,-2,-1825.98,,BM,0
TXN-02267,2025-07-17,SUPPLIER_PAYMENT,SP-2507-2267,Rongai Home & Agro Supplies,Kiserian,Supplier,,,Mara Distributors,,,0,0,0,0,0,0,0,0,Supplier Payment,0,0,24939.0,0,0,0,0,0,Bank Transfer,BM,0
TXN-01523,2026-02-24,SALE,INV-2602-1523,Rongai Home & Agro Supplies,Ongata Rongai,Walk-in,Retail,CUS-1153,,Plumbing,Basin Tap Chrome,1,1552.55,0.08,1552.55,1428.35,953.38,953.38,474.97,,0,1428.35,0,1428.35,-0.0,0,-1,-953.38,,AM,0
TXN-02172,27-08-2026,SALE,INV-2608-2172,Rongai Home & Agro Supplies,Ongata Rongai,WhatsApp,Retail,CUS-1077,,Agro Inputs,CAN Fertilizer 50kg,2,4800.71,0.05,9601.42,9121.35,4387.36,8774.72,346.63,,0,9121.35,0,9121.35,-0.0,0,-2,-8774.72,,JK,0
TXN-00855,2025-08-29,SALE,INV-2508-0855,Rongai Home & Agro Supplies,Ongata Rongai,Walk-in,Retail,CUS-1042,,Agro Inputs,Maize Seed 2kg,1,666.22,0.02,666.22,652.9,459.7,459.7,193.2,,0,652.9,0,652.9,-0.0,0,MPESA,-459.7,,DK,0
TXN-01162,2025-11-19,CUSTOMER_PAYMENT,RCPT-2511-1162,Rongai Home & Agro Supplies,Kiserian,Collections,Contractor,CUS-1055,,,,0,0,0,0,0,0,0,0,Customer Collection,0,13997.0,0,13997.0,13997.0,0,0,0,Mpesa,JK,0
TXN-00461,2025-05-07,SALE,INV-2505-0461,Rongai Home & Agro Supplies,Kiserian,Walk-in,Retail,CUS-1066,,Plumbing,25mm PVC Pipe 6m,1,1057.43,0.01,1057.43,1046.86,797.66,797.66,249.2,,0,1046.86,0,1046.86,-0.0,0,-1,-797.66,,ER,0
TXN-02244,2025-06-07,SUPPLIER_PAYMENT,SP-2506-2244,Rongai Home & Agro Supplies,Ongata Rongai,Supplier,,,AgroLink Kenya,,,0,0,0,0,0,0,0,0,Supplier Payment,0,0,61209.0,0,0,0,0,0,Cash,JK,0
TXN-02018,2026-07-15,SALE,INV-2607-2018,Rongai Home & Agro Supplies,Kiserian,Walk-in,Retail,CUS-1039,,Agro Inputs,Foliar Feed 1L,2,990.47,0.03,1980.94,1921.51,695.72,1391.44,530.07,,0,1921.51,0,1921.51,-0.0,0,-2,-1391.44,,JK,0
TXN-00125,2025-02-05,SALE,INV-2502-0125,Rongai Home & Agro Supplies,Kiserian,WhatsApp,Retail,CUS-1009,,Plumbing,20mm PVC Pipe 6m,1,856.79,0.05,856.79,813.95,600.4,600.4,213.55,,0,813.95,0,813.95,-0.0,0,-1,-600.4,,BM,0
TXN-01471,2026-02-09,SALE,INV-2602-1471,Rongai Home & Agro Supplies,Ongata Rongai,Walk-in,Farmer,CUS-1118,,Building Materials,2x2 Timber 12ft,1,543.56,0,543.56,543.56,396.42,396.42,147.14,,0,543.56,0,543.56,-0.0,0,-1,-396.42,,BM,0
TXN-00393,2025-04-19,EXPENSE,EXP-2504-0393,Rongai Home & Agro Supplies,Ongata Rongai,Back Office,,,,,,0,0,0,0,0,0,0,0,Bank Charges,2239,0,2239,0,0,0,0,0,M-PESA,AM,0
TXN-00729,2025-07-25,SALE,INV-2507-0729,Rongai Home & Agro Supplies,Ongata Rongai,Phone Order,Institution,CUS-1169,,Building Materials,Cement 50kg,8,818.17,0.0205,6545.36,6411.18,641.52,5132.16,1279.02,,0,6411.18,0,6411.18,-0.0,0,-8,-5132.16,,BM,0
TXN-02037,2026-07-21,SALE,INV-2607-2037,Rongai Home & Agro Supplies,Ongata Rongai,Phone Order,Reseller,CUS-1148,,Plumbing,PVC Elbow 20mm,8,74.53,0.1054,596.24,533.4,47.76,382.08,151.32,,0,213.36,0,213.36,-320.04,0,-8,-382.08,,JK,0
TXN-01661,2026-04-01,CUSTOMER_PAYMENT,RCPT-2604-1661,Rongai Home & Agro Supplies,Ongata Rongai,Collections,Contractor,CUS-1079,,,,0,0,0,0,0,0,0,0,Customer Collection,0,17421.0,0,17421.0,17421.0,0,0,0,Mpesa,CN,0
TXN-00031,2025-01-09,SALE,INV-2501-0031,Rongai Home & Agro Supplies,Kiserian,M-Pesa Till,Retail,CUS-1129,,Electrical,Switch 1 Gang,4,267.75,0.01,1071.0,1060.29,148.55,594.2,466.09,,0,1060.29,0,1060.29,-0.0,0,-4,-594.2,,CN,0
TXN-00564,2025-06-06,CUSTOMER_PAYMENT,RCPT-2506-0564,Rongai Home & Agro Supplies,Kiserian,Collections,Contractor,CUS-1080,,,,0,0,0,0,0,0,0,0,Customer Collection,0,14097.0,0,14097.0,14097.0,0,0,0,Bank Transfer,AM,0
TXN-00713,2025-07-21,SALE,INV-2507-0713,Rongai Home & Agro Supplies,Kiserian,WhatsApp,Retail,CUS-1138,,Building Materials,Cement 50kg,6,795.32,0.01,4771.92,4724.2,641.59,3849.54,874.66,,0,4724.2,0,4724.2,-0.0,0,-6,-3849.54,,ER,0
TXN-00670,09/07/2025,SALE,INV-2507-0670,Rongai Home & Agro Supplies,Kiserian,M-Pesa Till,Farmer,CUS-1063,,Plumbing,PVC Elbow 20mm,2,72.5,0.03,145.0,140.65,43.64,87.28,53.37,,0,140.65,0,140.65,-0.0,0,-2,-87.28,,BM,0
TXN-01569,2026-03-09,PURCHASE,GRN-2603-1569,Rongai Home & Agro Supplies,Kiserian,Supplier,,,Nairobi Electrical Mart,Paints,Paint Brush 4in,7,97.67,0,0,0,97.67,683.69,0,Purchase,0,239.29,444.4,0,0,0,7,683.69,,DK,0
TXN-00547,2025-06-02,PURCHASE,GRN-2506-0547,Rongai Home & Agro Supplies,Kiserian,Supplier,,,Eastlands Hardware Wholesalers,Building Materials,Cement 50kg,79,662.32,0,0,0,662.32,52323.28,0,Purchase,0,39242.46,13080.82,0,0,0,79,52323.28,,DK,0
TXN-00053,2025-01-16,SALE,INV-2501-0053,Rongai Home & Agro Supplies,Kiserian,Walk-in,Contractor,CUS-1170,,Electrical,LED Bulb 12W,13,286.6,0.0711,3725.8,3460.9,157.71,2050.23,1410.67,,0,1730.45,0,1730.45,-1730.45,0,-13,-2050.23,,CN,0
TXN-02255,2026-03-22,SUPPLIER_PAYMENT,SP-2603-2255,Rongai Home & Agro Supplies,Ongata Rongai,Supplier,,,Nairobi Electrical Mart,,,0,0,0,0,0,0,0,0,Supplier Payment,0,0,8293.0,0,0,0,0,0,M-PESA,JK,0
TXN-01175,2025-11-22,SALE,INV-2511-1175,Rongai Home & Agro Supplies,Kiserian,WhatsApp,Contractor,CUS-1156,,Plumbing,25mm PVC Pipe 6m,14,1008.87,0.0522,14124.18,13386.9,738.34,10336.76,3050.14,,0,6693.45,0,6693.45,-6693.45,0,-14,-10336.76,,CN,0
TXN-01598,2026-03-16,SALE,INV-2603-1598,Rongai Home & Agro Supplies,Kiserian,M-Pesa Till,Retail,CUS-1183,,Animal Feeds,Chicken Feed 10kg,2,982.3,0.03,1964.6,1905.66,788.31,1576.62,329.04,,0,1905.66,0,1905.66,-0.0,0,-2,-1576.62,,BM,0
TXN-00644,2025-07-01,SALE,INV-2507-0644,Rongai Home & Agro Supplies,Kiserian,Phone Order,Retail,CUS-1085,,Building Materials,Cement 50kg,14,774.48,0.05,10842.72,10300.58,666.16,9326.24,974.34,,0,10300.58,0,10300.58,-0.0,0,-14,-9326.24,,AM,0
TXN-00795,2025-08-13,SALE,INV-2508-0795,Rongai Home & Agro Supplies,Ongata Rongai,WhatsApp,Retail,CUS-1181,,Electrical,LED Bulb 12W,2,285.42,0,570.84,570.84,155.36,310.72,260.12,,0,570.84,0,570.84,-0.0,0,-2,-310.72,,DK,0
TXN-02271,2025-06-24,SUPPLIER_PAYMENT,SP-2506-2271,Rongai Home & Agro Supplies,Ongata Rongai,Supplier,,,Rift Valley Cement Depot,,,0,0,0,0,0,0,0,0,Supplier Payment,0,0,33368.0,0,0,0,0,0,M-PESA,ER,0
TXN-02112,2026-08-10,CUSTOMER_PAYMENT,RCPT-2608-2112,Rongai Home & Agro Supplies,Ongata Rongai,Collections,Contractor,CUS-1030,,,,0,0,0,0,0,0,0,0,Customer Collection,0,10662.0,0,10662.0,10662.0,0,0,0,Bank Transfer,CN,0
TXN-00316,2025-04-01,SALE,INV-2504-0316,Rongai Home & Agro Supplies,Ongata Rongai,Phone Order,Farmer,CUS-1001,,Electrical,Switch 1 Gang,1,261.33,0.08,261.33,240.42,140.7,140.7,99.72,,0,240.42,0,240.42,-0.0,0,-1,-140.7,,BM,0
TXN-00913,2025-09-14,SALE,INV-2509-0913,Rongai Home & Agro Supplies,Kiserian,Credit Customer,Contractor,CUS-1015,,Hardware,Padlock 50mm,5,647.12,0.0332,3235.6,3128.18,399.81,1999.05,1129.13,,0,0.0,0,0.0,-3128.18,0,-5,-1999.05,,JK,0
TXN-00548,2025-06-03,SALE,INV-2506-0548,Rongai Home & Agro Supplies,Kiserian,M-Pesa Till,Retail,CUS-1018,,Animal Feeds,Chicken Feed 10kg,1,1000.66,0.03,1000.66,970.64,784.52,784.52,186.12,,0,970.64,0,970.64,-0.0,0,-1,-784.52,,ER,0
TXN-00530,2025-05-28,REFUND,REF-2505-0530,Rongai Home & Agro Supplies,Ongata Rongai,Counter,Farmer,CUS-1102,,Plumbing,PVC Elbow 20mm,-1,80.54,0,0,67.59,44.07,0,-67.59,Customer Refund,67.59,0,67.59,0,0,67.59,0,0,refund,ER,0
TXN-02231,2026-03-20,SUPPLIER_PAYMENT,SP-2603-2231,Rongai Home & Agro Supplies,Kiserian,Supplier,,,AgroLink Kenya,,,0,0,0,0,0,0,0,0,Supplier Payment,0,0,51818.0,0,0,0,0,0,Bank Transfer,CN,0
TXN-01317,2025-12-27,EXPENSE,EXP-2512-1317,Rongai Home & Agro Supplies,Ongata Rongai,Back Office,,,,,,0,0,0,0,0,0,0,0,Security,10450,0,10450,0,0,0,0,0,Bank Transfer,AM,0
TXN-01454,2026-02-04,SALE,INV-2602-1454,Rongai Home & Agro Supplies,Kiserian,Phone Order,Farmer,CUS-1024,,Hardware,Padlock 50mm,5,669.83,0.02,3349.15,3282.17,440.19,2200.95,1081.22,,0,3282.17,0,3282.17,-0.0,0,-5,-2200.95,,CN,0
TXN-01881,2026-06-03,SALE,INV-2606-1881,Rongai Home & Agro Supplies,Ongata Rongai,Credit Customer,Institution,CUS-1175,,Building Materials,2x2 Timber 12ft,10,552.07,0.1195,5520.7,4860.98,405.59,4055.9,805.08,,0,1215.24,0,1215.24,-3645.74,0,-10,-4055.9,,AM,0
TXN-02148,2026-08-20,SALE,INV-2608-2148,Rongai Home & Agro Supplies,Kiserian,Walk-in,Contractor,CUS-1149,,Animal Feeds,Chicken Feed 10kg,13,941.8,0.0548,12243.4,11572.46,832.97,10828.61,743.85,,0,11572.46,0,11572.46,-0.0,0,-13,-10828.61,,BM,0
TXN-02236,2025-12-24,SUPPLIER_PAYMENT,SP-2512-2236,Rongai Home & Agro Supplies,Ongata Rongai,Supplier,,,Nairobi Electrical Mart,,,0,0,0,0,0,0,0,0,Supplier Payment,0,0,31157.0,0,0,0,0,0,Bank Transfer,AM,0
TXN-01958,2026-06-26,SALE,INV-2606-1958,Rongai Home & Agro Supplies,Kiserian,Phone Order,Institution,CUS-1013,,Building Materials,Cement 50kg,12,805.55,0.0209,9666.6,9464.57,706.65,8479.8,984.77,,0,9464.57,0,9464.57,-0.0,0,-12,-8479.8,,CN,0
TXN-00080,2025-01-22,EXPENSE,EXP-2501-0080,Rongai Home & Agro Supplies,Ongata Rongai,Back Office,,,,,,0,0,0,0,0,0,0,0,Staff Salaries,76864,0,76864,0,0,0,0,0,Bank Transfer,DK,0
TXN-01136,2025-11-12,PURCHASE,GRN-2511-1136,Rongai Home & Agro Supplies,Kiserian,Supplier,,,Eastlands Hardware Wholesalers,Plumbing,Basin Tap Chrome,4,903.54,0,0,0,903.54,3614.16,0,Purchase,0,0.0,3614.16,0,0,0,4,3614.16,,DK,0
TXN-00373,2025-04-14,PURCHASE,GRN-2504-0373,Rongai Home & Agro Supplies,Ongata Rongai,Supplier,,,AgroLink Kenya,Agro Inputs,CAN Fertilizer 50kg,4,3846.88,0,0,0,3846.88,15387.52,0,Purchase,0,11540.64,3846.88,0,0,0,4,15387.52,,BM,0
TXN-00632,2025-06-27,PURCHASE,GRN-2506-0632,Rongai Home & Agro Supplies,Ongata Rongai,Supplier,,,AgroLink Kenya,Hardware,Padlock 50mm,3,412.42,0,0,0,412.42,1237.26,0,Purchase,0,0.0,1237.26,0,0,0,3,1237.26,,JK,0
TXN-00288,2025-03-25,SALE,INV-2503-0288,Rongai Home & Agro Supplies,Kiserian,Walk-in,Retail,CUS-1172,,Agro Inputs,Knapsack Sprayer 20L,2,5038.23,0,10076.46,10076.46,3284.02,6568.04,3508.42,,0,10076.46,0,10076.46,-0.0,0,-2,-6568.04,,DK,0
TXN-01434,2026-01-29,SALE,INV-2601-1434,Rongai Home & Agro Supplies,Kiserian,Phone Order,Reseller,CUS-1063,,Hardware,Hammer 16oz,8,840.0,0.0531,6720.0,6363.17,539.55,4316.4,2046.77,,0,0.0,0,0.0,-6363.17,0,-8,-4316.4,,ER,0
TXN-00412,2025-04-24,SALE,INV-2504-0412,Rongai Home & Agro Supplies,Kiserian,WhatsApp,Farmer,CUS-1054,,Building Materials,Damp Proof Course 20m,1,1349.86,0.03,1349.86,1309.36,903.79,903.79,405.57,,0,1309.36,0,1309.36,-0.0,0,-1,-903.79,,DK,0
TXN-01560,2026-03-07,SALE,INV-2603-1560,Rongai Home & Agro Supplies,Ongata Rongai,Phone Order,Institution,CUS-1075,,Hardware,Panga,8,986.5,0.0786,7892.0,7271.69,586.8,4694.4,2577.29,,0,7271.69,0,7271.69,-0.0,0,-8,-4694.4,,ER,0
TXN-00767,2025-08-06,SALE,INV-2508-0767,Rongai Home & Agro Supplies,Ongata Rongai,M-Pesa Till,Contractor,CUS-1182,,Electrical,Switch 1 Gang,13,254.92,0.049,3313.96,3151.58,142.57,1853.41,1298.17,,0,3151.58,0,3151.58,-0.0,0,-13,-1853.41,,CN,0
TXN-02105,2026-08-07,SALE,INV-2608-2105,Rongai Home & Agro Supplies,Kiserian,Walk-in,Farmer,CUS-1016,,Electrical,Switch 1 Gang,5,270.08,0,1350.4,1350.4,163.4,817.0,533.4,,0,1350.4,0,1350.4,-0.0,0,-5,-817.0,,CN,0
TXN-01918,2026-06-15,SALE,INV-2606-1918,Rongai Home & Agro Supplies,Ongata Rongai,Walk-in,Retail,CUS-1120,,Building Materials,Cement 50kg,2,834.46,0.05,1668.92,1585.47,713.85,1427.7,157.77,,0,1585.47,0,1585.47,-0.0,0,-2,-1427.7,,DK,0
TXN-01472,2026-02-09,SALE,INV-2602-1472,Rongai Home & Agro Supplies,Ongata Rongai,WhatsApp,Retail,CUS-1115,,Building Materials,Cement 50kg,23,827.66,0.05,19036.18,18084.37,696.84,16027.32,2057.05,,0,18084.37,0,18084.37,-0.0,0,-23,-16027.32,,AM,0
TXN-01725,2026-04-17,PURCHASE,GRN-2604-1725,Rongai Home & Agro Supplies,Kiserian,Supplier,,,Mara Distributors,Building Materials,Galvanized Roofing Sheet 3m,8,982.71,0,0,0,982.71,7861.68,0,Purchase,0,5896.26,1965.42,0,0,0,8,7861.68,,AM,0
TXN-01828,2026-05-18,SALE,INV-2605-1828,Rongai Home & Agro Supplies,Ongata Rongai,WhatsApp,Retail,CUS-1043,,Building Materials,2x2 Timber 12ft,2,558.46,0,1116.92,1116.92,419.81,839.62,277.3,,0,1116.92,0,1116.92,-0.0,0,-2,-839.62,,CN,0
TXN-01336,2026-01-01,EXPENSE,EXP-2601-1336,Rongai Home & Agro Supplies,Ongata Rongai,Back Office,,,,,,0,0,0,0,0,0,0,0,Rent,52000,0,52000,0,0,0,0,0,Cash,ER,0
TXN-02085,2026-08-03,SALE,INV-2608-2085,Rongai Home & Agro Supplies,Ongata Rongai,M-Pesa Till,Retail,CUS-1162,,Building Materials,Cement 50kg,3,734.94,0,2204.82,2204.82,700.68,2102.04,102.78,,0,2204.82,0,2204.82,-0.0,0,-3,-2102.04,,ER,0
TXN-00190,2025-02-24,PURCHASE,GRN-2502-0190,Rongai Home & Agro Supplies,Ongata Rongai,Supplier,,,AgroLink Kenya,Electrical,LED Bulb 12W,3,151.08,0,0,0,151.08,453.24,0,Purchase,0,339.93,113.31,0,0,0,3,453.24,,JK,0
TXN-01651,2026-03-30,SALE,INV-2603-1651,Rongai Home & Agro Supplies,Ongata Rongai,WhatsApp,Retail,CUS-1003,,Animal Feeds,Chicken Feed 10kg,1,1013.52,0.01,1013.52,1003.38,809.22,809.22,194.16,,0,1003.38,0,1003.38,-0.0,0,-1,-809.22,,JK,0
TXN-01131,2025-11-11,SALE,INV-2511-1131,Rongai Home & Agro Supplies,Ongata Rongai,Phone Order,Contractor,CUS-1066,,Electrical,Socket 13A,12,417.08,0.0542,5004.96,4733.69,226.36,2716.32,2017.37,,0,4733.69,0,4733.69,-0.0,0,-12,-2716.32,,DK,0
TXN-00306,2025-03-29,CUSTOMER_PAYMENT,RCPT-2503-0306,Rongai Home & Agro Supplies,Ongata Rongai,Collections,Contractor,CUS-1006,,,,0,0,0,0,0,0,0,0,Customer Collection,0,7236.0,0,7236.0,7236.0,0,0,0,Bank Transfer,JK,0
TXN-00513,2025-05-23,SALE,INV-2505-0513,Rongai Home & Agro Supplies,Kiserian,WhatsApp,Retail,CUS-1155,,Agro Inputs,DAP Fertilizer 50kg,1,5550.11,0.02,5550.11,5439.11,4421.15,4421.15,1017.96,,0,5439.11,0,5439.11,-0.0,0,-1,-4421.15,,CN,0
TXN-00241,2025-03-11,SALE,INV-2503-0241,Rongai Home & Agro Supplies,Kiserian,M-Pesa Till,Reseller,CUS-1052,,Electrical,LED Bulb 12W,6,293.83,0.0669,1762.98,1645.04,158.03,948.18,696.86,,0,411.26,0,411.26,-1233.78,0,-6,-948.18,,DK,0
TXN-01433,2026-01-29,SALE,INV-2601-1433,Rongai Home & Agro Supplies,Kiserian,M-Pesa Till,Retail,CUS-1048,,Plumbing,PVC Elbow 20mm,2,74.22,0.02,148.44,145.47,43.82,87.64,57.83,,0,145.47,0,145.47,-0.0,0,-2,-87.64,,ER,0
TXN-01838,2026-05-20,PURCHASE,GRN-2605-1838,Rongai Home & Agro Supplies,Kiserian,Supplier,,,Mara Distributors,Animal Feeds,Chicken Feed 10kg,3,825.38,0,0,0,825.38,2476.14,0,Purchase,0,2476.14,0.0,0,0,0,3,2476.14,,DK,0
TXN-01867,2026-05-30,SALE,INV-2605-1867,Rongai Home & Agro Supplies,Ongata Rongai,WhatsApp,Farmer,CUS-1040,,Paints,Gloss Paint 4L,1,2573.88,0.05,2573.88,2445.19,1997.05,1997.05,448.14,,0,2445.19,0,2445.19,-0.0,0,-1,-1997.05,,BM,0
TXN-00511,2025-05-22,SALE,INV-2505-0511,Rongai Home & Agro Supplies,Kiserian,Walk-in,Farmer,CUS-1170,,Paints,Gloss Paint 4L,3,2366.28,0.08,7098.84,6530.93,1827.68,5483.04,1047.89,,0,6530.93,0,6530.93,-0.0,0,-3,-5483.04,,AM,0
TXN-00755,2025-08-02,REFUND,REF-2508-0755,Rongai Home & Agro Supplies,Kiserian,Counter,Reseller,CUS-1134,,Paints,Paint Brush 4in,-1,177.01,0,0,161.4,94.12,0,-161.4,Customer Refund,161.4,0,161.4,0,0,161.4,0,0,refund,CN,0
TXN-00789,2025-08-11,CUSTOMER_PAYMENT,RCPT-2508-0789,Rongai Home & Agro Supplies,Kiserian,Collections,Contractor,CUS-1112,,,,0,0,0,0,0,0,0,0,Customer Collection,0,10062.0,0,10062.0,10062.0,0,0,0,Bank Transfer,DK,0
TXN-01631,2026-03-24,SALE,INV-2603-1631,Rongai Home & Agro Supplies,Kiserian,M-Pesa Till,Retail,CUS-1171,,Building Materials,Binding Wire 25kg,3,4391.12,0.08,13173.36,12119.49,3553.42,10660.26,1459.23,,0,12119.49,0,12119.49,-0.0,0,-3,-10660.26,,BM,0
TXN-00142,2025-02-10,SALE,INV-2502-0142,Rongai Home & Agro Supplies,Kiserian,Phone Order,Institution,CUS-1121,,Paints,Gloss Paint 4L,9,2590.45,0.076,23314.05,21542.18,1798.87,16189.83,5352.35,,0,10771.09,0,10771.09,-10771.09,0,-9,-16189.83,,BM,0
TXN-01266,2025-12-15,CUSTOMER_PAYMENT,RCPT-2512-1266,Rongai Home & Agro Supplies,Ongata Rongai,Collections,Contractor,CUS-1110,,,,0,0,0,0,0,0,0,0,Customer Collection,0,3686.0,0,3686.0,3686.0,0,0,0,M-PESA,ER,0
TXN-01156,2025-11-18,SALE,INV-2511-1156,Rongai Home & Agro Supplies,Kiserian,WhatsApp,Retail,CUS-1057,,Plumbing,PVC Elbow 20mm,3,75.88,0.05,227.64,216.26,42.94,128.82,87.44,,0,216.26,0,216.26,-0.0,0,-3,-128.82,,ER,0
TXN-02035,2026-07-20,PURCHASE,GRN-2607-2035,Rongai Home & Agro Supplies,Ongata Rongai,Supplier,,,Eastlands Hardware Wholesalers,Plumbing,PVC Elbow 20mm,3,48.5,0,0,0,48.5,145.5,0,Purchase,0,0.0,145.5,0,0,0,3,145.5,,DK,0
TXN-01940,2026-06-22,SALE,INV-2606-1940,Rongai Home & Agro Supplies,Kiserian,WhatsApp,Retail,CUS-1174,,Building Materials,Cement 50kg,1,833.76,0.08,833.76,767.06,702.24,702.24,64.82,,0,767.06,0,767.06,-0.0,0,-1,-702.24,,BM,0
TXN-00999,2025-10-07,SALE,INV-2510-0999,Rongai Home & Agro Supplies,Kiserian,M-Pesa Till,Retail,CUS-1130,,Agro Inputs,DAP Fertilizer 50kg,2,6046.28,0,12092.56,12092.56,4337.8,8675.6,3416.96,,0,12092.56,0,12092.56,-0.0,0,-2,-8675.6,,ER,1
TXN-00088,2025-01-25,SALE,INV-2501-0088,Rongai Home & Agro Supplies,Kiserian,M-Pesa Till,Farmer,CUS-1101,,Building Materials,Cement 50kg,11,792.12,0.01,8713.32,8626.19,637.91,7017.01,1609.18,,0,8626.19,0,8626.19,-0.0,0,-11,-7017.01,,DK,0
TXN-01800,2026-05-08,SALE,INV-2605-1800,Rongai Home & Agro Supplies,Ongata Rongai,WhatsApp,Contractor,CUS-1127,,Plumbing,PVC Elbow 20mm,6,71.49,0.0853,428.94,392.35,47.78,286.68,105.67,,0,392.35,0,392.35,-0.0,0,-6,-286.68,,ER,0
TXN-00628,2025-06-26,SALE,INV-2506-0628,Rongai Home & Agro Supplies,Ongata Rongai,WhatsApp,Farmer,CUS-1015,,Plumbing,20mm PVC Pipe 6m,1,826.96,0,826.96,826.96,602.76,602.76,224.2,,0,826.96,0,826.96,-0.0,0,-1,-602.76,,CN,0
TXN-00555,2025-06-04,PURCHASE,GRN-2506-0555,Rongai Home & Agro Supplies,Ongata Rongai,Supplier,,,Nairobi Electrical Mart,Plumbing,PVC Tee 20mm,9,46.82,0,0,0,46.82,421.38,0,Purchase,0,147.48,273.9,0,0,0,9,421.38,,DK,0
TXN-01529,2026-02-26,SALE,INV-2602-1529,Rongai Home & Agro Supplies,Ongata Rongai,WhatsApp,Retail,CUS-1062,,Plumbing,Basin Tap Chrome,4,1557.38,0.01,6229.52,6167.22,1019.29,4077.16,2090.06,,0,6167.22,0,6167.22,-0.0,0,-4,-4077.16,,ER,0
TXN-01089,2025-10-30,SALE,INV-2510-1089,Rongai Home & Agro Supplies,Kiserian,Walk-in,Retail,CUS-1078,,Plumbing,25mm PVC Pipe 6m,1,1131.49,0,1131.49,1131.49,740.57,740.57,390.92,,0,1131.49,0,1131.49,-0.0,0,-1,-740.57,,ER,0
TXN-00510,2025-05-22,SALE,INV-2505-0510,Rongai Home & Agro Supplies,Ongata Rongai,Phone Order,Retail,CUS-1086,,Plumbing,PVC Tee 20mm,1,85.11,0.03,85.11,82.56,46.93,46.93,35.63,,0,82.56,0,82.56,-0.0,0,-1,-46.93,,CN,0
TXN-00810,2025-08-17,SALE,INV-2508-0810,Rongai Home & Agro Supplies,Kiserian,Phone Order,Retail,CUS-1094,,Agro Inputs,DAP Fertilizer 50kg,2,5736.91,0.05,11473.82,10900.13,4451.37,8902.74,1997.39,,0,10900.13,0,10900.13,-0.0,0,-2,-8902.74,,DK,0
TXN-00820,2025-08-20,SALE,INV-2508-0820,Rongai Home & Agro Supplies,Ongata Rongai,Credit Customer,Contractor,CUS-1046,,Plumbing,20mm PVC Pipe 6m,13,789.1,0.072,10258.3,9519.7,604.53,7858.89,1660.81,,0,3807.88,0,3807.88,-5711.82,0,-13,-7858.89,,ER,0
TXN-01358,2026-01-07,SALE,INV-2601-1358,Rongai Home & Agro Supplies,Kiserian,WhatsApp,Contractor,CUS-1003,,Plumbing,PVC Elbow 20mm,8,80.37,0.07,642.96,597.95,45.81,366.48,231.47,,0,597.95,0,597.95,-0.0,0,-8,-366.48,,CN,0
TXN-00976,2025-10-01,SALE,INV-2510-0976,Rongai Home & Agro Supplies,Kiserian,WhatsApp,Retail,CUS-1060,,Plumbing,PVC Elbow 20mm,3,77.6,0.05,232.8,221.16,42.51,127.53,93.63,,0,221.16,0,221.16,-0.0,0,-3,-127.53,,AM,0
TXN-00948,2025-09-23,REFUND,REF-2509-0948,Rongai Home & Agro Supplies,Ongata Rongai,Counter,Farmer,CUS-1033,,Agro Inputs,Maize Seed 2kg,-1,585.01,0,0,509.68,453.96,0,-509.68,Customer Refund,509.68,0,509.68,0,0,509.68,0,0,refund,AM,0
TXN-01353,2026-01-06,SALE,INV-2601-1353,Rongai Home & Agro Supplies,Ongata Rongai,Walk-in,Retail,CUS-1012,,Electrical,Socket 13A,1,414.42,0,414.42,414.42,237.76,237.76,176.66,,0,414.42,0,414.42,-0.0,0,-1,-237.76,,DK,0
TXN-01731,2026-04-20,SALE,INV-2604-1731,Rongai Home & Agro Supplies,Ongata Rongai,Phone Order,Retail,CUS-1048,,Building Materials,Galvanized Roofing Sheet 3m,2,1238.07,0.02,2476.14,2426.62,1025.33,2050.66,375.96,,0,2426.62,0,2426.62,-0.0,0,-2,-2050.66,,ER,0
TXN-00924,2025-09-17,SALE,INV-2509-0924,Rongai Home & Agro Supplies,Ongata Rongai,Walk-in,Contractor,CUS-1118,,Electrical,Switch 1 Gang,6,275.4,0.0796,1652.4,1520.87,147.49,884.94,635.93,,0,1520.87,0,1520.87,-0.0,0,-6,-884.94,,CN,0
TXN-01394,2026-01-16,PURCHASE,GRN-2601-1394,Rongai Home & Agro Supplies,Ongata Rongai,Supplier,,,Mara Distributors,Plumbing,PVC Elbow 20mm,8,43.37,0,0,0,43.37,346.96,0,Purchase,0,260.22,86.74,0,0,0,8,346.96,,DK,0
TXN-01990,2026-07-06,SALE,INV-2607-1990,Rongai Home & Agro Supplies,Ongata Rongai,Phone Order,Farmer,CUS-1086,,Paints,Paint Brush 4in,1,186.98,0.08,186.98,172.02,109.29,109.29,62.73,,0,172.02,0,172.02,-0.0,0,-1,-109.29,,JK,0
TXN-00624,2025-06-25,REFUND,REF-2506-0624,Rongai Home & Agro Supplies,Ongata Rongai,Counter,Retail,CUS-1117,,Paints,20L Emulsion Paint,-1,4992.29,0,0,4512.3,3929.25,0,-4512.3,Customer Refund,4512.3,0,4512.3,0,0,4512.3,0,0,refund,CN,0
TXN-01894,2026-06-07,EXPENSE,EXP-2606-1894,Rongai Home & Agro Supplies,Kiserian,Back Office,,,,,,0,0,0,0,0,0,0,0,Repairs,7552.41,0,7552.41,0,0,0,0,0,Cash,BM,0
TXN-00980,2025-10-02,SALE,INV-2510-0980,Rongai Home & Agro Supplies,Kiserian,Walk-in,Retail,CUS-1084,,Plumbing,PVC Tee 20mm,2,86.56,0.03,173.12,167.93,46.99,93.98,73.95,,0,167.93,0,167.93,-0.0,0,-2,-93.98,,CN,0
TXN-01641,2026-03-27,SALE,INV-2603-1641,Rongai Home & Agro Supplies,Kiserian,Phone Order,Retail,CUS-1036,,Plumbing,PVC Elbow 20mm,2,80.75,0.03,161.5,156.66,45.85,91.7,64.96,,0,156.66,0,156.66,-0.0,0,-2,-91.7,,AM,0
TXN-01591,2026-03-14,SALE,INV-2603-1591,Rongai Home & Agro Supplies,Ongata Rongai,Credit Customer,Institution,CUS-1178,,Electrical,LED Bulb 12W,9,273.57,0.0577,2462.13,2320.07,162.01,1458.09,861.98,,0,0.0,0,0.0,-2320.07,0,-9,-1458.09,,AM,0
TXN-01966,2026-06-29,PURCHASE,GRN-2606-1966,Rongai Home & Agro Supplies,Ongata Rongai,Supplier,,,AgroLink Kenya,Building Materials,2x2 Timber 12ft,13,407.35,0,0,0,407.35,5295.55,0,Purchase,0,5295.55,0.0,0,0,0,13,5295.55,,JK,0
TXN-01989,2026-07-06,SALE,INV-2607-1989,Rongai Home & Agro Supplies,Kiserian,Phone Order,Retail,CUS-1012,,Electrical,Switch 1 Gang,3,259.71,0.08,779.13,716.8,157.77,473.31,243.49,,0,716.8,0,716.8,-0.0,0,-3,-473.31,,DK,0
TXN-01409,2026-01-22,SALE,INV-2601-1409,Rongai Home & Agro Supplies,Kiserian,M-Pesa Till,Retail,CUS-1168,,Hardware ,Padlock 50mm,3,669.31,0.02,2007.93,1967.77,446.04,1338.12,629.65,,0,1967.77,0,1967.77,-0.0,0,-3,-1338.12,,CN,0
TXN-00150,2025-02-12,SALE,INV-2502-0150,Rongai Home & Agro Supplies,Kiserian,WhatsApp,Retail,CUS-1083,,Plumbing,25mm PVC Pipe 6m,1,1132.93,0,1132.93,1132.93,791.08,791.08,341.85,,0,1132.93,0,1132.93,-0.0,0,-1,-791.08,,CN,0
TXN-01402,2026-01-20,SALE,INV-2601-1402,Rongai Home & Agro Supplies,Kiserian,Walk-in,Contractor,CUS-1019,,Plumbing,PVC Elbow 20mm,5,78.42,0.0519,392.1,371.75,44.29,221.45,150.3,,0,371.75,0,371.75,-0.0,0,-5,-221.45,,JK,0
TXN-00873,2025-09-03,SALE,INV-2509-0873,Rongai Home & Agro Supplies,Ongata Rongai,WhatsApp,Contractor,CUS-1161,,Plumbing,PVC Elbow 20mm,12,71.66,0.0502,859.92,816.75,44.28,531.36,285.39,,0,816.75,0,816.75,-0.0,0,-12,-531.36,,BM,0
TXN-00286,2025-03-25,SALE,INV-2503-0286,Rongai Home & Agro Supplies,Kiserian,Walk-in,Contractor,CUS-1012,,Household,Jerrycan 20L,13,822.52,0.0496,10692.76,10162.4,479.16,6229.08,3933.32,,0,10162.4,0,10162.4,-0.0,0,-13,-6229.08,,DK,0
TXN-02046,2026-07-23,SALE,INV-2607-2046,Rongai Home & Agro Supplies,Kiserian,WhatsApp,Farmer,CUS-1124,,Agro Inputs,DAP Fertilizer 50kg,1,5567.4,0,5567.4,5567.4,4635.07,4635.07,932.33,,0,5567.4,0,5567.4,-0.0,0,-1,-4635.07,,BM,0
TXN-01311,2025-12-26,SALE,INV-2512-1311,Rongai Home & Agro Supplies,Kiserian,M-Pesa Till,Contractor,CUS-1137,,Plumbing,PVC Tee 20mm,8,87.95,0.0235,703.6,687.07,47.47,379.76,307.31,,0,343.54,0,343.54,-343.53,0,-8,-379.76,,ER,0
TXN-02256,2026-01-24,SUPPLIER_PAYMENT,SP-2601-2256,Rongai Home & Agro Supplies,Kiserian,Supplier,,,AgroLink Kenya,,,0,0,0,0,0,0,0,0,Supplier Payment,0,0,13238.0,0,0,0,0,0,Cash,JK,0
TXN-00578,2025-06-12,SALE,INV-2506-0578,Rongai Home & Agro Supplies,Kiserian,Phone Order,Contractor,CUS-1183,,Electrical,LED Bulb 12W,4,264.9,0.0584,1059.6,997.72,155.38,621.52,376.2,,0,0.0,0,0.0,-997.72,0,-4,-621.52,,JK,0
TXN-01906,2026-06-10,PURCHASE,GRN-2606-1906,Rongai Home & Agro Supplies,Ongata Rongai,Supplier,,,Nairobi Electrical Mart,Agro Inputs,DAP Fertilizer 50kg,3,4662.37,0,0,0,4662.37,13987.11,0,Purchase,0,0.0,13987.11,0,0,0,3,13987.11,,CN,0
TXN-01500,2026-02-18,SALE,INV-2602-1500,Rongai Home & Agro Supplies,Kiserian,M-Pesa Till,Retail,CUS-1027,,Plumbing,Basin Tap Chrome,1,1407.65,0.02,1407.65,1379.5,973.63,973.63,405.87,,0,1379.5,0,1379.5,-0.0,0,-1,-973.63,,CN,0
TXN-01430,2026-01-28,SALE,INV-2601-1430,Rongai Home & Agro Supplies,Ongata Rongai,Phone Order,Farmer,CUS-1117,,Agro Inputs,Maize Seed 2kg,3,646.39,0,1939.17,1939.17,461.75,1385.25,553.92,,0,1939.17,0,1939.17,-0.0,0,-3,-1385.25,,ER,0
TXN-01037,2025-10-16,SALE,INV-2510-1037,Rongai Home & Agro Supplies,Kiserian,M-Pesa Till,Retail,CUS-1120,,Electrical,Switch 1 Gang,1,260.59,0.08,260.59,239.74,144.71,144.71,95.03,,0,239.74,0,239.74,-0.0,0,-1,-144.71,,JK,0
TXN-00740,2025-07-29,SALE,INV-2507-0740,Rongai Home & Agro Supplies,Kiserian,WhatsApp,Retail,CUS-1106,,Agro Inputs,CAN Fertilizer 50kg,1,5131.32,0.01,5131.32,5080.01,3897.79,3897.79,1182.22,,0,5080.01,0,5080.01,-0.0,0,-1,-3897.79,,DK,1
TXN-01099,2025-11-01,SALE,INV-2511-1099,Rongai Home & Agro Supplies,Kiserian,WhatsApp,Retail,CUS-1060,,Agro Inputs,Foliar Feed 1L,1,1038.34,0.01,1038.34,1027.96,623.39,623.39,404.57,,0,1027.96,0,1027.96,-0.0,0,-1,-623.39,,ER,0
TXN-02245,2026-01-11,SUPPLIER_PAYMENT,SP-2601-2245,Rongai Home & Agro Supplies,Kiserian,Supplier,,,Rift Valley Cement Depot,,,0,0,0,0,0,0,0,0,Supplier Payment,0,0,52668.0,0,0,0,0,0,Bank Transfer,DK,0
TXN-00122,2025-02-05,SALE,INV-2502-0122,Rongai Home & Agro Supplies,Kiserian,Walk-in,Retail,CUS-1129,,Building Materials,2x2 Timber 12ft,1,514.4,0.03,514.4,498.97,376.64,376.64,122.33,,0,498.97,0,498.97,-0.0,0,-1,-376.64,,CN,0
TXN-01707,14/04/2026,SALE,INV-2604-1707,Rongai Home & Agro Supplies,Ongata Rongai,Walk-in,Institution,CUS-1137,,Plumbing,PVC Elbow 20mm,13,76.15,0.0508,989.95,939.66,47.28,614.64,325.02,,0,939.66,0,939.66,-0.0,0,-13,-614.64,,DK,0
TXN-02259,2026-05-28,SUPPLIER_PAYMENT,SP-2605-2259,Rongai Home & Agro Supplies,Kiserian,Supplier,,,AgroLink Kenya,,,0,0,0,0,0,0,0,0,Supplier Payment,0,0,15715.0,0,0,0,0,0,Bank Transfer,ER,0
TXN-01467,2026-02-08,SALE,INV-2602-1467,Rongai Home & Agro Supplies,Kiserian,WhatsApp,Retail,CUS-1061,,Plumbing,20mm PVC Pipe 6m,1,819.29,0.01,819.29,811.1,620.88,620.88,190.22,,0,811.1,0,811.1,-0.0,0,-1,-620.88,,CN,0
TXN-00357,2025-04-10,REFUND,REF-2504-0357,Rongai Home & Agro Supplies,Ongata Rongai,Counter,Retail,CUS-1063,,Animal Feeds,Dairy Meal 25kg,-1,2395.68,0,0,2158.18,2040.67,0,-2158.18,Customer Refund,2158.18,0,2158.18,0,0,2158.18,0,0,refund,BM,0
TXN-00254,2025-03-14,SALE,INV-2503-0254,Rongai Home & Agro Supplies,Kiserian,M-Pesa Till,Retail,CUS-1182,,Hardware,Spade Steel,1,1202.38,0.03,1202.38,1166.31,806.99,806.99,359.32,,0,1166.31,0,1166.31,-0.0,0,-1,-806.99,,DK,0
TXN-01545,2026-03-02,PURCHASE,GRN-2603-1545,Rongai Home & Agro Supplies,Kiserian,Supplier,,,Eastlands Hardware Wholesalers,Electrical,Switch 1 Gang,3,152.97,0,0,0,152.97,458.91,0,Purchase,0,160.62,298.29,0,0,0,3,458.91,,JK,0
TXN-01929,2026-06-18,SALE,INV-2606-1929,Rongai Home & Agro Supplies,Kiserian,Phone Order,Retail,CUS-1071,,Agro Inputs,CAN Fertilizer 50kg,1,4966.26,0.02,4966.26,4866.93,4190.6,4190.6,676.33,,0,4866.93,0,4866.93,-0.0,0,-1,-4190.6,,JK,0
TXN-00055,2025-01-17,SALE,INV-2501-0055,Rongai Home & Agro Supplies,Kiserian,WhatsApp,Retail,CUS-1033,,Plumbing,25mm PVC Pipe 6m,3,1033.58,0,3100.74,3100.74,792.72,2378.16,722.58,,0,3100.74,0,3100.74,-0.0,0,-3,-2378.16,,JK,0
TXN-01238,2025-12-09,SALE,INV-2512-1238,Rongai Home & Agro Supplies,Ongata Rongai,Phone Order,Farmer,CUS-1092,,Hardware,Spade Steel,1,1275.2,0.01,1275.2,1262.45,779.04,779.04,483.41,,0,1262.45,0,1262.45,-0.0,0,-1,-779.04,,JK,0
TXN-01245,2025-12-10,EXPENSE,EXP-2512-1245,Rongai Home & Agro Supplies,Kiserian,Back Office,,,,,,0,0,0,0,0,0,0,0,Miscellaneous,3281,0,3281,0,0,0,0,0,M-PESA,BM,0
TXN-02200,2025-04-22,STOCK_ADJUSTMENT,ADJ-2504-2200,Rongai Home & Agro Supplies,Ongata Rongai,Stock Count,,,,Hardware,Wheelbarrow Heavy Duty,-2,0,0,0,0,0,0,0,Stock Adjustment,0,0,0,0,0,0,-2,-10400,Manual count variance,CN,0
TXN-01678,2026-04-06,SALE,INV-2604-1678,Rongai Home & Agro Supplies,Kiserian,Phone Order,Retail,CUS-1176,,Electrical,Socket 13A,4,405.82,0,1623.28,1623.28,248.45,993.8,629.48,,0,1623.28,0,1623.28,-0.0,0,-4,-993.8,,JK,0
TXN-01088,2025-10-30,SALE,INV-2510-1088,Rongai Home & Agro Supplies,Ongata Rongai,M-Pesa Till,Contractor,CUS-1158,,Paints,20L Emulsion Paint,9,4997.99,0.0564,44981.91,42444.93,4033.85,36304.65,6140.28,,0,42444.93,0,42444.93,-0.0,0,-9,-36304.65,,ER,0
TXN-00765,2025-08-05,EXPENSE,EXP-2508-0765,Rongai Home & Agro Supplies,Ongata Rongai,Back Office,,,,,,0,0,0,0,0,0,0,0,Internet,3500,0,3500,0,0,0,0,0,Bank Transfer,ER,0
TXN-01753,2026-04-25,SALE,INV-2604-1753,Rongai Home & Agro Supplies,Kiserian,WhatsApp,Retail,CUS-1060,,Building Materials,2x2 Timber 12ft,1,509.11,0.03,509.11,493.84,413.84,413.84,80.0,,0,493.84,0,493.84,-0.0,0,-1,-413.84,,CN,0
TXN-00748,2025-08-01,SALE,INV-2508-0748,Rongai Home & Agro Supplies,Ongata Rongai,Walk-in,Retail,CUS-1049,,Plumbing,PVC Elbow 20mm,1,77.71,0.03,77.71,75.38,43.77,43.77,31.61,,0,75.38,0,75.38,-0.0,0,-1,-43.77,,DK,0
TXN-00634,2025-06-28,SALE,INV-2506-0634,Rongai Home & Agro Supplies,Ongata Rongai,WhatsApp,Contractor,CUS-1055,,Plumbing,PVC Elbow 20mm,6,76.42,0.0752,458.52,424.04,44.72,268.32,155.72,,0,424.04,0,424.04,-0.0,0,-6,-268.32,,AM,0
TXN-00730,2025-07-25,SALE,INV-2507-0730,Rongai Home & Agro Supplies,Kiserian,WhatsApp,Retail,CUS-1102,,Building Materials,Cement 50kg,5,742.31,0,3711.55,3711.55,670.65,3353.25,358.3,,0,3711.55,0,3711.55,-0.0,0,-5,-3353.25,,ER,0
TXN-00541,2025-06-01,SALE,INV-2506-0541,Rongai Home & Agro Supplies,Kiserian,Walk-in,Farmer,CUS-1111,,Building Materials,Cement 50kg,3,791.09,0.01,2373.27,2349.54,637.33,1911.99,437.55,,0,2349.54,0,2349.54,-0.0,0,-3,-1911.99,,ER,0
TXN-01637,2026-03-26,SALE,INV-2603-1637,Rongai Home & Agro Supplies,Kiserian,WhatsApp,Institution,CUS-1017,,Building Materials,2x2 Timber 12ft,14,494.39,0.0324,6921.46,6697.2,394.73,5526.22,1170.98,,0,3348.6,0,3348.6,-3348.6,0,-14,-5526.22,,JK,0
TXN-01055,2025-10-21,SALE,INV-2510-1055,Rongai Home & Agro Supplies,Kiserian,M-Pesa Till,Reseller,CUS-1049,,Building Materials,Cement 50kg,14,840.06,0.0652,11760.84,10994.03,642.31,8992.34,2001.69,,0,2748.51,0,2748.51,-8245.52,0,-14,-8992.34,,DK,0
TXN-01946,2026-06-23,CUSTOMER_PAYMENT,RCPT-2606-1946,Rongai Home & Agro Supplies,Kiserian,Collections,Contractor,CUS-1041,,,,0,0,0,0,0,0,0,0,Customer Collection,0,20328.0,0,20328.0,20328.0,0,0,0,Bank Transfer,AM,0
TXN-00793,2025-08-12,SALE,INV-2508-0793,Rongai Home & Agro Supplies,Ongata Rongai,Walk-in,Retail,CUS-1018,,Hardware,Padlock 50mm,6,656.42,0.03,3938.52,3820.36,412.96,2477.76,1342.6,,0,3820.36,0,3820.36,-0.0,0,-6,-2477.76,,JK,0
TXN-01288,2025-12-20,EXPENSE,EXP-2512-1288,Rongai Home & Agro Supplies,Ongata Rongai,Back Office,,,,,,0,0,0,0,0,0,0,0,Repairs,17547,0,17547,0,0,0,0,0,Bank Transfer,CN,0
TXN-02126,2026-08-14,SALE,INV-2608-2126,Rongai Home & Agro Supplies,Kiserian,M-Pesa Till,Contractor,CUS-1150,,Building Materials,Cement 50kg,12,754.65,0.0215,9055.8,8861.1,698.6,8383.2,477.9,,0,8861.1,0,8861.1,-0.0,0,-12,-8383.2,,AM,0
TXN-00196,2025-02-26,SALE,INV-2502-0196,Rongai Home & Agro Supplies,Kiserian,WhatsApp,Institution,CUS-1037,,Electrical,LED Bulb 12W,9,282.1,0.0532,2538.9,2403.83,154.18,1387.62,1016.21,,0,2403.83,0,2403.83,-0.0,0,-9,-1387.62,,CN,0
TXN-01711,2026-04-15,SALE,INV-2604-1711,Rongai Home & Agro Supplies,Ongata Rongai,Walk-in,Retail,CUS-1111,,Agro Inputs,Maize Seed 2kg,1,605.88,0,605.88,605.88,502.86,502.86,103.02,,0,605.88,0,605.88,-0.0,0,-1,-502.86,,JK,0
TXN-00689,2025-07-14,PURCHASE,GRN-2507-0689,Rongai Home & Agro Supplies,Kiserian,Supplier,,,AgroLink Kenya,Electrical,Electrical Cable 1.5mm 90m,3,5854.49,0,0,0,5854.49,17563.47,0,Purchase,0,8781.74,8781.73,0,0,0,3,17563.47,,JK,0
TXN-01769,2026-04-29,EXPENSE,EXP-2604-1769,Rongai Home & Agro Supplies,Ongata Rongai,Back Office,,,,,,0,0,0,0,0,0,0,0,Transport,8723.33,0,8723.33,0,0,0,0,0,Bank Transfer,DK,0
TXN-00361,2025-04-11,SALE,INV-2504-0361,Rongai Home & Agro Supplies,Ongata Rongai,WhatsApp,Farmer,CUS-1183,,Electrical,Switch 1 Gang,3,261.68,0.03,785.04,761.49,147.42,442.26,319.23,,0,761.49,0,761.49,-0.0,0,-3,-442.26,,DK,0
TXN-01572,2026-03-10,SALE,INV-2603-1572,Rongai Home & Agro Supplies,Kiserian,M-Pesa Till,Retail,CUS-1062,,Plumbing,PVC Elbow 20mm,1,77.87,0,77.87,77.87,47.27,47.27,30.6,,0,77.87,0,77.87,-0.0,0,-1,-47.27,,DK,0
TXN-02223,2025-08-23,SUPPLIER_PAYMENT,SP-2508-2223,Rongai Home & Agro Supplies,Kiserian,Supplier,,,Eastlands Hardware Wholesalers,,,0,0,0,0,0,0,0,0,Supplier Payment,0,0,19213.0,0,0,0,0,0,Bank Transfer,ER,0
TXN-01417,2026-01-25,SALE,INV-2601-1417,Rongai Home & Agro Supplies,Ongata Rongai,M-Pesa Till,Retail,CUS-1047,,Plumbing,20mm PVC Pipe 6m,6,818.56,0,4911.36,4911.36,625.98,3755.88,1155.48,,0,4911.36,0,4911.36,-0.0,0,-6,-3755.88,,ER,0
TXN-00170,2025-02-18,SALE,INV-2502-0170,Rongai Home & Agro Supplies,Kiserian,M-Pesa Till,Farmer,CUS-1113,,Hardware,Wheelbarrow Heavy Duty,1,6818.41,0.05,6818.41,6477.49,5261.97,5261.97,1215.52,,0,6477.49,0,6477.49,-0.0,0,-1,-5261.97,,AM,0
TXN-00178,2025-02-21,SALE,INV-2502-0178,Rongai Home & Agro Supplies,Kiserian,Phone Order,Contractor,CUS-1118,,Animal Feeds,Dairy Meal 25kg,14,2306.77,0.0473,32294.78,30767.24,2010.03,28140.42,2626.82,,0,7691.81,0,7691.81,-23075.43,0,-14,-28140.42,,AM,0
TXN-01952,2026-06-24,PURCHASE,GRN-2606-1952,Rongai Home & Agro Supplies,Kiserian,Supplier,,,AgroLink Kenya,Plumbing,Basin Tap Chrome,3,1002.71,0,0,0,1002.71,3008.13,0,Purchase,0,3008.13,0.0,0,0,0,3,3008.13,,AM,0
TXN-02017,2026-07-14,SALE,INV-2607-2017,Rongai Home & Agro Supplies,Kiserian,M-Pesa Till,Farmer,CUS-1124,,Building Materials,Cement 50kg,9,783.32,0,7049.88,7049.88,718.92,6470.28,579.6,,0,7049.88,0,7049.88,-0.0,0,-9,-6470.28,,CN,0
TXN-00923,2025-09-17,SALE,INV-2509-0923,Rongai Home & Agro Supplies,Ongata Rongai,M-Pesa Till,Farmer,CUS-1073,,Agro Inputs,Foliar Feed 1L,2,967.19,0,1934.38,1934.38,596.75,1193.5,740.88,,0,1934.38,0,1934.38,-0.0,0,-2,-1193.5,,JK,0
TXN-01505,2026-02-20,SALE,INV-2602-1505,Rongai Home & Agro Supplies,Ongata Rongai,Walk-in,Institution,CUS-1001,,Paints,Paint Brush 4in,6,187.94,0.064,1127.64,1055.47,103.89,623.34,432.13,,0,1055.47,0,1055.47,-0.0,0,-6,-623.34,,ER,0
TXN-01549,2026-03-04,SALE,INV-2603-1549,Rongai Home & Agro Supplies,Ongata Rongai,Phone Order,Retail,CUS-1167,,Paints,Paint Brush 4in,1,178.04,0.01,178.04,176.26,98.18,98.18,78.08,,0,176.26,0,176.26,-0.0,0,-1,-98.18,,DK,0
TXN-01138,2025-11-13,SALE,INV-2511-1138,Rongai Home & Agro Supplies,Kiserian,Walk-in,Retail,CUS-1029,,Hardware,Panga,1,997.26,0.02,997.26,977.31,555.51,555.51,421.8,,0,977.31,0,977.31,-0.0,0,-1,-555.51,,BM,0
TXN-02195,2025-06-19,STOCK_ADJUSTMENT,ADJ-2506-2195,Rongai Home & Agro Supplies,Kiserian,Stock Count,,,,Agro Inputs,Maize Seed 2kg,4,0,0,0,0,0,0,0,Stock Adjustment,0,0,0,0,0,0,4,1760,Manual count variance,BM,0
TXN-00059,2025-01-17,PURCHASE,GRN-2501-0059,Rongai Home & Agro Supplies,Kiserian,Supplier,,,Rift Valley Cement Depot,Plumbing,Basin Tap Chrome,3,897.62,0,0,0,897.62,2692.86,0,Purchase,0,1346.43,1346.43,0,0,0,3,2692.86,,AM,0
TXN-00410,2025-04-23,PURCHASE,GRN-2504-0410,Rongai Home & Agro Supplies,Kiserian,Supplier,,,Rift Valley Cement Depot,Plumbing,PVC Elbow 20mm,3,44.69,0,0,0,44.69,134.07,0,Purchase,0,46.92,87.15,0,0,0,3,134.07,,BM,0
TXN-01314,2025-12-26,PURCHASE,GRN-2512-1314,Rongai Home & Agro Supplies,Ongata Rongai,Supplier,,,Nairobi Electrical Mart,Paints,Paint Brush 4in,18,92.96,0,0,0,92.96,1673.28,0,Purchase,0,585.65,1087.63,0,0,0,18,1673.28,,ER,0
TXN-01147,2025-11-15,SALE,INV-2511-1147,Rongai Home & Agro Supplies,Kiserian,Walk-in,Retail,CUS-1045,,Agro Inputs,DAP Fertilizer 50kg,1,5419.93,0.01,5419.93,5365.73,4177.67,4177.67,1188.06,,0,5365.73,0,5365.73,-0.0,0,-1,-4177.67,,CN,0
TXN-00085,2025-01-24,SALE,INV-2501-0085,Rongai Home & Agro Supplies,Ongata Rongai,M-Pesa Till,Reseller,CUS-1086,,Plumbing,Basin Tap Chrome,5,1415.27,0.0642,7076.35,6622.05,908.31,4541.55,2080.5,,0,6622.05,0,6622.05,-0.0,0,-5,-4541.55,,AM,0
TXN-00069,2025-01-20,SALE,INV-2501-0069,Rongai Home & Agro Supplies,Kiserian,Phone Order,Institution,CUS-1054,,Building Materials,Cement 50kg,14,770.47,0.0261,10786.58,10505.05,649.8,9097.2,1407.85,,0,10505.05,0,10505.05,-0.0,0,-14,-9097.2,,AM,0
TXN-01420,2026-01-26,SALE,INV-2601-1420,Rongai Home & Agro Supplies,Ongata Rongai,M-Pesa Till,Contractor,CUS-1032,,Plumbing,PVC Elbow 20mm,6,80.37,0.0618,482.22,452.42,46.93,281.58,170.84,,0,113.11,0,113.11,-339.31,0,-6,-281.58,,ER,0
TXN-01183,2025-11-25,SALE,INV-2511-1183,Rongai Home & Agro Supplies,Ongata Rongai,M-Pesa Till,Retail,CUS-1131,,Agro Inputs,Maize Seed 2kg,2,608.25,0.01,1216.5,1204.34,444.74,889.48,314.86,,0,1204.34,0,1204.34,-0.0,0,-2,-889.48,,CN,0
TXN-01142,2025-11-14,SALE,INV-2511-1142,Rongai Home & Agro Supplies,Ongata Rongai,M-Pesa Till,Retail,CUS-1169,,Plumbing,PVC Elbow 20mm,1,79.86,0.03,79.86,77.46,44.69,44.69,32.77,,0,77.46,0,77.46,-0.0,0,-1,-44.69,,JK,0
TXN-01459,2026-02-05,SALE,INV-2602-1459,Rongai Home & Agro Supplies,Kiserian,Walk-in,Institution,CUS-1139,,Plumbing,25mm PVC Pipe 6m,14,1056.16,0.0646,14786.24,13831.05,834.7,11685.8,2145.25,,0,3457.76,0,3457.76,-10373.29,0,-14,-11685.8,,DK,0
TXN-01528,2026-02-25,CUSTOMER_PAYMENT,RCPT-2602-1528,Rongai Home & Agro Supplies,Kiserian,Collections,Contractor,CUS-1042,,,,0,0,0,0,0,0,0,0,Customer Collection,0,3507.0,0,3507.0,3507.0,0,0,0,Mpesa,AM,0
TXN-01811,2026-05-13,SALE,INV-2605-1811,Rongai Home & Agro Supplies,Kiserian,WhatsApp,Contractor,CUS-1116,,Agro Inputs,Maize Seed 2kg,7,616.49,0.0367,4315.43,4157.05,470.76,3295.32,861.73,,0,4157.05,0,4157.05,-0.0,0,-7,-3295.32,,DK,0
TXN-02063,2026-07-28,SALE,INV-2607-2063,Rongai Home & Agro Supplies,Ongata Rongai,Phone Order,Retail,CUS-1173,,Electrical,Socket 13A,1,410.02,0,410.02,410.02,236.28,236.28,173.74,,0,410.02,0,410.02,-0.0,0,-1,-236.28,,CN,0
TXN-00852,2025-08-28,SALE,INV-2508-0852,Rongai Home & Agro Supplies,Kiserian,Walk-in,Institution,CUS-1006,,Hardware,Spade Steel,4,1318.75,0.0303,5275.0,5115.17,760.18,3040.72,2074.45,,0,1278.79,0,1278.79,-3836.38,0,-4,-3040.72,,DK,0
TXN-00483,2025-05-13,SALE,INV-2505-0483,Rongai Home & Agro Supplies,Kiserian,Credit Customer,Reseller,CUS-1149,,Electrical,LED Bulb 12W,12,296.7,0.0707,3560.4,3308.68,155.01,1860.12,1448.56,,0,827.17,0,827.17,-2481.51,0,-12,-1860.12,,DK,0
TXN-01237,2025-12-09,SALE,INV-2512-1237,Rongai Home & Agro Supplies,Ongata Rongai,Walk-in,Institution,CUS-1162,,Agro Inputs,Maize Seed 2kg,7,646.56,0.0463,4525.92,4316.37,429.92,3009.44,1306.93,,0,4316.37,0,4316.37,-0.0,0,-7,-3009.44,,BM,0
TXN-00831,2025-08-22,REFUND,REF-2508-0831,Rongai Home & Agro Supplies,Ongata Rongai,Counter,Farmer,CUS-1073,,Agro Inputs,Maize Seed 2kg,-1,643.18,0,0,561.1,427.33,0,-561.1,Customer Refund,561.1,0,561.1,0,0,561.1,0,0,refund,JK,0
TXN-00549,2025-06-03,SALE,INV-2506-0549,Rongai Home & Agro Supplies,Kiserian,Walk-in,Reseller,CUS-1038,,Hardware,Padlock 50mm,11,727.4,0.0585,8001.4,7533.32,406.4,4470.4,3062.92,,0,3766.66,0,3766.66,-3766.66,0,-11,-4470.4,,JK,0
TXN-00870,2025-09-02,CUSTOMER_PAYMENT,RCPT-2509-0870,Rongai Home & Agro Supplies,Ongata Rongai,Collections,Contractor,CUS-1040,,,,0,0,0,0,0,0,0,0,Customer Collection,0,21202.0,0,21202.0,21202.0,0,0,0,Mpesa,DK,0
TXN-00612,2025-06-22,SALE,INV-2506-0612,Rongai Home & Agro Supplies,Ongata Rongai,WhatsApp,Farmer,CUS-1088,,Plumbing,Basin Tap Chrome,3,1488.84,0,4466.52,4466.52,923.87,2771.61,1694.91,,0,4466.52,0,4466.52,-0.0,0,-3,-2771.61,,AM,0
TXN-01949,2026-06-24,SALE,INV-2606-1949,Rongai Home & Agro Supplies,Kiserian,Walk-in,Farmer,CUS-1004,,Building Materials,Damp Proof Course 20m,1,1248.88,0.03,1248.88,1211.41,954.84,954.84,256.57,,0,1211.41,0,1211.41,-0.0,0,-1,-954.84,,CN,0
TXN-00183,2025-02-22,SALE,INV-2502-0183,Rongai Home & Agro Supplies,Kiserian,M-Pesa Till,Retail,CUS-1097,,Building Materials,Galvanized Roofing Sheet 3m,1,1172.17,0,1172.17,1172.17,903.64,903.64,268.53,,0,1172.17,0,1172.17,-0.0,0,-1,-903.64,,JK,1
TXN-00902,2025-09-11,SALE,INV-2509-0902,Rongai Home & Agro Supplies,Ongata Rongai,WhatsApp,Retail,CUS-1172,,Electrical,LED Bulb 12W,7,267.29,0.05,1871.03,1777.48,151.8,1062.6,714.88,,0,1777.48,0,1777.48,-0.0,0,-7,-1062.6,,BM,0
TXN-00253,2025-03-14,SALE,INV-2503-0253,Rongai Home & Agro Supplies,Kiserian,Walk-in,Institution,CUS-1079,,Building Materials,Cement 50kg,4,742.47,0.0312,2969.88,2877.22,679.73,2718.92,158.3,,0,0.0,0,0.0,-2877.22,0,-4,-2718.92,,ER,0
TXN-00736,2025-07-28,SALE,INV-2507-0736,Rongai Home & Agro Supplies,Ongata Rongai,Walk-in,Retail,CUS-1159,,Hardware,Hammer 16oz,1,902.34,0.05,902.34,857.22,521.95,521.95,335.27,,0,857.22,0,857.22,-0.0,0,-1,-521.95,,DK,0
TXN-01129,2025-11-10,SALE,INV-2511-1129,Rongai Home & Agro Supplies,Kiserian,Phone Order,Retail,CUS-1058,,Building Materials,Damp Proof Course 20m,1,1223.15,0,1223.15,1223.15,880.39,880.39,342.76,,0,1223.15,0,1223.15,-0.0,0,-1,-880.39,,AM,0
TXN-00463,2025-05-07,PURCHASE,GRN-2505-0463,Rongai Home & Agro Supplies,Ongata Rongai,Supplier,,,Mara Distributors,Agro Inputs,Maize Seed 2kg,4,448.98,0,0,0,448.98,1795.92,0,Purchase,0,0.0,1795.92,0,0,0,4,1795.92,,ER,0
TXN-00953,2025-09-24,PURCHASE,GRN-2509-0953,Rongai Home & Agro Supplies,Kiserian,Supplier,,,Eastlands Hardware Wholesalers,Building Materials,Cement 50kg,8,664.61,0,0,0,664.61,5316.88,0,Purchase,0,0.0,5316.88,0,0,0,8,5316.88,,JK,0
TXN-01324,2025-12-29,PURCHASE,GRN-2512-1324,Rongai Home & Agro Supplies,Kiserian,Supplier,,,Eastlands Hardware Wholesalers,Plumbing,25mm PVC Pipe 6m,17,728.38,0,0,0,728.38,12382.46,0,Purchase,0,4333.86,8048.6,0,0,0,17,12382.46,,BM,0
TXN-00738,2025-07-28,SALE,INV-2507-0738,Rongai Home & Agro Supplies,Kiserian,M-Pesa Till,Retail,CUS-1061,,Paints,20L Emulsion Paint,1,5180.23,0,5180.23,5180.23,4023.11,4023.11,1157.12,,0,5180.23,0,5180.23,-0.0,0,-1,-4023.11,,CN,0
TXN-01084,2025-10-29,PURCHASE,GRN-2510-1084,Rongai Home & Agro Supplies,Kiserian,Supplier,,,Mara Distributors,Hardware,Padlock 50mm,3,391.64,0,0,0,391.64,1174.92,0,Purchase,0,1174.92,0.0,0,0,0,3,1174.92,,ER,0
TXN-01743,2026-04-23,SALE,INV-2604-1743,Rongai Home & Agro Supplies,Kiserian,WhatsApp,Retail,CUS-1006,,Building Materials,Galvanized Roofing Sheet 3m,3,1115.94,0,3347.82,3347.82,1006.83,3020.49,327.33,,0,3347.82,0,3347.82,-0.0,0,-3,-3020.49,,JK,0
TXN-00070,2025-01-20,SALE,INV-2501-0070,Rongai Home & Agro Supplies,Ongata Rongai,M-Pesa Till,Retail,CUS-1084,,Animal Feeds,Chicken Feed 10kg,1,1050.12,0.01,1050.12,1039.62,744.58,744.58,295.04,,0,1039.62,0,1039.62,-0.0,0,-1,-744.58,,AM,0
TXN-00756,2025-08-04,SALE,INV-2508-0756,Rongai Home & Agro Supplies,Ongata Rongai,WhatsApp,Institution,CUS-1085,,Agro Inputs,DAP Fertilizer 50kg,9,5373.26,0.0481,48359.34,46033.26,4348.12,39133.08,6900.18,,0,0.0,0,0.0,-46033.26,0,-9,-39133.08,,JK,0
TXN-01597,2026-03-16,SALE,INV-2603-1597,Rongai Home & Agro Supplies,Kiserian,M-Pesa Till,Retail,CUS-1139,,Agro Inputs,Foliar Feed 1L,3,1029.81,0.02,3089.43,3027.64,639.18,1917.54,1110.1,,0,3027.64,0,3027.64,-0.0,0,-3,-1917.54,,CN,0
TXN-02165,26/08/2026,SALE,INV-2608-2165,Rongai Home & Agro Supplies,Ongata Rongai,WhatsApp,Retail,CUS-1183,,Electrical,LED Bulb 12W,6,296.01,0.01,1776.06,1758.3,176.41,1058.46,699.84,,0,1758.3,0,1758.3,-0.0,0,-6,-1058.46,,JK,0
TXN-00454,2025-05-05,SALE,INV-2505-0454,Rongai Home & Agro Supplies,Kiserian,WhatsApp,Farmer,CUS-1041,,Electrical,Switch 1 Gang,1,261.21,0,261.21,261.21,147.69,147.69,113.52,,0,261.21,0,261.21,-0.0,0,-1,-147.69,,AM,0
TXN-00230,2025-03-07,SALE,INV-2503-0230,Rongai Home & Agro Supplies,Ongata Rongai,Phone Order,Farmer,CUS-1086,,Building Materials,Cement 50kg,7,837.81,0.08,5864.67,5395.5,664.29,4650.03,745.47,,0,5395.5,0,5395.5,-0.0,0,-7,-4650.03,,CN,0
TXN-00476,2025-05-11,EXPENSE,EXP-2505-0476,Rongai Home & Agro Supplies,Kiserian,Back Office,,,,,,0,0,0,0,0,0,0,0,Internet,3000,0,3000,0,0,0,0,0,M-PESA,JK,0
TXN-01633,2026-03-25,SALE,INV-2603-1633,Rongai Home & Agro Supplies,Ongata Rongai,Phone Order,Retail,CUS-1164,,Hardware,Spade Steel,1,1182.52,0.05,1182.52,1123.39,796.16,796.16,327.23,,0,1123.39,0,1123.39,-0.0,0,-1,-796.16,,BM,0
TXN-01879,2026-06-02,CUSTOMER_PAYMENT,RCPT-2606-1879,Rongai Home & Agro Supplies,Kiserian,Collections,Contractor,CUS-1063,,,,0,0,0,0,0,0,0,0,Customer Collection,0,20619.0,0,20619.0,20619.0,0,0,0,M-PESA,CN,0
TXN-01200,2025-11-29,SALE,INV-2511-1200,Rongai Home & Agro Supplies,Ongata Rongai,Walk-in,Farmer,CUS-1133,,Electrical,Socket 13A,2,399.77,0.03,799.54,775.55,230.83,461.66,313.89,,0,775.55,0,775.55,-0.0,0,-2,-461.66,,JK,0
TXN-01410,2026-01-22,SALE,INV-2601-1410,Rongai Home & Agro Supplies,Kiserian,M-Pesa Till,Retail,CUS-1057,,Electrical,Socket 13A,1,383.45,0,383.45,383.45,225.3,225.3,158.15,,0,383.45,0,383.45,-0.0,0,-1,-225.3,,CN,0
TXN-01239,2025-12-09,CUSTOMER_PAYMENT,RCPT-2512-1239,Rongai Home & Agro Supplies,Ongata Rongai,Collections,Contractor,CUS-1121,,,,0,0,0,0,0,0,0,0,Customer Collection,0,13420.0,0,13420.0,13420.0,0,0,0,Bank Transfer,AM,0
TXN-02161,25-08-2026,SALE,INV-2608-2161,Rongai Home & Agro Supplies,Ongata Rongai,M-Pesa Till,Retail,CUS-1176,,Paints,Paint Brush 4in,2,177.32,0.03,354.64,344.0,104.79,209.58,134.42,,0,344.0,0,344.0,-0.0,0,-2,-209.58,,ER,0
TXN-01258,2025-12-13,EXPENSE,EXP-2512-1258,Rongai Home & Agro Supplies,Kiserian,Back Office,,,,,,0,0,0,0,0,0,0,0,Electricity,9833,0,9833,0,0,0,0,0,M-PESA,CN,0
TXN-00359,2025-04-11,SALE,INV-2504-0359,Rongai Home & Agro Supplies,Ongata Rongai,Phone Order,Retail,CUS-1040,,Electrical,Switch 1 Gang,1,262.35,0,262.35,262.35,148.23,148.23,114.12,,0,262.35,0,262.35,-0.0,0,-1,-148.23,,JK,0
TXN-00800,14/08/2025,SALE,INV-2508-0800,Rongai Home & Agro Supplies,Kiserian,Walk-in,Retail,CUS-1030,,Hardware,Padlock 50mm,0,644.84,0.02,644.84,631.94,420.34,420.34,211.6,,0,631.94,0,631.94,-0.0,0,-1,-420.34,,DK,0
TXN-00360,2025-04-11,SALE,INV-2504-0360,Rongai Home & Agro Supplies,Ongata Rongai,Walk-in,Retail,CUS-1107,,Electrical,LED Bulb 12W,2,267.77,0.03,535.54,519.47,150.94,301.88,217.59,,0,519.47,0,519.47,-0.0,0,-2,-301.88,,AM,0
TXN-00499,2025-05-17,SALE,INV-2505-0499,Rongai Home & Agro Supplies,Kiserian,WhatsApp,Retail,CUS-1156,,Plumbing,PVC Elbow 20mm,2,71.61,0.08,143.22,131.76,43.68,87.36,44.4,,0,131.76,0,131.76,-0.0,0,-2,-87.36,,BM,0
TXN-00839,2025-08-25,SALE,INV-2508-0839,Rongai Home & Agro Supplies,Ongata Rongai,WhatsApp,Retail,CUS-1062,,Animal Feeds,Chicken Feed 10kg,1,978.76,0.05,978.76,929.82,781.23,781.23,148.59,,0,929.82,0,929.82,-0.0,0,-1,-781.23,,DK,0
TXN-01337,2026-01-02,SALE,INV-2601-1337,Rongai Home & Agro Supplies,Kiserian,WhatsApp,Contractor,CUS-1068,,Building Materials,Cement 50kg,7,822.95,0.0422,5760.65,5517.55,711.96,4983.72,533.83,,0,2207.02,0,2207.02,-3310.53,0,-7,-4983.72,,JK,0
TXN-01370,2026-01-10,SALE,INV-2601-1370,Rongai Home & Agro Supplies,Ongata Rongai,Walk-in,Farmer,CUS-1071,,Electrical,Socket 13A,1,369.68,0.08,369.68,340.11,240.44,240.44,99.67,,0,340.11,0,340.11,-0.0,0,-1,-240.44,,CN,0
TXN-01043,2025-10-17,SALE,INV-2510-1043,Rongai Home & Agro Supplies,Kiserian,Phone Order,Retail,CUS-1097,,Paints,Paint Brush 4in,1,175.43,0.02,175.43,171.92,98.18,98.18,73.74,,0,171.92,0,171.92,-0.0,0,-1,-98.18,,CN,0
TXN-00268,2025-03-19,SALE,INV-2503-0268,Rongai Home & Agro Supplies,Ongata Rongai,M-Pesa Till,Retail,CUS-1143,,Household,Jerrycan 20L,1,800.14,0.05,800.14,760.13,501.38,501.38,258.75,,0,760.13,0,760.13,-0.0,0,-1,-501.38,,JK,0
TXN-00118,2025-02-03,PURCHASE,GRN-2502-0118,Rongai Home & Agro Supplies,Kiserian,Supplier,,,AgroLink Kenya,Household,Jerrycan 20L,3,497.01,0,0,0,497.01,1491.03,0,Purchase,0,0.0,1491.03,0,0,0,3,1491.03,,BM,0
TXN-01747,2026-04-24,SALE,INV-2604-1747,Rongai Home & Agro Supplies,Ongata Rongai,Phone Order,Farmer,CUS-1118,,Plumbing,PVC Tee 20mm,2,83.38,0.08,166.76,153.42,52.69,105.38,48.04,,0,153.42,0,153.42,-0.0,0,BANK,-105.38,,JK,0
TXN-00641,2025-06-30,EXPENSE,EXP-2506-0641,Rongai Home & Agro Supplies,Ongata Rongai,Back Office,,,,,,0,0,0,0,0,0,0,0,Miscellaneous,6182,0,6182,0,0,0,0,0,Bank Transfer,DK,0
TXN-01561,2026-03-07,SALE,INV-2603-1561,Rongai Home & Agro Supplies,Kiserian,Phone Order,Farmer,CUS-1034,,Agro Inputs,Maize Seed 2kg,6,584.24,0.02,3505.44,3435.33,484.61,2907.66,527.67,,0,3435.33,0,3435.33,-0.0,0,-6,-2907.66,,ER,0
TXN-01451,2026-02-03,SALE,INV-2602-1451,Rongai Home & Agro Supplies,Ongata Rongai,Phone Order,Contractor,CUS-1052,,Plumbing,25mm PVC Pipe 6m,4,1006.46,0.0349,4025.84,3885.34,791.14,3164.56,720.78,,0,3885.34,0,3885.34,-0.0,0,-4,-3164.56,,JK,0
TXN-01281,2025-12-19,SALE,INV-2512-1281,Rongai Home & Agro Supplies,Ongata Rongai,Phone Order,Farmer,CUS-1011,,Plumbing,20mm PVC Pipe 6m,5,770.84,0,3854.2,3854.2,607.04,3035.2,819.0,,0,3854.2,0,3854.2,-0.0,0,-5,-3035.2,,BM,0
TXN-01901,2026-06-09,SALE,INV-2606-1901,Rongai Home & Agro Supplies,Kiserian,Walk-in,Retail,CUS-1033,,Building Materials,Cement 50kg,12,752.21,0.01,9026.52,8936.25,739.58,8874.96,61.29,,0,8936.25,0,8936.25,-0.0,0,-12,-8874.96,,JK,0
TXN-01260,2025-12-14,EXPENSE,EXP-2512-1260,Rongai Home & Agro Supplies,Kiserian,Back Office,,,,,,0,0,0,0,0,0,0,0,Transport,4184,0,4184,0,0,0,0,0,Bank Transfer,BM,0
TXN-00348,2025-04-08,SALE,INV-2504-0348,Rongai Home & Agro Supplies,Ongata Rongai,Walk-in,Institution,CUS-1097,,Electrical,Electrical Cable 1.5mm 90m,12,7774.47,0.0564,93293.64,88031.88,5988.4,71860.8,16171.08,,0,35212.75,0,35212.75,-52819.13,0,-12,-71860.8,,JK,0
TXN-02090,2026-08-04,SALE,INV-2608-2090,Rongai Home & Agro Supplies,Ongata Rongai,Credit Customer,Reseller,CUS-1043,,Building Materials,Damp Proof Course 20m,3,1292.43,0.0716,3877.29,3599.68,939.41,2818.23,781.45,,0,1439.87,0,1439.87,-2159.81,0,-3,-2818.23,,BM,0
TXN-01424,2026-01-26,PURCHASE,GRN-2601-1424,Rongai Home & Agro Supplies,Kiserian,Supplier,,,AgroLink Kenya,Building Materials,2x2 Timber 12ft,4,390.2,0,0,0,390.2,1560.8,0,Purchase,0,0.0,1560.8,0,0,0,4,1560.8,,BM,0
TXN-00477,2025-05-12,SALE,INV-2505-0477,Rongai Home & Agro Supplies,Kiserian,Walk-in,Retail,CUS-1094,,Electrical,Socket 13A,1,419.01,0,419.01,419.01,215.66,215.66,203.35,,0,419.01,0,419.01,-0.0,0,-1,-215.66,,CN,0
TXN-00703,2025-07-18,SALE,INV-2507-0703,Rongai Home & Agro Supplies,Ongata Rongai,Phone Order,Reseller,CUS-1002,,Hardware,Padlock 50mm,6,693.23,0.069,4159.38,3872.38,404.47,2426.82,1445.56,,0,3872.38,0,3872.38,-0.0,0,-6,-2426.82,,ER,0
TXN-01374,2026-01-12,SALE,INV-2601-1374,Rongai Home & Agro Supplies,Ongata Rongai,WhatsApp,Retail,CUS-1010,,Animal Feeds,Mineral Lick 2kg,1,599.37,0,599.37,599.37,408.7,408.7,190.67,,0,599.37,0,599.37,-0.0,0,-1,-408.7,,CN,0
TXN-01149,2025-11-16,SALE,INV-2511-1149,Rongai Home & Agro Supplies,Ongata Rongai,Phone Order,Retail,CUS-1005,,Plumbing,20mm PVC Pipe 6m,1,807.52,0,807.52,807.52,593.84,593.84,213.68,,0,807.52,0,807.52,-0.0,0,-1,-593.84,,DK,0
TXN-01267,2025-12-16,SALE,INV-2512-1267,Rongai Home & Agro Supplies,Kiserian,Phone Order,Contractor,CUS-1098,,Plumbing,PVC Elbow 20mm,11,76.2,0.0232,838.2,818.75,42.55,468.05,350.7,,0,818.75,0,818.75,-0.0,0,-11,-468.05,,ER,0
TXN-00824,2025-08-20,CUSTOMER_PAYMENT,RCPT-2508-0824,Rongai Home & Agro Supplies,Ongata Rongai,Collections,Contractor,CUS-1122,,,,0,0,0,0,0,0,0,0,Customer Collection,0,8950.0,0,8950.0,8950.0,0,0,0,Mpesa,DK,0
TXN-00181,2025-02-21,SALE,INV-2502-0181,Rongai Home & Agro Supplies,Kiserian,Walk-in,Retail,CUS-1012,,Agro Inputs,DAP Fertilizer 50kg,1,5556.84,0.08,5556.84,5112.29,4213.01,4213.01,899.28,,0,5112.29,0,5112.29,-0.0,0,-1,-4213.01,,AM,0
TXN-00552,2025-06-04,SALE,INV-2506-0552,Rongai Home & Agro Supplies,Ongata Rongai,Phone Order,Reseller,CUS-1112,,Electrical,Switch 1 Gang,9,263.44,0.0691,2370.96,2207.13,141.69,1275.21,931.92,,0,2207.13,0,2207.13,-0.0,0,-9,-1275.21,,AM,0
TXN-00182,2025-02-21,EXPENSE,EXP-2502-0182,Rongai Home & Agro Supplies,Kiserian,Back Office,,,,,,0,0,0,0,0,0,0,0,Transport,8391,0,8391,0,0,0,0,0,Bank Transfer,BM,0
TXN-01603,2026-03-17,CUSTOMER_PAYMENT,RCPT-2603-1603,Rongai Home & Agro Supplies,Kiserian,Collections,Contractor,CUS-1078,,,,0,0,0,0,0,0,0,0,Customer Collection,0,4989.0,0,4989.0,4989.0,0,0,0,Bank Transfer,AM,0
TXN-02269,2025-03-23,SUPPLIER_PAYMENT,SP-2503-2269,Rongai Home & Agro Supplies,Kiserian,Supplier,,,Rift Valley Cement Depot,,,0,0,0,0,0,0,0,0,Supplier Payment,0,0,7716.0,0,0,0,0,0,Bank Transfer,CN,0
TXN-00371,2025-04-14,SALE,INV-2504-0371,Rongai Home & Agro Supplies,Ongata Rongai,Walk-in,Retail,CUS-1121,,Plumbing,Basin Tap Chrome,1,1434.91,0.02,1434.91,1406.21,918.89,918.89,487.32,,0,1406.21,0,1406.21,-0.0,0,-1,-918.89,,JK,0
TXN-02260,2025-04-27,SUPPLIER_PAYMENT,SP-2504-2260,Rongai Home & Agro Supplies,Kiserian,Supplier,,,Mara Distributors,,,0,0,0,0,0,0,0,0,Supplier Payment,0,0,41549.0,0,0,0,0,0,Cash,AM,0
TXN-01732,2026-04-20,SALE,INV-2604-1732,Rongai Home & Agro Supplies,,Phone Order,Retail,CUS-1023,,Paints,Paint Brush 4in,1,179.86,0.03,179.86,174.46,105.71,105.71,68.75,,0,174.46,0,174.46,-0.0,0,-1,-105.71,,ER,0
TXN-01207,2025-12-01,PURCHASE,GRN-2512-1207,Rongai Home & Agro Supplies,Ongata Rongai,Supplier,,,Nairobi Electrical Mart,Hardware,Hammer 16oz,3,512.13,0,0,0,512.13,1536.39,0,Purchase,0,1536.39,0.0,0,0,0,3,1536.39,,JK,0
TXN-00814,2025-08-18,PURCHASE,GRN-2508-0814,Rongai Home & Agro Supplies,Ongata Rongai,Supplier,,,AgroLink Kenya,Agro Inputs,DAP Fertilizer 50kg,10,4252.05,0,0,0,4252.05,42520.5,0,Purchase,0,21260.25,21260.25,0,0,0,10,42520.5,,ER,0
TXN-00340,2025-04-06,EXPENSE,EXP-2504-0340,Rongai Home & Agro Supplies,Ongata Rongai,Back Office,,,,,,0,0,0,0,0,0,0,0,Staff Salaries,69734,0,69734,0,0,0,0,0,Cash,BM,0
TXN-00531,2025-05-28,PURCHASE,GRN-2505-0531,Rongai Home & Agro Supplies,Kiserian,Supplier,,,Eastlands Hardware Wholesalers,Plumbing,25mm PVC Pipe 6m,3,751.16,0,0,0,751.16,2253.48,0,Purchase,0,2253.48,0.0,0,0,0,3,2253.48,,ER,0
TXN-00590,2025-06-16,SALE,INV-2506-0590,Rongai Home & Agro Supplies,Ongata Rongai,Phone Order,Retail,CUS-1051,,Building Materials,Galvanized Roofing Sheet 3m,6,1164.64,0.01,6987.84,6917.96,873.6,5241.6,1676.36,,0,6917.96,0,6917.96,-0.0,0,-6,-5241.6,,DK,0
TXN-01231,2025-12-07,SALE,INV-2512-1231,Rongai Home & Agro Supplies,Ongata Rongai,M-Pesa Till,Farmer,CUS-1133,,Plumbing,20mm PVC Pipe 6m,2,793.35,0.05,1586.7,1507.37,613.71,1227.42,279.95,,0,1507.37,0,1507.37,-0.0,0,-2,-1227.42,,BM,0
TXN-02185,2026-04-01,STOCK_ADJUSTMENT,ADJ-2604-2185,Rongai Home & Agro Supplies,Ongata Rongai,Stock Count,,,,Electrical,LED Bulb 12W,-2,0,0,0,0,0,0,0,Stock Adjustment,0,0,0,0,0,0,-2,-310,Manual count variance,DK,0
TXN-01589,2026-03-14,SALE,INV-2603-1589,Rongai Home & Agro Supplies,Ongata Rongai,Walk-in,Retail,CUS-1100,,Paints,Paint Brush 4in,1,186.38,0.02,186.38,182.65,104.35,104.35,78.3,,0,182.65,0,182.65,-0.0,0,-1,-104.35,,AM,0
TXN-01566,09/03/2026,SALE,INV-2603-1566,Rongai Home & Agro Supplies,Ongata Rongai,Phone Order,Retail,CUS-1157,,Paints,Paint Brush 4in,1,178.88,0.05,178.88,169.94,98.64,98.64,71.3,,0,169.94,0,169.94,-0.0,0,-1,-98.64,,ER,0
TXN-01676,2026-04-06,SALE,INV-2604-1676,Rongai Home & Agro Supplies,Ongata Rongai,Walk-in,Contractor,CUS-1046,,Household,Jerrycan 20L,8,810.51,0.1091,6484.08,5776.67,555.29,4442.32,1334.35,,0,5776.67,0,5776.67,-0.0,0,-8,-4442.32,,CN,0
TXN-00642,2025-07-01,SALE,INV-2507-0642,Rongai Home & Agro Supplies,Ongata Rongai,WhatsApp,Retail,CUS-1010,,Household,Jerrycan 20L,1,754.42,0.03,754.42,731.79,493.24,493.24,238.55,,0,731.79,0,731.79,-0.0,0,-1,-493.24,,DK,0
TXN-00502,2025-05-19,SALE,INV-2505-0502,Rongai Home & Agro Supplies,Ongata Rongai,M-Pesa Till,Farmer,CUS-1082,,Plumbing,20mm PVC Pipe 6m,1,830.6,0.05,830.6,789.07,606.79,606.79,182.28,,0,789.07,0,789.07,-0.0,0,-1,-606.79,,ER,0
TXN-01486,2026-02-13,PURCHASE,GRN-2602-1486,Rongai Home & Agro Supplies,Ongata Rongai,Supplier,,,Eastlands Hardware Wholesalers,Building Materials,Cement 50kg,8,692.68,0,0,0,692.68,5541.44,0,Purchase,0,5541.44,0.0,0,0,0,8,5541.44,,AM,0
TXN-00255,2025-03-14,SALE,INV-2503-0255,Rongai Home & Agro Supplies,Kiserian,Walk-in,Farmer,CUS-1147,,Plumbing,20mm PVC Pipe 6m,1,867.0,0.05,867.0,823.65,586.24,586.24,237.41,,0,823.65,0,823.65,-0.0,0,-1,-586.24,,AM,0
TXN-00906,2025-09-12,SALE,INV-2509-0906,Rongai Home & Agro Supplies,Kiserian,WhatsApp,Retail,CUS-1175,,Paints,Paint Brush 4in,5,178.29,0,891.45,891.45,97.36,486.8,404.65,,0,891.45,0,891.45,-0.0,0,-5,-486.8,,CN,0
TXN-00786,2025-08-10,CUSTOMER_PAYMENT,RCPT-2508-0786,Rongai Home & Agro Supplies,Ongata Rongai,Collections,Contractor,CUS-1034,,,,0,0,0,0,0,0,0,0,Customer Collection,0,19369.0,0,19369.0,19369.0,0,0,0,Mpesa,CN,0
TXN-01669,2026-04-03,PURCHASE,GRN-2604-1669,Rongai Home & Agro Supplies,Ongata Rongai,Supplier,,,Mara Distributors,Plumbing,20mm PVC Pipe 6m,20,614.98,0,0,0,614.98,12299.6,0,Purchase,0,12299.6,0.0,0,0,0,20,12299.6,,DK,0
TXN-01798,2026-05-08,SALE,INV-2605-1798,Rongai Home & Agro Supplies,Kiserian,M-Pesa Till,Contractor,CUS-1111,,Paints,Paint Brush 4in,13,174.93,0.0473,2274.09,2166.53,102.68,1334.84,831.69,,0,2166.53,0,2166.53,-0.0,0,-13,-1334.84,,CN,0
TXN-01315,2025-12-27,SALE,INV-2512-1315,Rongai Home & Agro Supplies,Ongata Rongai,M-Pesa Till,Retail,CUS-1134,,Hardware,Hammer 16oz,2,911.13,0.01,1822.26,1804.04,504.13,1008.26,795.78,,0,1804.04,0,1804.04,-0.0,0,-2,-1008.26,,BM,0
TXN-00018,2025-01-04,SALE,INV-2501-0018,Rongai Home & Agro Supplies,Kiserian,Phone Order,Farmer,CUS-1105,,Building Materials,Cement 50kg,2,764.31,0.08,1528.62,1406.33,676.96,1353.92,52.41,,0,1406.33,0,1406.33,-0.0,0,-2,-1353.92,,DK,0
TXN-01823,2026-05-16,SALE,INV-2605-1823,Rongai Home & Agro Supplies,Kiserian,Phone Order,Retail,CUS-1155,,Hardware,Padlock 50mm,4,682.1,0.03,2728.4,2646.55,462.3,1849.2,797.35,,0,2646.55,0,2646.55,-0.0,0,-4,-1849.2,,JK,0
TXN-02241,2025-04-20,SUPPLIER_PAYMENT,SP-2504-2241,Rongai Home & Agro Supplies,Ongata Rongai,Supplier,,,Rift Valley Cement Depot,,,0,0,0,0,0,0,0,0,Supplier Payment,0,0,22476.0,0,0,0,0,0,Cash,DK,0
TXN-02203,2026-02-17,STOCK_ADJUSTMENT,ADJ-2602-2203,Rongai Home & Agro Supplies,Ongata Rongai,Stock Count,,,,Building Materials,Cement 50kg,-3,0,0,0,0,0,0,0,Stock Adjustment,0,0,0,0,0,0,-3,-1950,Manual count variance,ER,0
TXN-00627,2025-06-25,CUSTOMER_PAYMENT,RCPT-2506-0627,Rongai Home & Agro Supplies,Ongata Rongai,Collections,Contractor,CUS-1089,,,,0,0,0,0,0,0,0,0,Customer Collection,0,6201.0,0,6201.0,6201.0,0,0,0,M-PESA,DK,0
TXN-00869,2025-09-02,SALE,INV-2509-0869,Rongai Home & Agro Supplies,Kiserian,Walk-in,Retail,CUS-1165,,Hardware,Padlock 50mm,1,666.73,0.03,666.73,646.73,404.98,404.98,241.75,,0,646.73,0,646.73,-0.0,0,-1,-404.98,,CN,0
TXN-00123,2025-02-05,SALE,INV-2502-0123,Rongai Home & Agro Supplies,Kiserian,Phone Order,Contractor,CUS-1126,,Paints,Paint Brush 4in,8,185.07,0.056,1480.56,1397.65,92.91,743.28,654.37,,0,1397.65,0,1397.65,-0.0,0,-8,-743.28,,CN,0
TXN-01030,2025-10-14,SALE,INV-2510-1030,Rongai Home & Agro Supplies,Ongata Rongai,WhatsApp,Contractor,CUS-1052,,Agro Inputs,DAP Fertilizer 50kg,11,5309.12,0.0228,58400.32,57068.79,4433.36,48766.96,8301.83,,0,57068.79,0,57068.79,-0.0,0,-11,-48766.96,,BM,0
TXN-00046,2025-01-14,SALE,INV-2501-0046,Rongai Home & Agro Supplies,Kiserian,WhatsApp,Retail,CUS-1094,,Hardware,Padlock 50mm,2,662.58,0.05,1325.16,1258.9,427.48,854.96,403.94,,0,1258.9,0,1258.9,-0.0,0,-2,-854.96,,JK,0
TXN-01460,2026-02-05,CUSTOMER_PAYMENT,RCPT-2602-1460,Rongai Home & Agro Supplies,Ongata Rongai,Collections,Contractor,CUS-1013,,,,0,0,0,0,0,0,0,0,Customer Collection,0,20563.0,0,20563.0,20563.0,0,0,0,Bank Transfer,CN,0
TXN-02053,25/07/2026,SALE,INV-2607-2053,Rongai Home & Agro Supplies,Ongata Rongai,Walk-in,Retail,CUS-1063,,Paints,Paint Brush 4in,3,174.41,0,523.23,523.23,101.98,305.94,217.29,,0,523.23,0,523.23,-0.0,0,-3,-305.94,,ER,0
TXN-00750,2025-08-01,SALE,INV-2508-0750,Rongai Home & Agro Supplies,Kiserian,Walk-in,Contractor,CUS-1020,,Hardware,Spade Steel,7,1275.31,0.0207,8927.17,8742.38,776.84,5437.88,3304.5,,0,3496.95,0,3496.95,-5245.43,0,-7,-5437.88,,JK,0
TXN-00606,2025-06-20,SALE,INV-2506-0606,Rongai Home & Agro Supplies,Ongata Rongai,M-Pesa Till,Retail,CUS-1138,,Plumbing,Basin Tap Chrome,1,1396.94,0.03,1396.94,1355.03,922.41,922.41,432.62,,0,1355.03,0,1355.03,-0.0,0,-1,-922.41,,BM,0
TXN-01026,2025-10-13,PURCHASE,GRN-2510-1026,Rongai Home & Agro Supplies,Kiserian,Supplier,,,Rift Valley Cement Depot,Household,Jerrycan 20L,3,506.7,0,0,0,506.7,1520.1,0,Purchase,0,0.0,1520.1,0,0,0,3,1520.1,,CN,0
TXN-00128,2025-02-06,SALE,INV-2502-0128,Rongai Home & Agro Supplies,Kiserian,WhatsApp,Farmer,CUS-1172,,Building Materials,Galvanized Roofing Sheet 3m,2,1272.91,0.03,2545.82,2469.45,919.16,1838.32,631.13,,0,2469.45,0,2469.45,-0.0,0,-2,-1838.32,,ER,0
TXN-02036,2026-07-21,SALE,INV-2607-2036,Rongai Home & Agro Supplies,Ongata Rongai,M-Pesa Till,Retail,CUS-1106,,Electrical,Electrical Cable 1.5mm 90m,1,8268.56,0.08,8268.56,7607.08,6839.32,6839.32,767.76,,0,7607.08,0,7607.08,-0.0,0,-1,-6839.32,,DK,0
TXN-01538,2026-02-28,SALE,INV-2602-1538,Rongai Home & Agro Supplies,Kiserian,Phone Order,Farmer,CUS-1108,,Plumbing,20mm PVC Pipe 6m,1,800.76,0.05,800.76,760.72,631.53,631.53,129.19,,0,760.72,0,760.72,-0.0,0,-1,-631.53,,AM,0
TXN-02146,2026-08-20,SALE,INV-2608-2146,Rongai Home & Agro Supplies,Kiserian,M-Pesa Till,Retail,CUS-1182,,Electrical,Socket 13A,3,407.37,0,1222.11,1222.11,252.62,757.86,464.25,,0,1222.11,0,1222.11,-0.0,0,-3,-757.86,,ER,0
TXN-01110,2025-11-04,SALE,INV-2511-1110,Rongai Home & Agro Supplies,Ongata Rongai,M-Pesa Till,Retail,CUS-1137,,Paints,20L Emulsion Paint,1,5101.69,0.01,5101.69,5050.67,3957.58,3957.58,1093.09,,0,5050.67,0,5050.67,-0.0,0,-1,-3957.58,,ER,0
TXN-01272,2025-12-17,SALE,INV-2512-1272,Rongai Home & Agro Supplies,Kiserian,Phone Order,Contractor,CUS-1091,,Plumbing,PVC Elbow 20mm,5,77.52,0.0215,387.6,379.27,43.77,218.85,160.42,,0,379.27,0,379.27,-0.0,0,-5,-218.85,,CN,0
TXN-00267,2025-03-19,SALE,INV-2503-0267,Rongai Home & Agro Supplies,Ongata Rongai,Credit Customer,Institution,CUS-1028,,Animal Feeds,Chicken Feed 10kg,3,1032.22,0.0647,3096.66,2896.31,764.64,2293.92,602.39,,0,1448.15,0,1448.15,-1448.16,0,-3,-2293.92,,CN,0
TXN-00835,2025-08-23,SALE,INV-2508-0835,Rongai Home & Agro Supplies,Kiserian,Phone Order,Retail,CUS-1102,,Building Materials,2x2 Timber 12ft,1,513.89,0.08,513.89,472.78,379.12,379.12,93.66,,0,472.78,0,472.78,-0.0,0,-1,-379.12,,JK,0
TXN-00943,2025-09-22,SALE,INV-2509-0943,Rongai Home & Agro Supplies,Kiserian,Walk-in,Retail,CUS-1174,,Building Materials,Cement 50kg,16,779.75,0.02,12476.0,12226.48,651.28,10420.48,1806.0,,0,12226.48,0,12226.48,-0.0,0,-16,-10420.48,,ER,0
TXN-00525,2025-05-27,SALE,INV-2505-0525,Rongai Home & Agro Supplies,Kiserian,M-Pesa Till,Institution,CUS-1045,,Building Materials,Galvanized Roofing Sheet 3m,3,1122.71,0.0633,3368.13,3154.93,868.57,2605.71,549.22,,0,3154.93,0,3154.93,-0.0,0,-3,-2605.71,,DK,0
TXN-01807,2026-05-12,SALE,INV-2605-1807,Rongai Home & Agro Supplies,Kiserian,Phone Order,Retail,CUS-1077,,Plumbing,PVC Tee 20mm,3,89.27,0.03,267.81,259.78,52.44,157.32,102.46,,0,259.78,0,259.78,-0.0,0,-3,-157.32,,AM,0
TXN-01010,2025-10-09,SALE,INV-2510-1010,Rongai Home & Agro Supplies,Ongata Rongai,WhatsApp,Contractor,CUS-1118,,Building Materials,Cement 50kg,9,761.59,0.055,6854.31,6477.32,635.31,5717.79,759.53,,0,2590.93,0,2590.93,-3886.39,0,-9,-5717.79,,CN,0
TXN-01306,2025-12-25,SALE,INV-2512-1306,Rongai Home & Agro Supplies,Ongata Rongai,M-Pesa Till,Reseller,CUS-1018,,Plumbing,PVC Tee 20mm,11,86.29,0.0642,949.19,888.25,49.0,539.0,349.25,,0,888.25,0,888.25,-0.0,0,-11,-539.0,,BM,0
TXN-00879,2025-09-05,SALE,INV-2509-0879,Rongai Home & Agro Supplies,Ongata Rongai,M-Pesa Till,Retail,CUS-1089,,Hardware,Panga,1,995.77,0.03,995.77,965.9,556.85,556.85,409.05,,0,965.9,0,965.9,-0.0,0,-1,-556.85,,DK,0
TXN-01914,2026-06-13,SALE,INV-2606-1914,Rongai Home & Agro Supplies,Kiserian,Phone Order,Retail,CUS-1008,,Paints,20L Emulsion Paint,1,5026.8,0.03,5026.8,4876.0,4327.15,4327.15,548.85,,0,4876.0,0,4876.0,-0.0,0,-1,-4327.15,,JK,0
TXN-01091,2025-10-30,CUSTOMER_PAYMENT,RCPT-2510-1091,Rongai Home & Agro Supplies,Kiserian,Collections,Contractor,CUS-1093,,,,0,0,0,0,0,0,0,0,Customer Collection,0,10341.0,0,10341.0,10341.0,0,0,0,Bank Transfer,JK,0
TXN-02011,2026-07-12,SALE,INV-2607-2011,Rongai Home & Agro Supplies,Kiserian,WhatsApp,Farmer,CUS-1164,,Plumbing,PVC Elbow 20mm,1,76.98,0.08,76.98,70.82,48.79,48.79,22.03,,0,70.82,0,70.82,-0.0,0,-1,-48.79,,BM,0
TXN-00540,2025-05-31,SALE,INV-2505-0540,Rongai Home & Agro Supplies,Kiserian,M-Pesa Till,Retail,CUS-1097,,Household,Jerrycan 20L,1,829.2,0.05,829.2,787.74,485.04,485.04,302.7,,0,787.74,0,787.74,-0.0,0,-1,-485.04,,JK,0
TXN-00769,2025-08-06,SALE,INV-2508-0769,Rongai Home & Agro Supplies,Kiserian,Walk-in,Retail,CUS-1078,,Hardware,Padlock 50mm,1,639.76,0.03,639.76,620.57,422.36,422.36,198.21,,0,620.57,0,620.57,-0.0,0,-1,-422.36,,JK,0
TXN-01190,2025-11-27,SALE,INV-2511-1190,Rongai Home & Agro Supplies,Kiserian,Phone Order,Reseller,CUS-1060,,Building Materials,Galvanized Roofing Sheet 3m,3,1209.54,0.0364,3628.62,3496.54,872.67,2618.01,878.53,,0,3496.54,0,3496.54,-0.0,0,-3,-2618.01,,DK,0
TXN-02050,2026-07-24,SALE,INV-2607-2050,Rongai Home & Agro Supplies,Ongata Rongai,Walk-in,Farmer,CUS-1110,,Building Materials,Cement 50kg,5,777.73,0.05,3888.65,3694.22,705.84,3529.2,165.02,,0,3694.22,0,3694.22,-0.0,0,M Pesa,-3529.2,,BM,0
TXN-01179,2025-11-24,SALE,INV-2511-1179,Rongai Home & Agro Supplies,Ongata Rongai,WhatsApp,Retail,CUS-1130,,Agro Inputs,DAP Fertilizer 50kg,1,5748.17,0.08,5748.17,5288.32,4210.89,4210.89,1077.43,,0,5288.32,0,5288.32,-0.0,0,-1,-4210.89,,BM,0
TXN-01023,2025-10-13,SALE,INV-2510-1023,Rongai Home & Agro Supplies,Kiserian,Walk-in,Contractor,CUS-1070,,Building Materials,Galvanized Roofing Sheet 3m,14,1228.68,0.0598,17201.52,16172.87,908.06,12712.84,3460.03,,0,4043.22,0,4043.22,-12129.65,0,-14,-12712.84,,BM,0
TXN-00468,2025-05-09,SALE,INV-2505-0468,Rongai Home & Agro Supplies,Ongata Rongai,M-Pesa Till,Retail,CUS-1024,,Animal Feeds,Chicken Feed 10kg,1,948.79,0.08,948.79,872.89,790.2,790.2,82.69,,0,872.89,0,872.89,-0.0,0,-1,-790.2,,ER,0
TXN-00925,2025-09-17,SALE,INV-2509-0925,Rongai Home & Agro Supplies,Ongata Rongai,WhatsApp,Contractor,CUS-1065,,Animal Feeds,Dairy Meal 25kg,14,2370.23,0.0336,33183.22,32068.26,1959.15,27428.1,4640.16,,0,32068.26,0,32068.26,-0.0,0,-14,-27428.1,,ER,0
TXN-00583,2025-06-13,SALE,INV-2506-0583,Rongai Home & Agro Supplies,Kiserian,Phone Order,Retail,CUS-1115,,Hardware,Spade Steel,1,1231.62,0.08,1231.62,1133.09,775.06,775.06,358.03,,0,1133.09,0,1133.09,-0.0,0,-1,-775.06,,AM,0
TXN-00112,2025-02-01,CUSTOMER_PAYMENT,RCPT-2502-0112,Rongai Home & Agro Supplies,Kiserian,Collections,Contractor,CUS-1060,,,,0,0,0,0,0,0,0,0,Customer Collection,0,19553.0,0,19553.0,19553.0,0,0,0,Mpesa,AM,0
TXN-00009,2025-01-02,CUSTOMER_PAYMENT,RCPT-2501-0009,Rongai Home & Agro Supplies,Ongata Rongai,Collections,Contractor,CUS-1009,,,,0,0,0,0,0,0,0,0,Customer Collection,0,14353.0,0,14353.0,14353.0,0,0,0,Mpesa,AM,0
TXN-00392,2025-04-19,SALE,INV-2504-0392,Rongai Home & Agro Supplies,Kiserian,Walk-in,Retail,CUS-1031,,Agro Inputs,Foliar Feed 1L,1,972.24,0,972.24,972.24,629.66,629.66,342.58,,0,972.24,0,972.24,-0.0,0,-1,-629.66,,JK,0
TXN-01844,2026-05-22,EXPENSE,EXP-2605-1844,Rongai Home & Agro Supplies,Kiserian,Back Office,,,,,,0,0,0,0,0,0,0,0,Rent,59311.74,0,59311.74,0,0,0,0,0,M-PESA,DK,0
TXN-00372,2025-04-14,SALE,INV-2504-0372,Rongai Home & Agro Supplies,Ongata Rongai,Walk-in,Contractor,CUS-1031,,Building Materials,2x2 Timber 12ft,13,510.83,0.031,6640.79,6434.93,359.4,4672.2,1762.73,,0,6434.93,0,6434.93,-0.0,0,-13,-4672.2,,JK,0
TXN-02168,2026-08-26,PURCHASE,GRN-2608-2168,Rongai Home & Agro Supplies,Ongata Rongai,Supplier,,,Nairobi Electrical Mart,Hardware,Padlock 50mm,21,438.41,0,0,0,438.41,9206.61,0,Purchase,0,9206.61,0.0,0,0,0,21,9206.61,,ER,0
TXN-00867,2025-09-01,PURCHASE,GRN-2509-0867,Rongai Home & Agro Supplies,Ongata Rongai,Supplier,,,AgroLink Kenya,Building Materials,Galvanized Roofing Sheet 3m,5,851.01,0,0,0,851.01,4255.05,0,Purchase,0,1489.27,2765.78,0,0,0,5,4255.05,,JK,0
TXN-01582,2026-03-13,REFUND,REF-2603-1582,Rongai Home & Agro Supplies,Ongata Rongai,Counter,Retail,CUS-1130,,Plumbing,PVC Tee 20mm,-1,86.26,0,0,75.09,49.21,0,-75.09,Customer Refund,75.09,0,75.09,0,0,75.09,0,0,refund,JK,0
TXN-01588,2026-03-13,EXPENSE,EXP-2603-1588,Rongai Home & Agro Supplies,Ongata Rongai,Back Office,,,,,,0,0,0,0,0,0,0,0,Electricity,12341,0,12341,0,0,0,0,0,Bank Transfer,AM,0
TXN-02201,2025-09-11,STOCK_ADJUSTMENT,ADJ-2509-2201,Rongai Home & Agro Supplies,Kiserian,Stock Count,,,,Paints,Paint Brush 4in,5,0,0,0,0,0,0,0,Stock Adjustment,0,0,0,0,0,0,5,475,Manual count variance,JK,0
TXN-00481,2025-05-12,PURCHASE,GRN-2505-0481,Rongai Home & Agro Supplies,Ongata Rongai,Supplier,,,Nairobi Electrical Mart,Building Materials,Cement 50kg,26,672.47,0,0,0,672.47,17484.22,0,Purchase,0,17484.22,0.0,0,0,0,26,17484.22,,CN,0
TXN-00116,2025-02-03,SALE,INV-2502-0116,Rongai Home & Agro Supplies,Kiserian,M-Pesa Till,Retail,CUS-1038,,Building Materials,Cement 50kg,5,835.23,0,4176.15,4176.15,651.79,3258.95,917.2,,0,4176.15,0,4176.15,-0.0,0,-5,-3258.95,,JK,0
TXN-00611,2025-06-21,SALE,INV-2506-0611,Rongai Home & Agro Supplies,Kiserian,M-Pesa Till,Retail,CUS-1141,,Plumbing,20mm PVC Pipe 6m,0,828.3,0.01,3313.2,3280.07,572.43,2289.72,990.35,,0,3280.07,0,3280.07,-0.0,0,-4,-2289.72,,CN,0
TXN-00029,2025-01-08,CUSTOMER_PAYMENT,RCPT-2501-0029,Rongai Home & Agro Supplies,Kiserian,Collections,Contractor,CUS-1003,,,,0,0,0,0,0,0,0,0,Customer Collection,0,5860.0,0,5860.0,5860.0,0,0,0,Mpesa,CN,0
TXN-00121,2025-02-05,SALE,INV-2502-0121,Rongai Home & Agro Supplies,Kiserian,WhatsApp,Contractor,CUS-1172,,Agro Inputs,DAP Fertilizer 50kg,5,5548.98,0.0565,27744.9,26177.31,4487.92,22439.6,3737.71,,0,10470.92,0,10470.92,-15706.39,0,-5,-22439.6,,JK,0
TXN-01011,2025-10-09,SALE,INV-2510-1011,Rongai Home & Agro Supplies,Kiserian,Walk-in,Retail,CUS-1082,,Animal Feeds,Dairy Meal 25kg,1,2439.99,0.02,2439.99,2391.19,1944.89,1944.89,446.3,,0,2391.19,0,2391.19,-0.0,0,-1,-1944.89,,CN,0
TXN-02107,2026-08-07,CUSTOMER_PAYMENT,RCPT-2608-2107,Rongai Home & Agro Supplies,Kiserian,Collections,Contractor,CUS-1051,,,,0,0,0,0,0,0,0,0,Customer Collection,0,14272.0,0,14272.0,14272.0,0,0,0,Mpesa,ER,0
TXN-00052,01/16/2025,SALE,INV-2501-0052,Rongai Home & Agro Supplies,Ongata Rongai,Credit Customer,Contractor,CUS-1139,,Electrical,Switch 1 Gang,5,263.72,0.0692,1318.6,1227.35,150.34,751.7,475.65,,0,306.84,0,306.84,-920.51,0,-5,-751.7,,JK,0
TXN-01339,2026-01-02,PURCHASE,GRN-2601-1339,Rongai Home & Agro Supplies,Ongata Rongai,Supplier,,,AgroLink Kenya,Plumbing,PVC Elbow 20mm,15,45.35,0,0,0,45.35,680.25,0,Purchase,0,238.09,442.16,0,0,0,15,680.25,,JK,0
TXN-00556,2025-06-04,EXPENSE,EXP-2506-0556,Rongai Home & Agro Supplies,Kiserian,Back Office,,,,,,0,0,0,0,0,0,0,0,Staff Salaries,69069,0,69069,0,0,0,0,0,M-PESA,AM,0
TXN-01168,2025-11-21,SALE,INV-2511-1168,Rongai Home & Agro Supplies,Kiserian,Phone Order,Retail,CUS-1059,,Animal Feeds,Chicken Feed 10kg,1,997.06,0.01,997.06,987.09,793.2,793.2,193.89,,0,987.09,0,987.09,-0.0,0,-1,-793.2,,JK,0
TXN-00631,2025-06-27,SALE,INV-2506-0631,Rongai Home & Agro Supplies,Kiserian,M-Pesa Till,Retail,CUS-1152,,Hardware,Padlock 50mm,1,672.46,0.03,672.46,652.29,425.34,425.34,226.95,,0,652.29,0,652.29,-0.0,0,-1,-425.34,,AM,0
TXN-01206,2025-12-01,SALE,INV-2512-1206,Rongai Home & Agro Supplies,Ongata Rongai,WhatsApp,Institution,CUS-1113,,Electrical,Switch 1 Gang,13,250.97,0.0406,3262.61,3130.15,143.09,1860.17,1269.98,,0,3130.15,0,3130.15,-0.0,0,-13,-1860.17,,DK,0
TXN-00068,2025-01-20,SALE,INV-2501-0068,Rongai Home & Agro Supplies,Kiserian,Phone Order,Reseller,CUS-1051,,Hardware,Padlock 50mm,5,647.66,0.0219,3238.3,3167.38,421.18,2105.9,1061.48,,0,1266.95,0,1266.95,-1900.43,0,-5,-2105.9,,AM,0
TXN-00011,2025-01-03,SALE,INV-2501-0011,Rongai Home & Agro Supplies,Ongata Rongai,M-Pesa Till,Institution,CUS-1127,,Plumbing,PVC Elbow 20mm,9,76.15,0.0406,685.35,657.52,43.9,395.1,262.42,,0,657.52,0,657.52,-0.0,0,-9,-395.1,,JK,0
TXN-01820,2026-05-15,PURCHASE,GRN-2605-1820,Rongai Home & Agro Supplies,Ongata Rongai,Supplier,,,Rift Valley Cement Depot,Electrical,LED Bulb 12W,62,173.37,0,0,0,173.37,10748.94,0,Purchase,0,0.0,10748.94,0,0,0,62,10748.94,,ER,0
TXN-00971,2025-09-29,PURCHASE,GRN-2509-0971,Rongai Home & Agro Supplies,Kiserian,Supplier,,,Mara Distributors,Building Materials,Cement 50kg,6,618.78,0,0,0,618.78,3712.68,0,Purchase,0,3712.68,0.0,0,0,0,6,3712.68,,DK,0
TXN-02047,2026-07-23,CUSTOMER_PAYMENT,RCPT-2607-2047,Rongai Home & Agro Supplies,Kiserian,Collections,Contractor,CUS-1004,,,,0,0,0,0,0,0,0,0,Customer Collection,0,20134.0,0,20134.0,20134.0,0,0,0,M-PESA,ER,0
TXN-01698,2026-04-11,EXPENSE,EXP-2604-1698,Rongai Home & Agro Supplies,Kiserian,Back Office,,,,,,0,0,0,0,0,0,0,0,Rent,52288.87,0,52288.87,0,0,0,0,0,Bank Transfer,DK,0
TXN-01612,2026-03-19,SALE,INV-2603-1612,Rongai Home & Agro Supplies,Kiserian,WhatsApp,Farmer,CUS-1113,,Agro Inputs,Foliar Feed 1L,1,947.62,0,947.62,947.62,639.31,639.31,308.31,,0,947.62,0,947.62,-0.0,0,-1,-639.31,,AM,1
TXN-01865,2026-05-29,PURCHASE,GRN-2605-1865,Rongai Home & Agro Supplies,Kiserian,Supplier,,,Mara Distributors,Building Materials,2x2 Timber 12ft,7,395.8,0,0,0,395.8,2770.6,0,Purchase,0,2077.95,692.65,0,0,0,7,2770.6,,BM,0
TXN-00723,2025-07-24,SALE,INV-2507-0723,Rongai Home & Agro Supplies,Ongata Rongai,WhatsApp,Farmer,CUS-1052,,Electrical,Socket 13A,2,418.4,0.03,836.8,811.7,225.74,451.48,360.22,,0,811.7,0,811.7,-0.0,0,-2,-451.48,,AM,0
TXN-00635,2025-06-28,EXPENSE,EXP-2506-0635,Rongai Home & Agro Supplies,Kiserian,Back Office,,,,,,0,0,0,0,0,0,0,0,Marketing,6692,0,6692,0,0,0,0,0,M-PESA,DK,0
TXN-00977,2025-10-01,SALE,INV-2510-0977,Rongai Home & Agro Supplies,Ongata Rongai,Walk-in,Farmer,CUS-1153,,Building Materials,Cement 50kg,4,781.88,0.08,3127.52,2877.32,641.03,2564.12,313.2,,0,2877.32,0,2877.32,-0.0,0,-4,-2564.12,,AM,0
TXN-00058,2025-01-17,SALE,INV-2501-0058,Rongai Home & Agro Supplies,Kiserian,Walk-in,Contractor,CUS-1176,,Plumbing,PVC Elbow 20mm,10,76.81,0.0605,768.1,721.63,44.21,442.1,279.53,,0,721.63,0,721.63,-0.0,0,-10,-442.1,,BM,0
TXN-01709,2026-04-14,CUSTOMER_PAYMENT,RCPT-2604-1709,Rongai Home & Agro Supplies,Ongata Rongai,Collections,Contractor,CUS-1015,,,,0,0,0,0,0,0,0,0,Customer Collection,0,18822.0,0,18822.0,18822.0,0,0,0,Bank Transfer,AM,0
TXN-01443,2026-02-01,SALE,INV-2602-1443,Rongai Home & Agro Supplies,Kiserian,Phone Order,Contractor,CUS-1118,,Plumbing,PVC Tee 20mm,6,88.74,0.0634,532.44,498.68,49.98,299.88,198.8,,0,199.47,0,199.47,-299.21,0,-6,-299.88,,DK,0
TXN-01002,2025-10-07,SALE,INV-2510-1002,Rongai Home & Agro Supplies,Kiserian,Phone Order,Retail,CUS-1020,,Electrical,Socket 13A,3,397.73,0.08,1193.19,1097.73,223.37,670.11,427.62,,0,1097.73,0,1097.73,-0.0,0,-3,-670.11,,CN,0
TXN-00919,2025-09-15,CUSTOMER_PAYMENT,RCPT-2509-0919,Rongai Home & Agro Supplies,Kiserian,Collections,Contractor,CUS-1077,,,,0,0,0,0,0,0,0,0,Customer Collection,0,12839.0,0,12839.0,12839.0,0,0,0,Bank Transfer,AM,0
TXN-00702,2025-07-18,SALE,INV-2507-0702,Rongai Home & Agro Supplies,Kiserian,WhatsApp,Contractor,CUS-1177,,Electrical,Socket 13A,12,414.57,0.0336,4974.84,4807.69,218.03,2616.36,2191.33,,0,1201.92,0,1201.92,-3605.77,0,-12,-2616.36,,ER,0
TXN-02208,2025-07-31,SUPPLIER_PAYMENT,SP-2507-2208,Rongai Home & Agro Supplies,Ongata Rongai,Supplier,,,Eastlands Hardware Wholesalers,,,0,0,0,0,0,0,0,0,Supplier Payment,0,0,30732.0,0,0,0,0,0,M-PESA,BM,0
TXN-01908,2026-06-11,SALE,INV-2606-1908,Rongai Home & Agro Supplies,Ongata Rongai,M-Pesa Till,Retail,CUS-1148,,Plumbing,Basin Tap Chrome,2,1450.23,0.05,2900.46,2755.44,1056.18,2112.36,643.08,,0,2755.44,0,2755.44,-0.0,0,-2,-2112.36,,CN,0
TXN-00780,2025-08-08,EXPENSE,EXP-2508-0780,Rongai Home & Agro Supplies,Kiserian,Back Office,,,,,,0,0,0,0,0,0,0,0,Bank Charges,1277,0,1277,0,0,0,0,0,Cash,CN,0
TXN-01571,2026-03-09,EXPENSE,EXP-2603-1571,Rongai Home & Agro Supplies,,Back Office,,,,,,0,0,0,0,0,0,0,0,Bank Charges,1485,0,1485,0,0,0,0,0,Cash,BM,0
TXN-01041,2025-10-17,SALE,INV-2510-1041,Rongai Home & Agro Supplies,Kiserian,M-Pesa Till,Retail,CUS-1121,,Agro Inputs,Maize Seed 2kg,1,599.31,0.03,599.31,581.33,437.23,437.23,144.1,,0,581.33,0,581.33,-0.0,0,-1,-437.23,,DK,0
TXN-01874,2026-06-01,PURCHASE,GRN-2606-1874,Rongai Home & Agro Supplies,Kiserian,Supplier,,,Mara Distributors,Building Materials,Cement 50kg,40,681.85,0,0,0,681.85,27274.0,0,Purchase,0,9545.9,17728.1,0,0,0,40,27274.0,,DK,0
TXN-02124,13-08-2026,SALE,INV-2608-2124,Rongai Home & Agro Supplies,Kiserian,M-Pesa Till,Retail,CUS-1067,,Paints,Paint Brush 4in,4,191.25,0.02,765.0,749.7,102.81,411.24,338.46,,0,749.7,0,749.7,-0.0,0,-4,-411.24,,ER,0
TXN-02101,2026-08-06,SALE,INV-2608-2101,Rongai Home & Agro Supplies,Kiserian,M-Pesa Till,Reseller,CUS-1068,,Plumbing,PVC Tee 20mm,3,83.18,0.0579,249.54,235.09,52.23,156.69,78.4,,0,235.09,0,235.09,-0.0,0,-3,-156.69,,JK,0
TXN-01496,2026-02-17,SALE,INV-2602-1496,Rongai Home & Agro Supplies,Kiserian,Phone Order,Contractor,CUS-1174,,Animal Feeds,Chicken Feed 10kg,14,946.11,0.0297,13245.54,12852.15,834.4,11681.6,1170.55,,0,5140.86,0,5140.86,-7711.29,0,-14,-11681.6,,ER,0
TXN-01683,2026-04-07,CUSTOMER_PAYMENT,RCPT-2604-1683,Rongai Home & Agro Supplies,Ongata Rongai,Collections,Contractor,CUS-1034,,,,0,0,0,0,0,0,0,0,Customer Collection,0,19123.0,0,19123.0,19123.0,0,0,0,Mpesa,ER,0
TXN-01775,2026-05-01,SALE,INV-2605-1775,Rongai Home & Agro Supplies,Ongata Rongai,WhatsApp,Institution,CUS-1070,,Electrical,LED Bulb 12W,9,266.59,0.1033,2399.31,2151.46,170.22,1531.98,619.48,,0,2151.46,0,2151.46,-0.0,0,-9,-1531.98,,JK,0
TXN-01975,2026-07-02,SALE,INV-2607-1975,Rongai Home & Agro Supplies,Ongata Rongai,M-Pesa Till,Contractor,CUS-1001,,Electrical,LED Bulb 12W,5,289.93,0.0223,1449.65,1417.32,178.01,890.05,527.27,,0,1417.32,0,1417.32,-0.0,0,-5,-890.05,,JK,0
TXN-00039,2025-01-11,SALE,INV-2501-0039,Rongai Home & Agro Supplies,Kiserian,Walk-in,Contractor,CUS-1180,,Plumbing,25mm PVC Pipe 6m,11,1056.97,0.0581,11626.67,10951.16,778.75,8566.25,2384.91,,0,10951.16,0,10951.16,-0.0,0,-11,-8566.25,,CN,0
TXN-01705,2026-04-13,EXPENSE,EXP-2604-1705,Rongai Home & Agro Supplies,Kiserian,Back Office,,,,,,0,0,0,0,0,0,0,0,Staff Salaries,88357.47,0,88357.47,0,0,0,0,0,Bank Transfer,ER,0
TXN-02118,2026-08-12,SALE,INV-2608-2118,Rongai Home & Agro Supplies,Ongata Rongai,Walk-in,Retail,CUS-1151,,Plumbing,PVC Elbow 20mm,1,80.99,0.03,80.99,78.56,47.85,47.85,30.71,,0,78.56,0,78.56,-0.0,0,-1,-47.85,,CN,0
TXN-00897,2025-09-10,SALE,INV-2509-0897,Rongai Home & Agro Supplies,Kiserian,Walk-in,Retail,CUS-1151,,Paints,Paint Brush 4in,1,175.0,0,175.0,175.0,97.7,97.7,77.3,,0,175.0,0,175.0,-0.0,0,-1,-97.7,,AM,0
TXN-02177,2026-08-29,SALE,INV-2608-2177,Rongai Home & Agro Supplies,Kiserian,Credit Customer,Contractor,CUS-1066,,Electrical,Socket 13A,4,389.21,0.1048,1556.84,1393.68,245.16,980.64,413.04,,0,348.42,0,348.42,-1045.26,0,-4,-980.64,,CN,0
TXN-00099,2025-01-29,PURCHASE,GRN-2501-0099,Rongai Home & Agro Supplies,Ongata Rongai,Supplier,,,Eastlands Hardware Wholesalers,Building Materials,Cement 50kg,20,643.16,0,0,0,643.16,12863.2,0,Purchase,0,6431.6,6431.6,0,0,0,20,12863.2,,CN,0
TXN-01180,2025-11-24,SALE,INV-2511-1180,Rongai Home & Agro Supplies,Kiserian,Phone Order,Institution,CUS-1035,,Plumbing,PVC Elbow 20mm,9,73.95,0.0331,665.55,643.52,45.15,406.35,237.17,,0,257.41,0,257.41,-386.11,0,-9,-406.35,,ER,0
TXN-01504,2026-02-19,SALE,INV-2602-1504,Rongai Home & Agro Supplies,Kiserian,WhatsApp,Retail,CUS-1133,,Hardware,Spade Steel,1,1230.46,0.05,1230.46,1168.94,801.84,801.84,367.1,,0,1168.94,0,1168.94,-0.0,0,-1,-801.84,,CN,0
TXN-00328,2025-04-03,SALE,INV-2504-0328,Rongai Home & Agro Supplies,Kiserian,M-Pesa Till,Retail,CUS-1136,,Building Materials,Galvanized Roofing Sheet 3m,2,1190.53,0,2381.06,2381.06,896.48,1792.96,588.1,,0,2381.06,0,2381.06,-0.0,0,-2,-1792.96,,ER,0
TXN-01509,2026-02-20,PURCHASE,GRN-2602-1509,Rongai Home & Agro Supplies,Ongata Rongai,Supplier,,,AgroLink Kenya,Plumbing,PVC Tee 20mm,24,48.38,0,0,0,48.38,1161.12,0,Purchase,0,0.0,1161.12,0,0,0,24,1161.12,,JK,0
TXN-01843,2026-05-22,SALE,INV-2605-1843,Rongai Home & Agro Supplies,Kiserian,Phone Order,Reseller,CUS-1028,,Paints,Paint Brush 4in,8,170.76,0.0315,1366.08,1323.05,102.59,820.72,502.33,,0,1323.05,0,1323.05,-0.0,0,-8,-820.72,,ER,0
TXN-01704,2026-04-13,PURCHASE,GRN-2604-1704,Rongai Home & Agro Supplies,Kiserian,Supplier,,,Eastlands Hardware Wholesalers,Plumbing,PVC Elbow 20mm,3,47.45,0,0,0,47.45,142.35,0,Purchase,0,49.82,92.53,0,0,0,3,142.35,,JK,0
TXN-00037,2025-01-10,SALE,INV-2501-0037,Rongai Home & Agro Supplies,Kiserian,WhatsApp,Retail,CUS-1058,,Plumbing,20mm PVC Pipe 6m,1,841.47,0.05,841.47,799.4,590.45,590.45,208.95,,0,799.4,0,799.4,-0.0,0,-1,-590.45,,JK,0
TXN-01327,2025-12-30,SALE,INV-2512-1327,Rongai Home & Agro Supplies,Ongata Rongai,WhatsApp,Retail,CUS-1108,,Plumbing,PVC Elbow 20mm,3,78.46,0.08,235.38,216.55,42.08,126.24,90.31,,0,216.55,0,216.55,-0.0,0,-3,-126.24,,CN,0
TXN-01762,2026-04-28,SALE,INV-2604-1762,Rongai Home & Agro Supplies,Kiserian,Walk-in,Reseller,CUS-1002,,Hardware,Hammer 16oz,12,854.01,0.1178,10248.12,9040.89,552.21,6626.52,2414.37,,0,4520.44,0,4520.44,-4520.45,0,-12,-6626.52,,ER,0
TXN-00187,2025-02-24,SALE,INV-2502-0187,Rongai Home & Agro Supplies,Ongata Rongai,WhatsApp,Farmer,CUS-1141,,Building Materials,Cement 50kg,4,753.22,0.01,3012.88,2982.75,633.34,2533.36,449.39,,0,2982.75,0,2982.75,-0.0,0,-4,-2533.36,,JK,0
TXN-00232,2025-03-07,PURCHASE,GRN-2503-0232,Rongai Home & Agro Supplies,Ongata Rongai,Supplier,,,Eastlands Hardware Wholesalers,Animal Feeds,Dairy Meal 25kg,3,1920.72,0,0,0,1920.72,5762.16,0,Purchase,0,2016.76,3745.4,0,0,0,3,5762.16,,AM,0
TXN-01372,2026-01-11,SALE,INV-2601-1372,Rongai Home & Agro Supplies,Ongata Rongai,Walk-in,Farmer,CUS-1138,,Electrical,Socket 13A,1,390.3,0.02,390.3,382.49,240.57,240.57,141.92,,0,382.49,0,382.49,-0.0,0,-1,-240.57,,BM,0
TXN-00848,2025-08-27,EXPENSE,EXP-2508-0848,Rongai Home & Agro Supplies,Ongata Rongai,Back Office,,,,,,0,0,0,0,0,0,0,0,Transport,10054,0,10054,0,0,0,0,0,Cash,BM,0
TXN-01243,2025-12-10,SALE,INV-2512-1243,Rongai Home & Agro Supplies,Ongata Rongai,WhatsApp,Reseller,CUS-1174,,Agro Inputs,DAP Fertilizer 50kg,14,5305.53,0.0327,74277.42,71848.55,4240.15,59362.1,12486.45,,0,71848.55,0,71848.55,-0.0,0,-14,-59362.1,,AM,0
TXN-00437,2025-04-30,SALE,INV-2504-0437,Rongai Home & Agro Supplies,Ongata Rongai,Phone Order,Retail,CUS-1081,,Plumbing,PVC Tee 20mm,7,80.31,0.05,562.17,534.06,49.11,343.77,190.29,,0,534.06,0,534.06,-0.0,0,-7,-343.77,,BM,0
TXN-00836,2025-08-23,SALE,INV-2508-0836,Rongai Home & Agro Supplies,Kiserian,Phone Order,Reseller,CUS-1076,,Building Materials,Cement 50kg,3,746.33,0.0597,2238.99,2105.32,637.51,1912.53,192.79,,0,2105.32,0,2105.32,-0.0,0,-3,-1912.53,,JK,0
TXN-00759,2025-08-04,SALE,INV-2508-0759,Rongai Home & Agro Supplies,Kiserian,Walk-in,Farmer,CUS-1035,,Plumbing,PVC Tee 20mm,2,89.51,0.03,179.02,173.65,48.48,96.96,76.69,,0,173.65,0,173.65,-0.0,0,-2,-96.96,,AM,0
TXN-00493,2025-05-15,EXPENSE,EXP-2505-0493,Rongai Home & Agro Supplies,Kiserian,Back Office,,,,,,0,0,0,0,0,0,0,0,Bank Charges,736,0,736,0,0,0,0,0,Bank Transfer,DK,0
TXN-02194,2025-09-08,STOCK_ADJUSTMENT,ADJ-2509-2194,Rongai Home & Agro Supplies,Ongata Rongai,Stock Count,,,,Plumbing,PVC Elbow 20mm,4,0,0,0,0,0,0,0,Stock Adjustment,0,0,0,0,0,0,4,172,Manual count variance,BM,0
TXN-01962,2026-06-28,SALE,INV-2606-1962,Rongai Home & Agro Supplies,Ongata Rongai,Walk-in,Reseller,CUS-1019,,Animal Feeds,Mineral Lick 2kg,3,638.31,0.1074,1914.93,1709.27,436.32,1308.96,400.31,,0,1709.27,0,1709.27,-0.0,0,-3,-1308.96,,AM,1
TXN-00385,2025-04-18,SALE,INV-2504-0385,Rongai Home & Agro Supplies,Kiserian,Walk-in,Contractor,CUS-1155,,Building Materials,2x2 Timber 12ft,8,519.7,0.0239,4157.6,4058.23,372.95,2983.6,1074.63,,0,4058.23,0,4058.23,-0.0,0,-8,-2983.6,,AM,0
TXN-00242,2025-03-11,SALE,INV-2503-0242,Rongai Home & Agro Supplies,Kiserian,Walk-in,Farmer,CUS-1122,,Plumbing,PVC Tee 20mm,1,81.46,0,81.46,81.46,47.23,47.23,34.23,,0,81.46,0,81.46,-0.0,0,-1,-47.23,,BM,0
TXN-00588,2025-06-14,SALE,INV-2506-0588,Rongai Home & Agro Supplies,Ongata Rongai,M-Pesa Till,Institution,CUS-1154,,Plumbing,PVC Elbow 20mm,13,78.45,0.0728,1019.85,945.6,42.57,553.41,392.19,,0,472.8,0,472.8,-472.8,0,-13,-553.41,,ER,0
TXN-01416,2026-01-24,SALE,INV-2601-1416,Rongai Home & Agro Supplies,Kiserian,M-Pesa Till,Contractor,CUS-1043,,Building Materials,Damp Proof Course 20m,10,1322.99,0.0792,13229.9,12182.09,943.63,9436.3,2745.79,,0,4872.84,0,4872.84,-7309.25,0,-10,-9436.3,,BM,0
TXN-00222,2025-03-05,PURCHASE,GRN-2503-0222,Rongai Home & Agro Supplies,Kiserian,Supplier,,,Nairobi Electrical Mart,Building Materials,Cement 50kg,3,652.12,0,0,0,652.12,1956.36,0,Purchase,0,0.0,1956.36,0,0,0,3,1956.36,,AM,0
TXN-02152,2026-08-22,SALE,INV-2608-2152,Rongai Home & Agro Supplies,Kiserian,Walk-in,Retail,CUS-1014,,Plumbing,PVC Tee 20mm,4,82.78,0.02,331.12,324.5,54.66,218.64,105.86,,0,324.5,0,324.5,-0.0,0,-4,-218.64,,CN,0
TXN-02190,07/09/2025,STOCK_ADJUSTMENT,ADJ-2509-2190,Rongai Home & Agro Supplies,Kiserian,Stock Count,,,,Plumbing,25mm PVC Pipe 6m,-2,0,0,0,0,0,0,0,Stock Adjustment,0,0,0,0,0,0,-2,-1520,Manual count variance,BM,0
TXN-01449,2026-02-03,SALE,INV-2602-1449,Rongai Home & Agro Supplies,Kiserian,WhatsApp,Retail,CUS-1079,,Animal Feeds,Dairy Meal 25kg,1,2444.71,0.02,2444.71,2395.82,2052.72,2052.72,343.1,,0,2395.82,0,2395.82,-0.0,0,-1,-2052.72,,CN,0
TXN-00889,2025-09-08,SALE,INV-2509-0889,Rongai Home & Agro Supplies,Ongata Rongai,Phone Order,Retail,CUS-1046,,Building Materials,Cement 50kg,2,796.05,0.01,1592.1,1576.18,660.75,1321.5,254.68,,0,1576.18,0,1576.18,-0.0,0,-2,-1321.5,,DK,0
TXN-01078,2025-10-27,PURCHASE,GRN-2510-1078,Rongai Home & Agro Supplies,Kiserian,Supplier,,,Rift Valley Cement Depot,Building Materials,Cement 50kg,10,647.45,0,0,0,647.45,6474.5,0,Purchase,0,3237.25,3237.25,0,0,0,10,6474.5,,ER,0
TXN-01093,2025-10-31,SALE,INV-2510-1093,Rongai Home & Agro Supplies,Ongata Rongai,M-Pesa Till,Retail,CUS-1053,,Electrical,Socket 13A,3,420.9,0.01,1262.7,1250.07,219.15,657.45,592.62,,0,1250.07,0,1250.07,-0.0,0,-3,-657.45,,ER,0
TXN-00469,2025-05-09,SALE,INV-2505-0469,Rongai Home & Agro Supplies,Kiserian,Phone Order,Farmer,CUS-1101,,Building Materials,Cement 50kg,6,839.77,0.03,5038.62,4887.46,644.11,3864.66,1022.8,,0,4887.46,0,4887.46,-0.0,0,-6,-3864.66,,ER,0
TXN-00028,2025-01-08,SALE,INV-2501-0028,Rongai Home & Agro Supplies,Ongata Rongai,Walk-in,Retail,CUS-1132,,Paints,Paint Brush 4in,2,187.75,0.02,375.5,367.99,96.6,193.2,174.79,,0,367.99,0,367.99,-0.0,0,-2,-193.2,,DK,0
TXN-00881,2025-09-05,EXPENSE,EXP-2509-0881,Rongai Home & Agro Supplies,Kiserian,Back Office,,,,,,0,0,0,0,0,0,0,0,Security,11475,0,11475,0,0,0,0,0,Bank Transfer,BM,0
TXN-00508,2025-05-21,PURCHASE,GRN-2505-0508,Rongai Home & Agro Supplies,Kiserian,Supplier,,,Eastlands Hardware Wholesalers,Paints,Paint Brush 4in,11,94.8,0,0,0,94.8,1042.8,0,Purchase,0,364.98,677.82,0,0,0,11,1042.8,,JK,0
TXN-00878,2025-09-05,SALE,INV-2509-0878,Rongai Home & Agro Supplies,Ongata Rongai,Walk-in,Retail,CUS-1099,,Plumbing,PVC Tee 20mm,1,88.68,0.03,88.68,86.02,49.88,49.88,36.14,,0,86.02,0,86.02,-0.0,0,-1,-49.88,,JK,0
TXN-00349,2025-04-08,SALE,INV-2504-0349,Rongai Home & Agro Supplies,Ongata Rongai,Walk-in,Contractor,CUS-1041,,Plumbing,25mm PVC Pipe 6m,7,1099.49,0.0309,7696.43,7458.61,783.25,5482.75,1975.86,,0,7458.61,0,7458.61,-0.0,0,-7,-5482.75,,DK,0
TXN-02062,2026-07-27,PURCHASE,GRN-2607-2062,Rongai Home & Agro Supplies,Kiserian,Supplier,,,Eastlands Hardware Wholesalers,Plumbing,Basin Tap Chrome,19,973.28,0,0,0,973.28,18492.32,0,Purchase,0,9246.16,9246.16,0,0,0,19,18492.32,,CN,0
TXN-01197,2025-11-28,SALE,INV-2511-1197,Rongai Home & Agro Supplies,Kiserian,Walk-in,Retail,CUS-1055,,Building Materials,Cement 50kg,1,832.22,0.08,832.22,765.64,642.9,642.9,122.74,,0,765.64,0,765.64,-0.0,0,-1,-642.9,,AM,0
TXN-01325,2025-12-30,SALE,INV-2512-1325,Rongai Home & Agro Supplies,Kiserian,M-Pesa Till,Reseller,CUS-1086,,Agro Inputs,DAP Fertilizer 50kg,9,5476.12,0.0666,49285.08,46002.69,4260.27,38342.43,7660.26,,0,46002.69,0,46002.69,-0.0,0,-9,-38342.43,,DK,0
TXN-01338,2026-01-02,SALE,INV-2601-1338,Rongai Home & Agro Supplies,Ongata Rongai,M-Pesa Till,Farmer,CUS-1103,,Building Materials,Galvanized Roofing Sheet 3m,2,1134.59,0,2269.18,2269.18,944.25,1888.5,380.68,,0,2269.18,0,2269.18,-0.0,0,-2,-1888.5,,CN,1
TXN-01116,2025-11-05,PURCHASE,GRN-2511-1116,Rongai Home & Agro Supplies,Ongata Rongai,Supplier,,,Rift Valley Cement Depot,Building Materials,Cement 50kg,9,674.55,0,0,0,674.55,6070.95,0,Purchase,0,6070.95,0.0,0,0,0,9,6070.95,,DK,0
TXN-01476,2026-02-10,SALE,INV-2602-1476,Rongai Home & Agro Supplies,Kiserian,Walk-in,Retail,CUS-1113,,Hardware,Panga,2,909.78,0.03,1819.56,1764.97,605.68,1211.36,553.61,,0,1764.97,0,1764.97,-0.0,0,-2,-1211.36,,AM,0
TXN-01232,2025-12-08,SALE,INV-2512-1232,Rongai Home & Agro Supplies,Ongata Rongai,M-Pesa Till,Farmer,CUS-1135,,Plumbing,Basin Tap Chrome,2,1406.72,0.08,2813.44,2588.36,975.05,1950.1,638.26,,0,2588.36,0,2588.36,-0.0,0,-2,-1950.1,,AM,0
TXN-01113,2025-11-05,SALE,INV-2511-1113,Rongai Home & Agro Supplies,Ongata Rongai,WhatsApp,Retail,CUS-1008,,Hardware,Spade Steel,1,1349.93,0.05,1349.93,1282.43,770.42,770.42,512.01,,0,1282.43,0,1282.43,-0.0,0,-1,-770.42,,BM,0
TXN-00252,2025-03-14,SALE,INV-2503-0252,Rongai Home & Agro Supplies,Ongata Rongai,WhatsApp,Retail,CUS-1137,,Building Materials,Galvanized Roofing Sheet 3m,1,1228.87,0.01,1228.87,1216.58,920.5,920.5,296.08,,0,1216.58,0,1216.58,-0.0,0,-1,-920.5,,DK,0
TXN-02150,2026-08-21,SALE,INV-2608-2150,Rongai Home & Agro Supplies,Ongata Rongai,Phone Order,Farmer,CUS-1171,,Plumbing,25mm PVC Pipe 6m,5,1115.08,0.03,5575.4,5408.14,855.49,4277.45,1130.69,,0,5408.14,0,5408.14,-0.0,0,-5,-4277.45,,AM,0
TXN-00860,2025-08-31,SALE,INV-2508-0860,Rongai Home & Agro Supplies,Ongata Rongai,WhatsApp,Retail,CUS-1080,,Electrical,Socket 13A,1,420.02,0.08,420.02,386.42,216.33,216.33,170.09,,0,386.42,0,386.42,-0.0,0,-1,-216.33,,ER,0
TXN-00151,2025-02-12,SALE,INV-2502-0151,Rongai Home & Agro Supplies,Kiserian,M-Pesa Till,Retail,CUS-1055,,Plumbing,PVC Elbow 20mm,1,71.08,0.01,71.08,70.37,42.73,42.73,27.64,,0,70.37,0,70.37,-0.0,0,-1,-42.73,,ER,0
TXN-00874,2025-09-03,PURCHASE,GRN-2509-0874,Rongai Home & Agro Supplies,Kiserian,Supplier,,,AgroLink Kenya,Agro Inputs,DAP Fertilizer 50kg,4,4285.98,0,0,0,4285.98,17143.92,0,Purchase,0,0.0,17143.92,0,0,0,4,17143.92,,AM,0
TXN-02265,2026-03-07,SUPPLIER_PAYMENT,SP-2603-2265,Rongai Home & Agro Supplies,Ongata Rongai,Supplier,,,AgroLink Kenya,,,0,0,0,0,0,0,0,0,Supplier Payment,0,0,9834.0,0,0,0,0,0,M-PESA,BM,0
TXN-00043,2025-01-13,SALE,INV-2501-0043,Rongai Home & Agro Supplies,Kiserian,M-Pesa Till,Retail,CUS-1008,,Plumbing,PVC Elbow 20mm,1,74.94,0,74.94,74.94,44.55,44.55,30.39,,0,74.94,0,74.94,-0.0,0,-1,-44.55,,BM,0
TXN-00815,2025-08-18,EXPENSE,EXP-2508-0815,Rongai Home & Agro Supplies,Ongata Rongai,Back Office,,,,,,0,0,0,0,0,0,0,0,Security,10463,0,10463,0,0,0,0,0,Bank Transfer,CN,0
TXN-00811,2025-08-18,SALE,INV-2508-0811,Rongai Home & Agro Supplies,Ongata Rongai,M-Pesa Till,Reseller,CUS-1107,,Agro Inputs,Maize Seed 2kg,5,643.96,0.0586,3219.8,3031.12,450.49,2252.45,778.67,,0,1515.56,0,1515.56,-1515.56,0,-5,-2252.45,,AM,0
TXN-01574,2026-03-10,CUSTOMER_PAYMENT,RCPT-2603-1574,Rongai Home & Agro Supplies,Kiserian,Collections,Contractor,CUS-1104,,,,0,0,0,0,0,0,0,0,Customer Collection,0,8231.0,0,8231.0,8231.0,0,0,0,Mpesa,DK,0
TXN-02171,2026-08-27,SALE,INV-2608-2171,Rongai Home & Agro Supplies,Kiserian,Phone Order,Contractor,CUS-1063,,Animal Feeds,Chicken Feed 10kg,3,923.6,0.0773,2770.8,2556.62,811.66,2434.98,121.64,,0,1022.65,0,1022.65,-1533.97,0,-3,-2434.98,,DK,0
TXN-01321,2025-12-29,SALE,INV-2512-1321,Rongai Home & Agro Supplies,Ongata Rongai,M-Pesa Till,Retail,CUS-1052,,Building Materials,Damp Proof Course 20m,1,1250.78,0,1250.78,1250.78,868.52,868.52,382.26,,0,1250.78,0,1250.78,-0.0,0,-1,-868.52,,AM,0
TXN-01096,2025-10-31,PURCHASE,GRN-2510-1096,Rongai Home & Agro Supplies,Ongata Rongai,Supplier,,,Eastlands Hardware Wholesalers,Plumbing,20mm PVC Pipe 6m,3,577.14,0,0,0,577.14,1731.42,0,Purchase,0,606.0,1125.42,0,0,0,3,1731.42,,DK,0
TXN-02087,2026-08-03,PURCHASE,GRN-2608-2087,Rongai Home & Agro Supplies,Kiserian,Supplier,,,AgroLink Kenya,Hardware,Spade Steel,3,816.57,0,0,0,816.57,2449.71,0,Purchase,0,1224.86,1224.85,0,0,0,3,2449.71,,DK,0
TXN-02254,2025-07-30,SUPPLIER_PAYMENT,SP-2507-2254,Rongai Home & Agro Supplies,Kiserian,Supplier,,,Rift Valley Cement Depot,,,0,0,0,0,0,0,0,0,Supplier Payment,0,0,13454.0,0,0,0,0,0,Cash,CN,0
TXN-00718,2025-07-22,SALE,INV-2507-0718,Rongai Home & Agro Supplies,Kiserian,WhatsApp,Retail,CUS-1172,,Hardware,Panga,1,995.09,0.01,995.09,985.14,557.0,557.0,428.14,,0,985.14,0,985.14,-0.0,0,-1,-557.0,,ER,0
TXN-00229,2025-03-07,SALE,INV-2503-0229,Rongai Home & Agro Supplies,Kiserian,Walk-in,Farmer,CUS-1155,,Building Materials,Cement 50kg,1,758.49,0,758.49,758.49,642.3,642.3,116.19,,0,758.49,0,758.49,-0.0,0,-1,-642.3,,AM,0
TXN-00376,2025-04-15,SALE,INV-2504-0376,Rongai Home & Agro Supplies,Kiserian,Walk-in,Farmer,CUS-1169,,Paints,Gloss Paint 4L,1,2606.3,0.03,2606.3,2528.11,1832.93,1832.93,695.18,,0,2528.11,0,2528.11,-0.0,0,-1,-1832.93,,CN,0
TXN-01383,2026-01-14,SALE,INV-2601-1383,Rongai Home & Agro Supplies,Ongata Rongai,Phone Order,Contractor,CUS-1160,,Plumbing,PVC Elbow 20mm,13,72.15,0.0686,937.95,873.61,46.58,605.54,268.07,,0,873.61,0,873.61,-0.0,0,-13,-605.54,,JK,0
TXN-01586,2026-03-13,PURCHASE,GRN-2603-1586,Rongai Home & Agro Supplies,Kiserian,Supplier,,,Nairobi Electrical Mart,Plumbing,Basin Tap Chrome,3,974.94,0,0,0,974.94,2924.82,0,Purchase,0,2924.82,0.0,0,0,0,3,2924.82,,AM,0
TXN-01201,2025-11-29,CUSTOMER_PAYMENT,RCPT-2511-1201,Rongai Home & Agro Supplies,Ongata Rongai,Collections,Contractor,CUS-1125,,,,0,0,0,0,0,0,0,0,Customer Collection,0,20142.0,0,20142.0,20142.0,0,0,0,Bank Transfer,AM,0
TXN-00471,2025-05-09,CUSTOMER_PAYMENT,RCPT-2505-0471,Rongai Home & Agro Supplies,Ongata Rongai,Collections,Contractor,CUS-1014,,,,0,0,0,0,0,0,0,0,Customer Collection,0,15398.0,0,15398.0,15398.0,0,0,0,M-PESA,ER,0
TXN-01997,2026-07-08,SALE,INV-2607-1997,Rongai Home & Agro Supplies,Ongata Rongai,Phone Order,Farmer,CUS-1091,,Electrical,Switch 1 Gang,1,246.57,0.05,246.57,234.24,167.37,167.37,66.87,,0,234.24,0,234.24,-0.0,0,-1,-167.37,,AM,0
TXN-00054,2025-01-16,EXPENSE,EXP-2501-0054,Rongai Home & Agro Supplies,Kiserian,Back Office,,,,,,0,0,0,0,0,0,0,0,Miscellaneous,7354,0,7354,0,0,0,0,0,Bank Transfer,DK,0
TXN-01976,2026-07-02,SALE,INV-2607-1976,Rongai Home & Agro Supplies,Ongata Rongai,M-Pesa Till,Retail,CUS-1171,,Electrical,Socket 13A,1,385.86,0,385.86,385.86,250.54,250.54,135.32,,0,385.86,0,385.86,-0.0,0,-1,-250.54,,CN,0
TXN-02264,2026-08-28,SUPPLIER_PAYMENT,SP-2608-2264,Rongai Home & Agro Supplies,Ongata Rongai,Supplier,,,Eastlands Hardware Wholesalers,,,0,0,0,0,0,0,0,0,Supplier Payment,0,0,6992.0,0,0,0,0,0,Cash,DK,0
TXN-00806,2025-08-15,EXPENSE,EXP-2508-0806,Rongai Home & Agro Supplies,Ongata Rongai,Back Office,,,,,,0,0,0,0,0,0,0,0,Repairs,4512,0,4512,0,0,0,0,0,Bank Transfer,ER,0
TXN-01606,2026-03-18,SALE,INV-2603-1606,Rongai Home & Agro Supplies,Kiserian,WhatsApp,Reseller,CUS-1046,,,PVC Elbow 20mm,12,79.05,0.0667,948.6,885.33,44.78,537.36,347.97,,0,442.67,0,442.67,-442.66,0,-12,-537.36,,ER,0
TXN-01832,2026-05-19,SALE,INV-2605-1832,Rongai Home & Agro Supplies,Ongata Rongai,M-Pesa Till,Contractor,CUS-1094,,Paints,Paint Brush 4in,14,188.69,0.0702,2641.66,2456.22,108.39,1517.46,938.76,,0,614.05,0,614.05,-1842.17,0,-14,-1517.46,,JK,0
TXN-00739,2025-07-29,SALE,INV-2507-0739,Rongai Home & Agro Supplies,Ongata Rongai,M-Pesa Till,Reseller,CUS-1115,,Building Materials,Galvanized Roofing Sheet 3m,10,1263.85,0.0421,12638.5,12106.42,913.07,9130.7,2975.72,,0,12106.42,0,12106.42,-0.0,0,-10,-9130.7,,BM,0
TXN-00154,2025-02-13,SALE,INV-2502-0154,Rongai Home & Agro Supplies,Kiserian,Phone Order,Retail,CUS-1047,,Electrical,Electrical Cable 1.5mm 90m,1,7643.68,0.02,7643.68,7490.81,5983.53,5983.53,1507.28,,0,7490.81,0,7490.81,-0.0,0,-1,-5983.53,,DK,0
TXN-00391,2025-04-19,SALE,INV-2504-0391,Rongai Home & Agro Supplies,Ongata Rongai,Phone Order,Farmer,CUS-1003,,Building Materials,Galvanized Roofing Sheet 3m,1,1144.4,0,1144.4,1144.4,864.24,864.24,280.16,,0,1144.4,0,1144.4,-0.0,0,-1,-864.24,,BM,0
TXN-00137,2025-02-08,SALE,INV-2502-0137,Rongai Home & Agro Supplies,Kiserian,Walk-in,Retail,CUS-1072,,Building Materials,Cement 50kg,5,840.93,0.05,4204.65,3994.42,650.38,3251.9,742.52,,0,3994.42,0,3994.42,-0.0,0,-5,-3251.9,,ER,1
TXN-01013,2025-10-09,REFUND,REF-2510-1013,Rongai Home & Agro Supplies,Kiserian,Counter,Retail,CUS-1161,,Plumbing,20mm PVC Pipe 6m,-1,882.44,0,0,856.43,582.04,0,-856.43,Customer Refund,856.43,0,856.43,0,0,856.43,0,0,refund,DK,0
TXN-02127,2026-08-14,SALE,INV-2608-2127,Rongai Home & Agro Supplies,Kiserian,M-Pesa Till,Contractor,CUS-1169,,Plumbing,20mm PVC Pipe 6m,11,868.52,0.0906,9553.72,8688.15,667.86,7346.46,1341.69,,0,0.0,0,0.0,-8688.15,0,-11,-7346.46,,AM,0
TXN-00195,2025-02-25,EXPENSE,EXP-2502-0195,Rongai Home & Agro Supplies,Ongata Rongai,Back Office,,,,,,0,0,0,0,0,0,0,0,Internet,3500,0,3500,0,0,0,0,0,Cash,BM,0
TXN-00075,2025-01-21,SALE,INV-2501-0075,Rongai Home & Agro Supplies,Ongata Rongai,Phone Order,Retail,CUS-1074,,Plumbing,20mm PVC Pipe 6m,1,801.81,0.01,801.81,793.79,604.05,604.05,189.74,,0,793.79,0,793.79,-0.0,0,-1,-604.05,,AM,0
TXN-00646,2025-07-02,SALE,INV-2507-0646,Rongai Home & Agro Supplies,Kiserian,WhatsApp,Contractor,CUS-1040,,Building Materials,Cement 50kg,9,833.0,0.0589,7497.0,7055.43,667.87,6010.83,1044.6,,0,7055.43,0,7055.43,-0.0,0,-9,-6010.83,,BM,0
TXN-01584,2026-03-13,SALE,INV-2603-1584,Rongai Home & Agro Supplies,Ongata Rongai,WhatsApp,Retail,CUS-1126,,Hardware,Panga,2,969.33,0,1938.66,1938.66,615.6,1231.2,707.46,,0,1938.66,0,1938.66,-0.0,0,-2,-1231.2,,JK,0
TXN-00296,2025-03-27,SALE,INV-2503-0296,Rongai Home & Agro Supplies,Ongata Rongai,WhatsApp,Farmer,CUS-1142,,Household,Jerrycan 20L,1,805.63,0,805.63,805.63,477.76,477.76,327.87,,0,805.63,0,805.63,-0.0,0,-1,-477.76,,JK,0
TXN-01575,2026-03-11,SALE,INV-2603-1575,Rongai Home & Agro Supplies,Kiserian,M-Pesa Till,Retail,CUS-1024,,Plumbing,Basin Tap Chrome,2,1499.71,0,2999.42,2999.42,1001.35,2002.7,996.72,,0,2999.42,0,2999.42,-0.0,0,-2,-2002.7,,BM,0
TXN-00608,2025-06-20,EXPENSE,EXP-2506-0608,Rongai Home & Agro Supplies,Kiserian,Back Office,,,,,,0,0,0,0,0,0,0,0,Electricity,11894,0,11894,0,0,0,0,0,M-PESA,JK,0
TXN-01516,2026-02-22,EXPENSE,EXP-2602-1516,Rongai Home & Agro Supplies,Ongata Rongai,Back Office,,,,,,0,0,0,0,0,0,0,0,Internet,3500,0,3500,0,0,0,0,0,Cash,CN,0
TXN-01522,2026-02-24,SALE,INV-2602-1522,Rongai Home & Agro Supplies,Kiserian,WhatsApp,Farmer,CUS-1016,,Household,Jerrycan 20L,1,740.87,0.05,740.87,703.83,500.97,500.97,202.86,,0,703.83,0,703.83,-0.0,0,-1,-500.97,,ER,0
TXN-02093,2026-08-05,SALE,INV-2608-2093,Rongai Home & Agro Supplies,Ongata Rongai,M-Pesa Till,Institution,CUS-1166,,Electrical,Socket 13A,13,376.02,0.0688,4888.26,4551.95,252.97,3288.61,1263.34,,0,4551.95,0,4551.95,-0.0,0,-13,-3288.61,,CN,0
TXN-00153,2025-02-13,SALE,INV-2502-0153,Rongai Home & Agro Supplies,Kiserian,Phone Order,Reseller,CUS-1128,,Building Materials,Galvanized Roofing Sheet 3m,3,1244.12,0.0628,3732.36,3497.97,918.69,2756.07,741.9,,0,3497.97,0,3497.97,-0.0,0,-3,-2756.07,,DK,0
TXN-01391,2026-01-16,SALE,INV-2601-1391,Rongai Home & Agro Supplies,Ongata Rongai,Phone Order,Retail,CUS-1086,,Plumbing,20mm PVC Pipe 6m,1,831.2,0.03,831.2,806.26,601.82,601.82,204.44,,0,806.26,0,806.26,-0.0,0,-1,-601.82,,JK,0
TXN-02026,2026-07-17,SALE,INV-2607-2026,Rongai Home & Agro Supplies,Kiserian,M-Pesa Till,Farmer,CUS-1163,,Agro Inputs,Maize Seed 2kg,2,632.13,0.03,1264.26,1226.33,473.74,947.48,278.85,,0,1226.33,0,1226.33,-0.0,0,-2,-947.48,,JK,0
TXN-02048,2026-07-24,SALE,INV-2607-2048,Rongai Home & Agro Supplies,Ongata Rongai,Walk-in,Retail,CUS-1079,,Paints,Paint Brush 4in,1,174.68,0.08,174.68,160.71,106.03,106.03,54.68,,0,160.71,0,160.71,-0.0,0,-1,-106.03,,CN,0
TXN-00592,2025-06-17,SALE,INV-2506-0592,Rongai Home & Agro Supplies,Ongata Rongai,WhatsApp,Retail,CUS-1063,,Building Materials,Cement 50kg,3,741.86,0,2225.58,2225.58,675.43,2026.29,199.29,,0,2225.58,0,2225.58,-0.0,0,-3,-2026.29,,CN,0
TXN-01042,2025-10-17,SALE,INV-2510-1042,Rongai Home & Agro Supplies,Ongata Rongai,M-Pesa Till,Contractor,CUS-1153,,Building Materials,Cement 50kg,13,801.89,0.0403,10424.57,10004.46,656.18,8530.34,1474.12,,0,0.0,0,0.0,-10004.46,0,-13,-8530.34,,DK,0
TXN-01974,2026-07-01,CUSTOMER_PAYMENT,RCPT-2607-1974,Rongai Home & Agro Supplies,Ongata Rongai,Collections,Contractor,CUS-1041,,,,0,0,0,0,0,0,0,0,Customer Collection,0,17559.0,0,17559.0,17559.0,0,0,0,Mpesa,JK,0
TXN-01744,2026-04-23,SALE,INV-2604-1744,Rongai Home & Agro Supplies,Ongata Rongai,M-Pesa Till,Contractor,CUS-1046,,Agro Inputs,Maize Seed 2kg,6,635.04,0.1078,3810.24,3399.5,470.11,2820.66,578.84,,0,1699.75,0,1699.75,-1699.75,0,-6,-2820.66,,JK,0
TXN-00809,2025-08-16,SALE,INV-2508-0809,Rongai Home & Agro Supplies,Kiserian,Phone Order,Retail,CUS-1129,,Plumbing,20mm PVC Pipe 6m,1,802.46,0.08,802.46,738.26,610.77,610.77,127.49,,0,738.26,0,738.26,-0.0,0,-1,-610.77,,CN,0
TXN-00435,2025-04-29,CUSTOMER_PAYMENT,RCPT-2504-0435,Rongai Home & Agro Supplies,Kiserian,Collections,Contractor,CUS-1071,,,,0,0,0,0,0,0,0,0,Customer Collection,0,13357.0,0,13357.0,13357.0,0,0,0,M-PESA,AM,0
TXN-00407,2025-04-23,REFUND,REF-2504-0407,Rongai Home & Agro Supplies,Kiserian,Counter,Farmer,CUS-1097,,Plumbing,PVC Elbow 20mm,-1,77.18,0,0,63.84,42.52,0,-63.84,Customer Refund,63.84,0,63.84,0,0,63.84,0,0,refund,AM,0
TXN-00098,2025-01-29,SALE,INV-2501-0098,Rongai Home & Agro Supplies,Kiserian,M-Pesa Till,Farmer,CUS-1103,,Electrical,LED Bulb 12W,2,301.08,0.08,602.16,553.99,160.63,321.26,232.73,,0,553.99,0,553.99,-0.0,0,-2,-321.26,,AM,1
TXN-01910,2026-06-11,SALE,INV-2606-1910,Rongai Home & Agro Supplies,Ongata Rongai,WhatsApp,Farmer,CUS-1068,,Electrical,LED Bulb 12W,5,290.16,0,1450.8,1450.8,173.46,867.3,583.5,,0,1450.8,0,1450.8,-0.0,0,-5,-867.3,,CN,0
TXN-01152,2025-11-17,SALE,INV-2511-1152,Rongai Home & Agro Supplies,Kiserian,Credit Customer,Reseller,CUS-1014,,Plumbing,25mm PVC Pipe 6m,5,1034.77,0.061,5173.85,4858.25,739.33,3696.65,1161.6,,0,1214.56,0,1214.56,-3643.69,0,-5,-3696.65,,ER,0
TXN-01352,2026-01-06,SALE,INV-2601-1352,Rongai Home & Agro Supplies,Kiserian,Phone Order,Retail,CUS-1052,,Building Materials,2x2 Timber 12ft,7,515.96,0.01,3611.72,3575.6,394.5,2761.5,814.1,,0,3575.6,0,3575.6,-0.0,0,-7,-2761.5,,AM,0
TXN-01328,2025-12-30,SALE,INV-2512-1328,Rongai Home & Agro Supplies,Ongata Rongai,M-Pesa Till,Farmer,CUS-1004,,Plumbing,PVC Tee 20mm,1,82.08,0.08,82.08,75.51,49.71,49.71,25.8,,0,75.51,0,75.51,-0.0,0,-1,-49.71,,DK,1
TXN-00573,2025-06-11,SALE,INV-2506-0573,Rongai Home & Agro Supplies,Ongata Rongai,Walk-in,Contractor,CUS-1093,,Household,Jerrycan 20L,7,834.83,0.0289,5843.81,5674.92,477.41,3341.87,2333.05,,0,5674.92,0,5674.92,-0.0,0,-7,-3341.87,,AM,0
TXN-01473,2026-02-10,SALE,INV-2602-1473,Rongai Home & Agro Supplies,Ongata Rongai,M-Pesa Till,Contractor,CUS-1142,,Agro Inputs,Maize Seed 2kg,13,654.76,0.0415,8511.88,8158.64,466.14,6059.82,2098.82,,0,8158.64,0,8158.64,-0.0,0,-13,-6059.82,,JK,0
TXN-02075,2026-07-31,SALE,INV-2607-2075,Rongai Home & Agro Supplies,Ongata Rongai,WhatsApp,Retail,CUS-1102,,Building Materials,Cement 50kg,2,798.89,0.05,1597.78,1517.89,750.29,1500.58,17.31,,0,1517.89,0,1517.89,-0.0,0,-2,-1500.58,,JK,0
TXN-01482,2026-02-12,SALE,INV-2602-1482,Rongai Home & Agro Supplies,Kiserian,WhatsApp,Contractor,CUS-1110,,Electrical,Socket 13A,12,409.02,0.038,4908.24,4721.73,228.54,2742.48,1979.25,,0,4721.73,0,4721.73,-0.0,0,-12,-2742.48,,AM,0
TXN-01186,2025-11-25,SALE,INV-2511-1186,Rongai Home & Agro Supplies,Kiserian,Walk-in,Retail,CUS-1180,,Animal Feeds,Mineral Lick 2kg,1,640.4,0.08,640.4,589.17,383.04,383.04,206.13,,0,589.17,0,589.17,-0.0,0,-1,-383.04,,JK,0
TXN-01196,2025-11-28,SALE,INV-2511-1196,Rongai Home & Agro Supplies,Kiserian,M-Pesa Till,Retail,CUS-1095,,Hardware,Padlock 50mm,3,696.43,0.02,2089.29,2047.5,410.16,1230.48,817.02,,0,2047.5,0,2047.5,-0.0,0,-3,-1230.48,,DK,0
TXN-02012,2026-07-13,SALE,INV-2607-2012,Rongai Home & Agro Supplies,Kiserian,Credit Customer,Contractor,CUS-1003,,Building Materials,Cement 50kg,12,744.57,0.111,8934.84,7943.07,702.87,8434.44,-491.37,,0,3177.23,0,3177.23,-4765.84,0,-12,-8434.44,,AM,0
TXN-00152,2025-02-12,PURCHASE,GRN-2502-0152,Rongai Home & Agro Supplies,Kiserian,Supplier,,,Eastlands Hardware Wholesalers,Animal Feeds,Mineral Lick 2kg,5,403.45,0,0,0,403.45,2017.25,0,Purchase,0,2017.25,0.0,0,0,0,5,2017.25,,BM,0
TXN-00828,2025-08-21,EXPENSE,EXP-2508-0828,Rongai Home & Agro Supplies,Ongata Rongai,Back Office,,,,,,0,0,0,0,0,0,0,0,Rent,52000,0,52000,0,0,0,0,0,M-PESA,AM,0
TXN-00276,2025-03-21,PURCHASE,GRN-2503-0276,Rongai Home & Agro Supplies,Ongata Rongai,Supplier,,,Mara Distributors,Electrical,Socket 13A,3,222.34,0,0,0,222.34,667.02,0,Purchase,0,0.0,667.02,0,0,0,3,667.02,,BM,0
TXN-01143,2025-11-14,SALE,INV-2511-1143,Rongai Home & Agro Supplies,Ongata Rongai,Phone Order,Retail,CUS-1054,,Plumbing,PVC Tee 20mm,3,90.73,0.01,272.19,269.47,47.21,141.63,127.84,,0,269.47,0,269.47,-0.0,0,-3,-141.63,,ER,0
TXN-00785,2025-08-09,CUSTOMER_PAYMENT,RCPT-2508-0785,Rongai Home & Agro Supplies,Ongata Rongai,Collections,Contractor,CUS-1123,,,,0,0,0,0,0,0,0,0,Customer Collection,0,21916.0,0,21916.0,21916.0,0,0,0,Mpesa,BM,0
TXN-02160,2026-08-25,SALE,INV-2608-2160,Rongai Home & Agro Supplies,Kiserian,Walk-in,Institution,CUS-1128,,Electrical,LED Bulb 12W,14,281.64,0.0544,3942.96,3728.46,170.23,2383.22,1345.24,,0,1864.23,0,1864.23,-1864.23,0,-14,-2383.22,,AM,0
TXN-00467,2025-05-08,SALE,INV-2505-0467,Rongai Home & Agro Supplies,Kiserian,Phone Order,Institution,CUS-1046,,Plumbing,20mm PVC Pipe 6m,13,797.22,0.0547,10363.86,9796.96,585.23,7607.99,2188.97,,0,9796.96,0,9796.96,-0.0,0,-13,-7607.99,,AM,0
TXN-01935,20/06/2026,SALE,INV-2606-1935,Rongai Home & Agro Supplies,Ongata Rongai,WhatsApp,Retail,CUS-1050,,Electrical,LED Bulb 12W,11,293.87,0,3232.57,3232.57,171.57,1887.27,1345.3,,0,3232.57,0,3232.57,-0.0,0,-11,-1887.27,,JK,0
TXN-01802,2026-05-09,SALE,INV-2605-1802,Rongai Home & Agro Supplies,Kiserian,Walk-in,Retail,CUS-1144,,Agro Inputs,Maize Seed 2kg,3,632.32,0.01,1896.96,1877.99,483.7,1451.1,426.89,,0,1877.99,0,1877.99,-0.0,0,-3,-1451.1,,JK,0
TXN-00509,2025-05-22,SALE,INV-2505-0509,Rongai Home & Agro Supplies,Kiserian,Phone Order,Farmer,CUS-1121,,Electrical,Switch 1 Gang,1,264.7,0.08,264.7,243.52,148.69,148.69,94.83,,0,243.52,0,243.52,-0.0,0,-1,-148.69,,DK,0
TXN-02184,03/05/2025,STOCK_ADJUSTMENT,ADJ-2505-2184,Rongai Home & Agro Supplies,Kiserian,Stock Count,,,,Plumbing,25mm PVC Pipe 6m,-8,0,0,0,0,0,0,0,Stock Adjustment,0,0,0,0,0,0,-8,-6080,Manual count variance,BM,0
TXN-01803,2026-05-10,CUSTOMER_PAYMENT,RCPT-2605-1803,Rongai Home & Agro Supplies,Ongata Rongai,Collections,Contractor,CUS-1040,,,,0,0,0,0,0,0,0,0,Customer Collection,0,11668.0,0,11668.0,11668.0,0,0,0,Bank Transfer,AM,0
TXN-01982,2026-07-03,PURCHASE,GRN-2607-1982,Rongai Home & Agro Supplies,Ongata Rongai,Supplier,,,Eastlands Hardware Wholesalers,Plumbing,25mm PVC Pipe 6m,5,825.47,0,0,0,825.47,4127.35,0,Purchase,0,1444.57,2682.78,0,0,0,5,4127.35,,AM,0
TXN-00841,2025-08-26,SALE,INV-2508-0841,Rongai Home & Agro Supplies,Ongata Rongai,M-Pesa Till,Retail,CUS-1004,,Animal Feeds,Chicken Feed 10kg,1,946.34,0.03,946.34,917.95,777.82,777.82,140.13,,0,917.95,0,917.95,-0.0,0,-1,-777.82,,ER,0
TXN-02029,2026-07-18,SALE,INV-2607-2029,Rongai Home & Agro Supplies,Kiserian,WhatsApp,Retail,CUS-1080,,Electrical,Switch 1 Gang,2,255.96,0.05,511.92,486.32,166.14,332.28,154.04,,0,486.32,0,486.32,-0.0,0,-2,-332.28,,DK,0
TXN-00741,2025-07-30,SALE,INV-2507-0741,Rongai Home & Agro Supplies,Kiserian,Phone Order,Contractor,CUS-1066,,Hardware,Wheelbarrow Heavy Duty,12,7640.12,0.027,91681.44,89206.04,5384.05,64608.6,24597.44,,0,89206.04,0,89206.04,-0.0,0,-12,-64608.6,,JK,0
TXN-00803,2025-08-15,SALE,INV-2508-0803,Rongai Home & Agro Supplies,Ongata Rongai,WhatsApp,Retail,CUS-1090,,Plumbing,20mm PVC Pipe 6m,3,802.07,0,2406.21,2406.21,618.31,1854.93,551.28,,0,2406.21,0,2406.21,-0.0,0,-3,-1854.93,,BM,0
TXN-00427,2025-04-28,SALE,INV-2504-0427,Rongai Home & Agro Supplies,Ongata Rongai,Walk-in,Farmer,CUS-1039,,Animal Feeds,Chicken Feed 10kg,4,967.24,0.05,3868.96,3675.51,745.95,2983.8,691.71,,0,3675.51,0,3675.51,-0.0,0,-4,-2983.8,,BM,0
TXN-01967,2026-06-30,SALE,INV-2606-1967,Rongai Home & Agro Supplies,Ongata Rongai,M-Pesa Till,Retail,CUS-1074,,Building Materials,2x2 Timber 12ft,5,492.54,0.01,2462.7,2438.07,414.52,2072.6,365.47,,0,2438.07,0,2438.07,-0.0,0,-5,-2072.6,,ER,0
TXN-00849,2025-08-28,SALE,INV-2508-0849,Rongai Home & Agro Supplies,Kiserian,Phone Order,Institution,CUS-1023,,Paints,Paint Brush 4in,11,192.42,0.0436,2116.62,2024.34,99.48,1094.28,930.06,,0,2024.34,0,2024.34,-0.0,0,-11,-1094.28,,CN,0
TXN-00940,2025-09-22,SALE,INV-2509-0940,Rongai Home & Agro Supplies,Ongata Rongai,M-Pesa Till,Retail,CUS-1095,,Agro Inputs,CAN Fertilizer 50kg,1,5493.63,0.02,5493.63,5383.76,3939.41,3939.41,1444.35,,0,5383.76,0,5383.76,-0.0,0,-1,-3939.41,,AM,0
TXN-00100,2025-01-30,SALE,INV-2501-0100,Rongai Home & Agro Supplies,Ongata Rongai,Walk-in,Retail,CUS-1132,,Building material,Galvanized Roofing Sheet 3m,9,1220.93,0.01,10988.37,10878.49,868.21,7813.89,3064.6,,0,10878.49,0,10878.49,-0.0,0,-9,-7813.89,,ER,0
TXN-01400,2026-01-19,PURCHASE,GRN-2601-1400,Rongai Home & Agro Supplies,Ongata Rongai,Supplier,,,Rift Valley Cement Depot,Plumbing,Basin Tap Chrome,6,979.58,0,0,0,979.58,5877.48,0,Purchase,0,0.0,5877.48,0,0,0,6,5877.48,,AM,0
TXN-01532,2026-02-26,SALE,INV-2602-1532,Rongai Home & Agro Supplies,Ongata Rongai,WhatsApp,Farmer,CUS-1036,,Plumbing,PVC Elbow 20mm,8,79.24,0.01,633.92,627.58,45.56,364.48,263.1,,0,627.58,0,627.58,-0.0,0,-8,-364.48,,AM,0
TXN-00185,2025-02-23,SALE,INV-2502-0185,Rongai Home & Agro Supplies,Ongata Rongai,Walk-in,Retail,CUS-1164,,Building Materials,2x2 Timber 12ft,1,531.54,0.01,531.54,526.22,383.11,383.11,143.11,,0,526.22,0,526.22,-0.0,0,-1,-383.11,,AM,1
TXN-01144,2025-11-14,PURCHASE,GRN-2511-1144,Rongai Home & Agro Supplies,Kiserian,Supplier,,,Rift Valley Cement Depot,Plumbing,Basin Tap Chrome,3,936.03,0,0,0,936.03,2808.09,0,Purchase,0,1404.05,1404.04,0,0,0,3,2808.09,,DK,0
TXN-02154,2026-08-23,SALE,INV-2608-2154,Rongai Home & Agro Supplies,Ongata Rongai,Phone Order,Retail,CUS-1013,,Plumbing,25mm PVC Pipe 6m,1,1084.73,0.08,1084.73,997.95,846.66,846.66,151.29,,0,997.95,0,997.95,-0.0,0,-1,-846.66,,CN,0
TXN-00933,2025-09-19,SALE,INV-2509-0933,Rongai Home & Agro Supplies,Kiserian,Phone Order,Farmer,CUS-1175,,Building Materials,Cement 50kg,2,760.51,0,1521.02,1521.02,650.6,1301.2,219.82,,0,1521.02,0,1521.02,-0.0,0,-2,-1301.2,,JK,0
TXN-01959,2026-06-26,SALE,INV-2606-1959,Rongai Home & Agro Supplies,Ongata Rongai,Walk-in,Retail,CUS-1035,,Agro Inputs,Maize Seed 2kg,1,651.0,0,651.0,651.0,500.64,500.64,150.36,,0,651.0,0,651.0,-0.0,0,-1,-500.64,,DK,0
TXN-01524,2026-02-25,SALE,INV-2602-1524,Rongai Home & Agro Supplies,Kiserian,M-Pesa Till,Reseller,CUS-1124,,Hardware,Padlock 50mm,7,731.05,0.0288,5117.35,4969.97,446.39,3124.73,1845.24,,0,4969.97,0,4969.97,-0.0,0,-7,-3124.73,,CN,0
TXN-00966,2025-09-28,SALE,INV-2509-0966,Rongai Home & Agro Supplies,Ongata Rongai,Phone Order,Reseller,CUS-1143,,Electrical,LED Bulb 12W,8,264.1,0.032,2112.8,2045.19,152.77,1222.16,823.03,,0,2045.19,0,2045.19,-0.0,0,-8,-1222.16,,CN,0
TXN-01102,2025-11-02,SALE,INV-2511-1102,Rongai Home & Agro Supplies,Kiserian,M-Pesa Till,Retail,CUS-1105,,Plumbing,25mm PVC Pipe 6m,3,997.9,0.01,2993.7,2963.76,752.26,2256.78,706.98,,0,2963.76,0,2963.76,-0.0,0,-3,-2256.78,,ER,0
TXN-01627,2026-03-23,CUSTOMER_PAYMENT,RCPT-2603-1627,Rongai Home & Agro Supplies,Ongata Rongai,Collections,Contractor,CUS-1038,,,,0,0,0,0,0,0,0,0,Customer Collection,0,14435.0,0,14435.0,14435.0,0,0,0,Bank Transfer,CN,0
TXN-01913,2026-06-12,SALE,INV-2606-1913,Rongai Home & Agro Supplies,Kiserian,Walk-in,Farmer,CUS-1134,,Building Materials,2x2 Timber 12ft,2,495.41,0.05,990.82,941.28,409.42,818.84,122.44,,0,941.28,0,941.28,-0.0,0,-2,-818.84,,DK,0
TXN-00912,2025-09-14,SALE,INV-2509-0912,Rongai Home & Agro Supplies,Ongata Rongai,M-Pesa Till,Institution,CUS-1160,,Building Materials,Galvanized Roofing Sheet 3m,6,1128.07,0.0497,6768.42,6432.03,893.65,5361.9,1070.13,,0,2572.81,0,2572.81,-3859.22,0,-6,-5361.9,,ER,0
TXN-00386,2025-04-18,SALE,INV-2504-0386,Rongai Home & Agro Supplies,Ongata Rongai,WhatsApp,Contractor,CUS-1014,,Electrical,Electrical Cable 1.5mm 90m,5,7650.3,0.0275,38251.5,37199.58,5952.67,29763.35,7436.23,,0,37199.58,0,37199.58,-0.0,0,-5,-29763.35,,JK,0
TXN-02235,2025-08-08,SUPPLIER_PAYMENT,SP-2508-2235,Rongai Home & Agro Supplies,Ongata Rongai,Supplier,,,Nairobi Electrical Mart,,,0,0,0,0,0,0,0,0,Supplier Payment,0,0,59807.0,0,0,0,0,0,Cash,JK,0
TXN-01710,2026-04-15,SALE,INV-2604-1710,Rongai Home & Agro Supplies,Ongata Rongai,WhatsApp,Reseller,CUS-1128,,Hardware,Padlock 50mm,5,651.37,0.0702,3256.85,3028.22,470.11,2350.55,677.67,,0,1211.29,0,1211.29,-1816.93,0,-5,-2350.55,,DK,0
TXN-01587,2026-03-13,PURCHASE,GRN-2603-1587,Rongai Home & Agro Supplies,Ongata Rongai,Supplier,,,Nairobi Electrical Mart,Plumbing,PVC Tee 20mm,15,50.73,0,0,0,50.73,760.95,0,Purchase,0,266.33,494.62,0,0,0,15,760.95,,BM,0
TXN-00226,2025-03-06,SALE,INV-2503-0226,Rongai Home & Agro Supplies,Ongata Rongai,WhatsApp,Farmer,CUS-1092,,Agro Inputs,Foliar Feed 1L,1,1012.17,0.01,1012.17,1002.05,619.05,619.05,383.0,,0,1002.05,0,1002.05,-0.0,0,-1,-619.05,,JK,0
TXN-01155,2025-11-18,SALE,INV-2511-1155,Rongai Home & Agro Supplies,Kiserian,Walk-in,Contractor,CUS-1005,,Agro Inputs,Maize Seed 2kg,5,585.62,0.0689,2928.1,2726.35,432.83,2164.15,562.2,,0,1090.54,0,1090.54,-1635.81,0,-5,-2164.15,,JK,0
TXN-01291,2025-12-22,SALE,INV-2512-1291,Rongai Home & Agro Supplies,Ongata Rongai,M-Pesa Till,Retail,CUS-1059,,Agro Inputs,Maize Seed 2kg,5,602.37,0.03,3011.85,2921.49,446.61,2233.05,688.44,,0,2921.49,0,2921.49,-0.0,0,-5,-2233.05,,AM,0
TXN-00156,2025-02-13,CUSTOMER_PAYMENT,RCPT-2502-0156,Rongai Home & Agro Supplies,Kiserian,Collections,Contractor,CUS-1056,,,,0,0,0,0,0,0,0,0,Customer Collection,0,14470.0,0,14470.0,14470.0,0,0,0,Bank Transfer,JK,0
TXN-01871,2026-06-01,SALE,INV-2606-1871,Rongai Home & Agro Supplies,Kiserian,WhatsApp,Retail,CUS-1176,,Paints,Paint Brush 4in,1,174.82,0.05,174.82,166.08,105.23,105.23,60.85,,0,166.08,0,166.08,-0.0,0,-1,-105.23,,CN,0
TXN-01387,2026-01-15,SALE,INV-2601-1387,Rongai Home & Agro Supplies,Ongata Rongai,Phone Order,Retail,CUS-1069,,Paints,Gloss Paint 4L,1,2425.84,0.03,2425.84,2353.06,1836.54,1836.54,516.52,,0,2353.06,0,2353.06,-0.0,0,-1,-1836.54,,BM,0
TXN-02073,2026-07-30,SALE,INV-2607-2073,Rongai Home & Agro Supplies,Kiserian,WhatsApp,Retail,CUS-1024,,Electrical,LED Bulb 12W,1,301.34,0.01,301.34,298.33,175.8,175.8,122.53,,0,298.33,0,298.33,-0.0,0,-1,-175.8,,BM,0
TXN-01362,2026-01-08,SALE,INV-2601-1362,Rongai Home & Agro Supplies,Kiserian,Walk-in,Institution,CUS-1150,,Electrical,LED Bulb 12W,6,271.07,0.0494,1626.42,1546.07,169.72,1018.32,527.75,,0,773.03,0,773.03,-773.04,0,-6,-1018.32,,DK,0
TXN-01947,2026-06-24,SALE,INV-2606-1947,Rongai Home & Agro Supplies,Kiserian,Walk-in,Retail,CUS-1038,,Agro Inputs,DAP Fertilizer 50kg,3,5932.83,0.08,17798.49,16374.61,4621.12,13863.36,2511.25,,0,16374.61,0,16374.61,-0.0,0,-3,-13863.36,,DK,0
TXN-01933,2026-06-19,SALE,INV-2606-1933,Rongai Home & Agro Supplies,Ongata Rongai,Walk-in,Retail,CUS-1049,,Plumbing,PVC Tee 20mm,2,86.01,0.08,172.02,158.26,51.74,103.48,54.78,,0,158.26,0,158.26,-0.0,0,-2,-103.48,,DK,0
TXN-01366,2026-01-09,SALE,INV-2601-1366,Rongai Home & Agro Supplies,Kiserian,WhatsApp,Reseller,CUS-1071,,Animal Feeds,Mineral Lick 2kg,0,664.11,0.0201,3320.55,3253.81,402.98,2014.9,1238.91,,0,813.45,0,813.45,-2440.36,0,-5,-2014.9,,BM,0
TXN-02031,2026-07-19,CUSTOMER_PAYMENT,RCPT-2607-2031,Rongai Home & Agro Supplies,Kiserian,Collections,Contractor,CUS-1076,,,,0,0,0,0,0,0,0,0,Customer Collection,0,19870.0,0,19870.0,19870.0,0,0,0,Mpesa,ER,
TXN-00354,2025-04-09,SALE,INV-2504-0354,Rongai Home & Agro Supplies,Kiserian,M-Pesa Till,Retail,CUS-1154,,Paints,Paint Brush 4in,2,172.93,0,345.86,345.86,99.01,198.02,147.84,,0,345.86,0,345.86,-0.0,0,-2,-198.02,,JK,0
TXN-01836,2026-05-20,SALE,INV-2605-1836,Rongai Home & Agro Supplies,Kiserian,M-Pesa Till,Retail,CUS-1098,,Building Materials,Galvanized Roofing Sheet 3m,2,1114.26,0.01,2228.52,2206.23,994.28,1988.56,217.67,,0,2206.23,0,2206.23,-0.0,0,-2,-1988.56,,BM,0
TXN-02030,2026-07-18,SALE,INV-2607-2030,Rongai Home & Agro Supplies,Ongata Rongai,Phone Order,Retail,CUS-1178,,Household,Jerrycan 20L,1,764.11,0.05,764.11,725.9,549.91,549.91,175.99,,0,725.9,0,725.9,-0.0,0,-1,-549.91,,ER,0
TXN-00384,2025-04-17,SALE,INV-2504-0384,Rongai Home & Agro Supplies,Kiserian,Walk-in,Retail,CUS-1099,,Electrical,Switch 1 Gang,9,257.53,0.03,2317.77,2248.24,144.51,1300.59,947.65,,0,2248.24,0,2248.24,-0.0,0,-9,-1300.59,,CN,0
TXN-01824,2026-05-16,SALE,INV-2605-1824,Rongai Home & Agro Supplies,Kiserian,Phone Order,Retail,CUS-1079,,Building Materials,Cement 50kg,24,802.23,0,19253.52,19253.52,734.53,17628.72,1624.8,,0,19253.52,0,19253.52,-0.0,0,-24,-17628.72,,DK,0
TXN-00818,2025-08-19,CUSTOMER_PAYMENT,RCPT-2508-0818,Rongai Home & Agro Supplies,Ongata Rongai,Collections,Contractor,CUS-1095,,,,0,0,0,0,0,0,0,0,Customer Collection,0,14972.0,0,14972.0,14972.0,0,0,0,Bank Transfer,CN,0
TXN-00983,2025-10-02,SALE,INV-2510-0983,Rongai Home & Agro Supplies,Kiserian,Phone Order,Retail,CUS-1053,,Agro Inputs,CAN Fertilizer 50kg,1,4924.72,0,4924.72,4924.72,3975.8,3975.8,948.92,,0,4924.72,0,4924.72,-0.0,0,-1,-3975.8,,CN,0
TXN-00428,2025-04-28,SALE,INV-2504-0428,Rongai Home & Agro Supplies,Kiserian,Phone Order,Retail,CUS-1183,,agro inputs,Maize Seed 2kg,1,621.59,0.02,621.59,609.16,434.33,434.33,174.83,,0,609.16,0,609.16,-0.0,0,-1,-434.33,,JK,0
TXN-02243,2025-12-03,SUPPLIER_PAYMENT,SP-2512-2243,Rongai Home & Agro Supplies,Ongata Rongai,Supplier,,,AgroLink Kenya,,,0,0,0,0,0,0,0,0,Supplier Payment,0,0,46140.0,0,0,0,0,0,Cash,ER,0
TXN-00909,2025-09-12,PURCHASE,GRN-2509-0909,Rongai Home & Agro Supplies,Kiserian,Supplier,,,Mara Distributors,Building Materials,Binding Wire 25kg,4,3198.47,0,0,0,3198.47,12793.88,0,Purchase,0,6396.94,6396.94,0,0,0,4,12793.88,,ER,0
TXN-01368,2026-01-09,PURCHASE,GRN-2601-1368,Rongai Home & Agro Supplies,Ongata Rongai,Supplier,,,Mara Distributors,Paints,Paint Brush 4in,3,101.68,0,0,0,101.68,305.04,0,Purchase,0,305.04,0.0,0,0,0,3,305.04,,ER,0
TXN-01956,2026-06-25,EXPENSE,EXP-2606-1956,Rongai Home & Agro Supplies,Kiserian,Back Office,,,,,,0,0,0,0,0,0,0,0,Bank Charges,813.16,0,813.16,0,0,0,0,0,Cash,ER,0
TXN-00307,2025-03-30,SALE,INV-2503-0307,Rongai Home & Agro Supplies,Ongata Rongai,M-Pesa Till,Contractor,CUS-1050,,Building Materials,Galvanized Roofing Sheet 3m,4,1161.17,0.0581,4644.68,4374.82,891.13,3564.52,810.3,,0,4374.82,0,4374.82,-0.0,0,-4,-3564.52,,CN,0
TXN-00734,2025-07-26,SALE,INV-2507-0734,Rongai Home & Agro Supplies,Ongata Rongai,M-Pesa Till,Contractor,CUS-1147,,Electrical,Socket 13A,8,400.86,0.0628,3206.88,3005.49,214.18,1713.44,1292.05,,0,3005.49,0,3005.49,-0.0,0,-8,-1713.44,,AM,0
TXN-01001,2025-10-07,SALE,INV-2510-1001,Rongai Home & Agro Supplies,Kiserian,WhatsApp,Reseller,CUS-1176,,agro inputs,DAP Fertilizer 50kg,14,5925.09,0.0446,82951.26,79251.63,4174.39,58441.46,20810.17,,0,79251.63,0,79251.63,-0.0,0,-14,-58441.46,,CN,0
TXN-01289,2025-12-21,EXPENSE,EXP-2512-1289,Rongai Home & Agro Supplies,Ongata Rongai,Back Office,,,,,,0,0,0,0,0,0,0,0,Electricity,12887,0,12887,0,0,0,0,0,M-PESA,CN,0
TXN-00692,2025-07-16,SALE,INV-2507-0692,Rongai Home & Agro Supplies,Kiserian,M-Pesa Till,Retail,CUS-1026,,Plumbing,20mm PVC Pipe 6m,1,779.94,0.02,779.94,764.34,594.84,594.84,169.5,,0,764.34,0,764.34,-0.0,0,-1,-594.84,,ER,0
TXN-00324,2025-04-02,PURCHASE,GRN-2504-0324,Rongai Home & Agro Supplies,Ongata Rongai,Supplier,,,Eastlands Hardware Wholesalers,Plumbing,20mm PVC Pipe 6m,5,562.78,0,0,0,562.78,2813.9,0,Purchase,0,984.87,1829.03,0,0,0,5,2813.9,,AM,0
TXN-01242,2025-12-10,SALE,INV-2512-1242,Rongai Home & Agro Supplies,Kiserian,Walk-in,Contractor,CUS-1111,,Paints,Gloss Paint 4L,12,2593.35,0.0478,31120.2,29632.65,1753.85,21046.2,8586.45,,0,29632.65,0,29632.65,-0.0,0,-12,-21046.2,,AM,0
TXN-01630,2026-03-24,SALE,INV-2603-1630,Rongai Home & Agro Supplies,Kiserian,Phone Order,Retail,CUS-1023,,Electrical,LED Bulb 12W,1,272.55,0,272.55,272.55,161.07,161.07,111.48,,0,272.55,0,272.55,-0.0,0,-1,-161.07,,BM,0
TXN-01886,2026-06-05,SALE,INV-2606-1886,Rongai Home & Agro Supplies,Kiserian,Credit Customer,Reseller,CUS-1036,,Electrical,Electrical Cable 1.5mm 90m,6,8157.32,0.0513,48943.92,46433.1,6639.01,39834.06,6599.04,,0,0.0,0,0.0,-46433.1,0,-6,-39834.06,,JK,0
TXN-00269,2025-03-20,SALE,INV-2503-0269,Rongai Home & Agro Supplies,Ongata Rongai,M-Pesa Till,Retail,CUS-1059,,Electrical,Electrical Cable 1.5mm 90m,4,8381.88,0.01,33527.52,33192.24,6237.23,24948.92,8243.32,,0,33192.24,0,33192.24,-0.0,0,-4,-24948.92,,AM,0
TXN-01012,2025-10-09,SALE,INV-2510-1012,Rongai Home & Agro Supplies,Kiserian,M-Pesa Till,Retail,CUS-1075,,Plumbing,20mm PVC Pipe 6m,1,882.44,0.02,882.44,864.79,582.04,582.04,282.75,,0,864.79,0,864.79,-0.0,0,-1,-582.04,,CN,0
TXN-01308,2025-12-25,SALE,INV-2512-1308,Rongai Home & Agro Supplies,Ongata Rongai,WhatsApp,Farmer,CUS-1056,,Agro Inputs,Knapsack Sprayer 20L,2,4848.72,0.02,9697.44,9503.49,3220.92,6441.84,3061.65,,0,9503.49,0,9503.49,-0.0,0,-2,-6441.84,,JK,0
TXN-01510,2026-02-20,PURCHASE,GRN-2602-1510,Rongai Home & Agro Supplies,Ongata Rongai,Supplier,,,AgroLink Kenya,Hardware,Spade Steel,5,786.54,0,0,0,786.54,3932.7,0,Purchase,0,3932.7,0.0,0,0,0,5,3932.7,,CN,0
TXN-01287,2025-12-20,SALE,INV-2512-1287,Rongai Home & Agro Supplies,Ongata Rongai,Phone Order,Retail,CUS-1102,,Building Materials,Cement 50kg,12,794.67,0.02,9536.04,9345.32,652.55,7830.6,1514.72,,0,9345.32,0,9345.32,-0.0,0,-12,-7830.6,,CN,0
TXN-01278,2025-12-18,SALE,INV-2512-1278,Rongai Home & Agro Supplies,Kiserian,WhatsApp,Retail,CUS-1034,,Household,Jerrycan 20L,2,772.96,0.02,1545.92,1515.0,500.72,1001.44,513.56,,0,1515.0,0,1515.0,-0.0,0,-2,-1001.44,,ER,0
TXN-00694,2025-07-16,SALE,INV-2507-0694,Rongai Home & Agro Supplies,Kiserian,M-Pesa Till,Reseller,CUS-1084,,Agro Inputs,Maize Seed 2kg,5,605.77,0.0635,3028.85,2836.52,456.18,2280.9,555.62,,0,2836.52,0,2836.52,-0.0,0,-5,-2280.9,,JK,0
TXN-00225,2025-03-06,SALE,INV-2503-0225,Rongai Home & Agro Supplies,Kiserian,M-Pesa Till,Retail,CUS-1013,,Agro Inputs,DAP Fertilizer 50kg,1,5632.09,0.02,5632.09,5519.45,4414.42,4414.42,1105.03,,0,5519.45,0,5519.45,-0.0,0,-1,-4414.42,,AM,0
TXN-01640,2026-03-26,SALE,INV-2603-1640,Rongai Home & Agro Supplies,Ongata Rongai,M-Pesa Till,Farmer,CUS-1096,,Plumbing,PVC Tee 20mm,1,87.27,0.02,87.27,85.52,48.9,48.9,36.62,,0,85.52,0,85.52,-0.0,0,-1,-48.9,,JK,0
TXN-00023,2025-01-07,SALE,INV-2501-0023,Rongai Home & Agro Supplies,Ongata Rongai,WhatsApp,Retail,CUS-1155,,Electrical,LED Bulb 12W,6,296.3,0.08,1777.8,1635.58,156.86,941.16,694.42,,0,1635.58,0,1635.58,-0.0,0,-6,-941.16,,AM,0
TXN-00193,2025-02-25,SALE,INV-2502-0193,Rongai Home & Agro Supplies,Kiserian,M-Pesa Till,Retail,CUS-1057,,Agro Inputs,Foliar Feed 1L,1,934.74,0.08,934.74,859.96,606.92,606.92,253.04,,0,859.96,0,859.96,-0.0,0,BANK,-606.92,,DK,0
TXN-00649,02/07/2025,SALE,INV-2507-0649,Rongai Home & Agro Supplies,Kiserian,Phone Order,Retail,CUS-1063,,Hardware,Padlock 50mm,2,690.75,0.03,1381.5,1340.06,419.04,838.08,501.98,,0,1340.06,0,1340.06,-0.0,0,-2,-838.08,,CN,0
TXN-01810,2026-05-12,CUSTOMER_PAYMENT,RCPT-2605-1810,Rongai Home & Agro Supplies,Ongata Rongai,Collections,Contractor,CUS-1051,,,,0,0,0,0,0,0,0,0,Customer Collection,0,17261.0,0,17261.0,17261.0,0,0,0,Bank Transfer,CN,0
TXN-00464,2025-05-07,EXPENSE,EXP-2505-0464,Rongai Home & Agro Supplies,Ongata Rongai,Back Office,,,,,,0,0,0,0,0,0,0,0,Electricity,9486,0,9486,0,0,0,0,0,M-PESA,JK,0
TXN-00243,2025-03-11,SALE,INV-2503-0243,Rongai Home & Agro Supplies,Kiserian,M-Pesa Till,Retail,CUS-1094,,Hardware,Padlock 50mm,1,720.54,0.03,720.54,698.92,417.53,417.53,281.39,,0,698.92,0,698.92,-0.0,0,-1,-417.53,,ER,0
TXN-00945,2025-09-22,EXPENSE,EXP-2509-0945,Rongai Home & Agro Supplies,Kiserian,Back Office,,,,,,0,0,0,0,0,0,0,0,Marketing,4116,0,4116,0,0,0,0,0,M-PESA,CN,0
TXN-01493,2026-02-16,PURCHASE,GRN-2602-1493,Rongai Home & Agro Supplies,Kiserian,Supplier,,,Nairobi Electrical Mart,Household,Jerrycan 20L,4,507.21,0,0,0,507.21,2028.84,0,Purchase,0,0.0,2028.84,0,0,0,4,2028.84,,CN,0
TXN-01555,2026-03-05,SALE,INV-2603-1555,Rongai Home & Agro Supplies,Ongata Rongai,WhatsApp,Contractor,CUS-1084,,Electrical,LED Bulb 12W,11,285.71,0.0385,3142.81,3021.81,170.03,1870.33,1151.48,,0,3021.81,0,3021.81,-0.0,0,-11,-1870.33,,CN,0
TXN-01407,2026-01-21,SALE,INV-2601-1407,Rongai Home & Agro Supplies,Ongata Rongai,WhatsApp,Retail,CUS-1067,,Electrical,LED Bulb 12W,7,299.14,0,2093.98,2093.98,166.55,1165.85,928.13,,0,2093.98,0,2093.98,-0.0,0,-7,-1165.85,,JK,0
TXN-00081,2025-01-23,SALE,INV-2501-0081,Rongai Home & Agro Supplies,Kiserian,WhatsApp,Farmer,CUS-1014,,Agro Inputs,Maize Seed 2kg,1,624.61,0.01,624.61,618.36,432.46,432.46,185.9,,0,618.36,0,618.36,-0.0,0,-1,-432.46,,ER,0
TXN-02081,2026-08-01,SALE,INV-2608-2081,Rongai Home & Agro Supplies,Ongata Rongai,Walk-in,Retail,CUS-1021,,Building Materials,Cement 50kg,1,841.78,0.03,841.78,816.53,714.84,714.84,101.69,,0,816.53,0,816.53,-0.0,0,-1,-714.84,,ER,0
TXN-01468,08/02/2026,SALE,INV-2602-1468,Rongai Home & Agro Supplies,Ongata Rongai,WhatsApp,Farmer,CUS-1058,,Electrical,Electrical Cable 1.5mm 90m,1,8313.57,0.05,8313.57,7897.89,6401.23,6401.23,1496.66,,0,7897.89,0,7897.89,-0.0,0,-1,-6401.23,,DK,0
TXN-01032,2025-10-15,SALE,INV-2510-1032,Rongai Home & Agro Supplies,Kiserian,M-Pesa Till,Reseller,CUS-1099,,Agro Inputs,CAN Fertilizer 50kg,11,5250.59,0.0456,57756.49,55122.79,3892.82,42821.02,12301.77,,0,0.0,0,0.0,-55122.79,0,-11,-42821.02,,AM,0
TXN-00991,2025-10-04,SALE,INV-2510-0991,Rongai Home & Agro Supplies,Ongata Rongai,M-Pesa Till,Contractor,CUS-1084,,Animal Feeds,Chicken Feed 10kg,7,980.06,0.0232,6860.42,6701.26,770.82,5395.74,1305.52,,0,6701.26,0,6701.26,-0.0,0,-7,-5395.74,,JK,0
TXN-01304,2025-12-24,SALE,INV-2512-1304,Rongai Home & Agro Supplies,Kiserian,Phone Order,Retail,CUS-1177,,Building Materials,Cement 50kg,11,828.65,0.05,9115.15,8659.39,651.65,7168.15,1491.24,,0,8659.39,0,8659.39,-0.0,0,-11,-7168.15,,DK,0
TXN-01066,2025-10-23,CUSTOMER_PAYMENT,RCPT-2510-1066,Rongai Home & Agro Supplies,,Collections,Contractor,CUS-1043,,,,0,0,0,0,0,0,0,0,Customer Collection,0,20626.0,0,20626.0,20626.0,0,0,0,M-PESA,DK,0
TXN-01736,2026-04-21,SALE,INV-2604-1736,Rongai Home & Agro Supplies,Ongata Rongai,Walk-in,Retail,CUS-1012,,Building Materials,2x2 Timber 12ft,2,519.63,0.08,1039.26,956.12,396.8,793.6,162.52,,0,956.12,0,956.12,-0.0,0,-2,-793.6,,DK,0
TXN-02099,2026-08-06,SALE,INV-2608-2099,Rongai Home & Agro Supplies,Kiserian,Phone Order,Reseller,CUS-1024,,Household,Jerrycan 20L,5,798.87,0.1135,3994.35,3540.99,533.59,2667.95,873.04,,0,0.0,0,0.0,-3540.99,0,-5,-2667.95,,BM,0
TXN-01536,2026-02-27,CUSTOMER_PAYMENT,RCPT-2602-1536,Rongai Home & Agro Supplies,Ongata Rongai,Collections,Contractor,CUS-1115,,,,0,0,0,0,0,0,0,0,Customer Collection,0,14516.0,0,14516.0,14516.0,0,0,0,Bank Transfer,JK,0
TXN-01849,2026-05-25,SALE,INV-2605-1849,Rongai Home & Agro Supplies,Kiserian,M-Pesa Till,Retail,CUS-1133,,agro inputs,DAP Fertilizer 50kg,1,5701.42,0,5701.42,5701.42,4708.68,4708.68,992.74,,0,5701.42,0,5701.42,-0.0,0,-1,-4708.68,,BM,0
TXN-01972,2026-07-01,SALE,INV-2607-1972,Rongai Home & Agro Supplies,Kiserian,M-Pesa Till,Contractor,CUS-1044,,Agro Inputs,Maize Seed 2kg,4,660.11,0.0737,2640.44,2445.84,498.92,1995.68,450.16,,0,978.34,0,978.34,-1467.5,0,-4,-1995.68,,AM,0
TXN-00823,2025-08-20,EXPENSE,EXP-2508-0823,Rongai Home & Agro Supplies,Ongata Rongai,Back Office,,,,,,0,0,0,0,0,0,0,0,Security,11713,0,11713,0,0,0,0,0,Cash,AM,0
TXN-00998,2025-10-06,EXPENSE,EXP-2510-0998,Rongai Home & Agro Supplies,Ongata Rongai,Back Office,,,,,,0,0,0,0,0,0,0,0,Miscellaneous,7433,0,7433,0,0,0,0,0,Bank Transfer,ER,0
TXN-00797,2025-08-13,PURCHASE,GRN-2508-0797,Rongai Home & Agro Supplies,Ongata Rongai,Supplier,,,Nairobi Electrical Mart,Paints,Paint Brush 4in,4,97.19,0,0,0,97.19,388.76,0,Purchase,0,194.38,194.38,0,0,0,4,388.76,,JK,0
TXN-01189,2025-11-26,CUSTOMER_PAYMENT,RCPT-2511-1189,Rongai Home & Agro Supplies,Kiserian,Collections,Contractor,CUS-1066,,,,0,0,0,0,0,0,0,0,Customer Collection,0,13536.0,0,13536.0,13536.0,0,0,0,Mpesa,ER,0
TXN-01351,2026-01-05,PURCHASE,GRN-2601-1351,Rongai Home & Agro Supplies,Ongata Rongai,Supplier,,,AgroLink Kenya,Electrical,Switch 1 Gang,5,151.58,0,0,0,151.58,757.9,0,Purchase,0,0.0,757.9,0,0,0,5,757.9,,BM,0
TXN-00850,2025-08-28,SALE,INV-2508-0850,Rongai Home & Agro Supplies,Ongata Rongai,Phone Order,Retail,CUS-1168,,Plumbing,PVC Elbow 20mm,1,76.29,0.08,76.29,70.19,43.6,43.6,26.59,,0,70.19,0,70.19,-0.0,0,-1,-43.6,,DK,0
TXN-00020,06/01/2025,SALE,INV-2501-0020,Rongai Home & Agro Supplies,Kiserian,Credit Customer,,CUS-1144,,Plumbing,PVC Tee 20mm,14,84.9,0.034,1188.6,1148.19,47.31,662.34,485.85,,0,287.05,0,287.05,-861.14,0,-14,-662.34,,DK,0
TXN-01951,2026-06-24,PURCHASE,GRN-2606-1951,Rongai Home & Agro Supplies,Kiserian,Supplier,,,Nairobi Electrical Mart,Plumbing,Basin Tap Chrome,3,1035.17,0,0,0,1035.17,3105.51,0,Purchase,0,1086.93,2018.58,0,0,0,3,3105.51,,ER,0
TXN-00302,2025-03-28,PURCHASE,GRN-2503-0302,Rongai Home & Agro Supplies,Kiserian,Supplier,,,Eastlands Hardware Wholesalers,Plumbing,PVC Elbow 20mm,30,42.21,0,0,0,42.21,1266.3,0,Purchase,0,443.2,823.1,0,0,0,30,1266.3,,JK,0
TXN-00522,2025-05-26,SALE,INV-2505-0522,Rongai Home & Agro Supplies,Kiserian,Walk-in,Contractor,CUS-1178,,Building Materials,Binding Wire 25kg,3,3972.61,0.0557,11917.83,11254.01,3423.29,10269.87,984.14,,0,11254.01,0,11254.01,-0.0,0,-3,-10269.87,,DK,0
TXN-02191,2025-11-19,STOCK_ADJUSTMENT,ADJ-2511-2191,Rongai Home & Agro Supplies,Ongata Rongai,Stock Count,,,,Paints,20L Emulsion Paint,2,0,0,0,0,0,0,0,Stock Adjustment,0,0,0,0,0,0,2,7700,Manual count variance,JK,0
TXN-00449,2025-05-03,SALE,INV-2505-0449,Rongai Home & Agro Supplies,Kiserian,WhatsApp,Farmer,CUS-1022,,Plumbing,PVC Tee 20mm,1,81.01,0,81.01,81.01,47.32,47.32,33.69,,0,81.01,0,81.01,-0.0,0,-1,-47.32,,DK,0
TXN-00901,2025-09-11,SALE,INV-2509-0901,Rongai Home & Agro Supplies,Kiserian,M-Pesa Till,Retail,CUS-1052,,Agro Inputs,DAP Fertilizer 50kg,2,6015.97,0.05,12031.94,11430.34,4468.62,8937.24,2493.1,,0,11430.34,0,11430.34,-0.0,0,-2,-8937.24,,CN,0
TXN-01357,2026-01-07,SALE,INV-2601-1357,Rongai Home & Agro Supplies,Ongata Rongai,Phone Order,Contractor,CUS-1136,,Hardware,Wheelbarrow Heavy Duty,10,7467.57,0.0464,74675.7,71210.75,5594.51,55945.1,15265.65,,0,28484.3,0,28484.3,-42726.45,0,-10,-55945.1,,ER,0
TXN-00076,2025-01-22,SALE,INV-2501-0076,Rongai Home & Agro Supplies,Ongata Rongai,M-Pesa Till,Farmer,CUS-1045,,Plumbing,PVC Elbow 20mm,2,70.59,0.02,141.18,138.36,42.64,85.28,53.08,,0,138.36,0,138.36,-0.0,0,-2,-85.28,,CN,0
TXN-01644,2026-03-27,SALE,INV-2603-1644,Rongai Home & Agro Supplies,Kiserian,Phone Order,Farmer,CUS-1095,,Hardware,Spade Steel,1,1288.66,0.05,1288.66,1224.23,803.57,803.57,420.66,,0,1224.23,0,1224.23,-0.0,0,-1,-803.57,,DK,0
TXN-00515,2025-05-24,SALE,INV-2505-0515,Rongai Home & Agro Supplies,Kiserian,M-Pesa Till,Institution,CUS-1078,,Building Materials,Galvanized Roofing Sheet 3m,9,1188.92,0.0355,10700.28,10320.42,931.26,8381.34,1939.08,,0,10320.42,0,10320.42,-0.0,0,-9,-8381.34,,AM,0
TXN-00082,2025-01-23,SALE,INV-2501-0082,Rongai Home & Agro Supplies,Kiserian,Phone Order,Reseller,CUS-1085,,Electrical,Switch 1 Gang,13,269.3,0.0683,3500.9,3261.79,150.46,1955.98,1305.81,,0,815.45,0,815.45,-2446.34,0,-13,-1955.98,,AM,0
TXN-01695,2026-04-10,CUSTOMER_PAYMENT,RCPT-2604-1695,Rongai Home & Agro Supplies,Kiserian,Collections,Contractor,CUS-1038,,,,0,0,0,0,0,0,0,0,Customer Collection,0,7661.0,0,7661.0,7661.0,0,0,0,M-PESA,DK,0
TXN-00942,2025-09-22,SALE,INV-2509-0942,Rongai Home & Agro Supplies,Ongata Rongai,M-Pesa Till,Retail,CUS-1090,,Hardware,Spade Steel,1,1293.7,0,1293.7,1293.7,816.85,816.85,476.85,,0,1293.7,0,1293.7,-0.0,0,-1,-816.85,,AM,0
TXN-00866,2025-09-01,PURCHASE,GRN-2509-0866,Rongai Home & Agro Supplies,Kiserian,Supplier,,,AgroLink Kenya,Hardware,Padlock 50mm,11,424.13,0,0,0,424.13,4665.43,0,Purchase,0,3499.07,1166.36,0,0,0,11,4665.43,,BM,0
TXN-01489,2026-02-14,SALE,INV-2602-1489,Rongai Home & Agro Supplies,Kiserian,WhatsApp,Contractor,CUS-1171,,Plumbing,PVC Elbow 20mm,13,75.58,0.0237,982.54,959.25,46.96,610.48,348.77,,0,959.25,0,959.25,-0.0,0,-13,-610.48,,BM,0
TXN-01812,2026-05-13,SALE,INV-2605-1812,Rongai Home & Agro Supplies,Kiserian,Phone Order,Retail,CUS-1175,,Plumbing,PVC Elbow 20mm,6,80.33,0.08,481.98,443.42,49.47,296.82,146.6,,0,443.42,0,443.42,-0.0,0,-6,-296.82,,JK,0
TXN-01599,2026-03-16,PURCHASE,GRN-2603-1599,Rongai Home & Agro Supplies,Ongata Rongai,Supplier,,,AgroLink Kenya,Building Materials,Cement 50kg,144,679.01,0,0,0,679.01,97777.44,0,Purchase,0,34222.1,63555.34,0,0,0,144,97777.44,,JK,0
TXN-01931,2026-06-19,SALE,INV-2606-1931,Rongai Home & Agro Supplies,Kiserian,M-Pesa Till,Institution,CUS-1105,,Plumbing,PVC Tee 20mm,12,80.33,0.0333,963.96,931.86,52.43,629.16,302.7,,0,372.74,0,372.74,-559.12,0,-12,-629.16,,ER,0
TXN-00478,2025-05-12,SALE,INV-2505-0478,Rongai Home & Agro Supplies,Kiserian,WhatsApp,Retail,CUS-1184,,Plumbing,PVC Elbow 20mm,6,72.68,0,436.08,436.08,43.22,259.32,176.76,,0,436.08,0,436.08,-0.0,0,-6,-259.32,,JK,0
TXN-02132,2026-08-15,SALE,INV-2608-2132,Rongai Home & Agro Supplies,Ongata Rongai,M-Pesa Till,Retail,CUS-1115,,Agro Inputs,CAN Fertilizer 50kg,3,5264.85,0.03,15794.55,15320.71,4261.89,12785.67,2535.04,,0,15320.71,0,15320.71,-0.0,0,-3,-12785.67,,DK,0
TXN-01578,2026-03-12,SALE,INV-2603-1578,Rongai Home & Agro Supplies,Ongata Rongai,M-Pesa Till,Farmer,CUS-1042,,Agro Inputs,DAP Fertilizer 50kg,1,5679.23,0.05,5679.23,5395.27,4445.02,4445.02,950.25,,0,5395.27,0,5395.27,-0.0,0,-1,-4445.02,,CN,0
TXN-01198,2025-11-29,SALE,INV-2511-1198,Rongai Home & Agro Supplies,Ongata Rongai,WhatsApp,Contractor,CUS-1091,,Agro Inputs,Foliar Feed 1L,10,1001.17,0.0262,10011.7,9749.39,612.68,6126.8,3622.59,,0,3899.76,0,3899.76,-5849.63,0,-10,-6126.8,,BM,0
TXN-00119,2025-02-04,SALE,INV-2502-0119,Rongai Home & Agro Supplies,Kiserian,WhatsApp,Retail,CUS-1071,,Agro Inputs,DAP Fertilizer 50kg,1,6022.07,0,6022.07,6022.07,4266.32,4266.32,1755.75,,0,6022.07,0,6022.07,-0.0,0,-1,-4266.32,,AM,0
TXN-00455,2025-05-06,SALE,INV-2505-0455,Rongai Home & Agro Supplies,Ongata Rongai,WhatsApp,Retail,CUS-1055,,Plumbing,20mm PVC Pipe 6m,4,871.98,0.05,3487.92,3313.52,600.89,2403.56,909.96,,0,3313.52,0,3313.52,-0.0,0,-4,-2403.56,,BM,0
TXN-00886,2025-09-06,CUSTOMER_PAYMENT,RCPT-2509-0886,Rongai Home & Agro Supplies,Ongata Rongai,Collections,Contractor,CUS-1017,,,,0,0,0,0,0,0,0,0,Customer Collection,0,13000.0,0,13000.0,13000.0,0,0,0,M-PESA,DK,0
TXN-01342,2026-01-03,SALE,INV-2601-1342,Rongai Home & Agro Supplies,Kiserian,WhatsApp,Institution,CUS-1005,,Electrical,LED Bulb 12W,6,265.61,0.0751,1593.66,1473.98,167.19,1003.14,470.84,,0,736.99,0,736.99,-736.99,0,-6,-1003.14,,CN,0
TXN-00610,2025-06-21,SALE,INV-2506-0610,Rongai Home & Agro Supplies,Kiserian,Walk-in,Retail,CUS-1037,,Plumbing,20mm PVC Pipe 6m,1,774.37,0.02,774.37,758.88,590.18,590.18,168.7,,0,758.88,0,758.88,-0.0,0,-1,-590.18,,AM,0
TXN-00261,2025-03-17,SALE,INV-2503-0261,Rongai Home & Agro Supplies,Ongata Rongai,Walk-in,Contractor,CUS-1055,,Electrical,LED Bulb 12W,9,294.72,0.0293,2652.48,2574.76,156.03,1404.27,1170.49,,0,2574.76,0,2574.76,-0.0,0,-9,-1404.27,,BM,0
TXN-01733,2026-04-20,PURCHASE,GRN-2604-1733,Rongai Home & Agro Supplies,Kiserian,Supplier,,,Nairobi Electrical Mart,Paints,Paint Brush 4in,15,106.67,0,0,0,106.67,1600.05,0,Purchase,0,0.0,1600.05,0,0,0,15,1600.05,,ER,0
TXN-02230,2025-09-26,SUPPLIER_PAYMENT,SP-2509-2230,Rongai Home & Agro Supplies,Ongata Rongai,Supplier,,,Mara Distributors,,,0,0,0,0,0,0,0,0,Supplier Payment,0,0,48741.0,0,0,0,0,0,Bank Transfer,DK,0
TXN-01749,2026-04-24,SALE,INV-2604-1749,Rongai Home & Agro Supplies,Ongata Rongai,M-Pesa Till,Retail,CUS-1032,,Building Materials,Galvanized Roofing Sheet 3m,2,1148.29,0.02,2296.58,2250.65,1009.87,2019.74,230.91,,0,2250.65,0,2250.65,-0.0,0,-2,-2019.74,,BM,0
TXN-02170,2026-08-27,SALE,INV-2608-2170,Rongai Home & Agro Supplies,Kiserian,Phone Order,Farmer,CUS-1019,,Plumbing,25mm PVC Pipe 6m,2,1067.86,0.02,2135.72,2093.01,867.76,1735.52,357.49,,0,2093.01,0,2093.01,-0.0,0,-2,-1735.52,,BM,0
TXN-00274,2025-03-21,SALE,INV-2503-0274,Rongai Home & Agro Supplies,Ongata Rongai,Phone Order,Retail,CUS-1081,,Hardware,Padlock 50mm,3,702.28,0.05,2106.84,2001.5,404.75,1214.25,787.25,,0,2001.5,0,2001.5,-0.0,0,-3,-1214.25,,JK,0
TXN-00637,2025-06-29,SALE,INV-2506-0637,Rongai Home & Agro Supplies,Kiserian,Phone Order,Contractor,CUS-1157,,Electrical,Socket 13A,6,378.72,0.0477,2272.32,2163.93,215.24,1291.44,872.49,,0,2163.93,0,2163.93,-0.0,0,-6,-1291.44,,AM,0
TXN-00025,2025-01-07,SALE,INV-2501-0025,Rongai Home & Agro Supplies,Kiserian,Walk-in,Retail,CUS-1025,,Building Materials,Damp Proof Course 20m,1,1226.45,0.01,1226.45,1214.19,898.93,898.93,315.26,,0,1214.19,0,1214.19,-0.0,0,-1,-898.93,,ER,0
TXN-02213,2025-10-03,SUPPLIER_PAYMENT,SP-2510-2213,Rongai Home & Agro Supplies,Kiserian,Supplier,,,AgroLink Kenya,,,0,0,0,0,0,0,0,0,Supplier Payment,0,0,60231.0,0,0,0,0,0,Cash,DK,0
TXN-01257,2025-12-13,SALE,INV-2512-1257,Rongai Home & Agro Supplies,Ongata Rongai,M-Pesa Till,Retail,CUS-1060,,Building material,Cement 50kg,18,735.38,0.08,13236.84,12177.89,646.96,11645.28,532.61,,0,12177.89,0,12177.89,-0.0,0,-18,-11645.28,,DK,0
TXN-01178,2025-11-23,CUSTOMER_PAYMENT,RCPT-2511-1178,Rongai Home & Agro Supplies,Kiserian,Collections,Contractor,CUS-1104,,,,0,0,0,0,0,0,0,0,Customer Collection,0,19431.0,0,19431.0,19431.0,0,0,0,Mpesa,DK,0
TXN-01087,2025-10-30,SALE,INV-2510-1087,Rongai Home & Agro Supplies,Ongata Rongai,WhatsApp,Retail,CUS-1182,,Paints,Paint Brush 4in,1,183.84,0.05,183.84,174.65,97.37,97.37,77.28,,0,174.65,0,174.65,-0.0,0,-1,-97.37,,JK,0
TXN-00436,2025-04-30,SALE,INV-2504-0436,Rongai Home & Agro Supplies,Ongata Rongai,M-Pesa Till,Reseller,CUS-1118,,Building Materials,Cement 50kg,6,738.43,0.0603,4430.58,4163.42,639.51,3837.06,326.36,,0,1040.86,0,1040.86,-3122.56,0,-6,-3837.06,,CN,0
TXN-01551,2026-03-04,SALE,INV-2603-1551,Rongai Home & Agro Supplies,Kiserian,Phone Order,Institution,CUS-1039,,Electrical,LED Bulb 12W,8,274.17,0.0226,2193.36,2143.79,158.32,1266.56,877.23,,0,2143.79,0,2143.79,-0.0,0,-8,-1266.56,,CN,0
TXN-01686,2026-04-08,SALE,INV-2604-1686,Rongai Home & Agro Supplies,Ongata Rongai,Walk-in,Contractor,CUS-1181,,Plumbing,Basin Tap Chrome,3,1490.86,0.0497,4472.58,4250.29,1073.53,3220.59,1029.7,,0,1062.57,0,1062.57,-3187.72,0,-3,-3220.59,,JK,0
TXN-00107,2025-01-31,PURCHASE,GRN-2501-0107,Rongai Home & Agro Supplies,Kiserian,Supplier,,,AgroLink Kenya,Paints,20L Emulsion Paint,4,3727.99,0,0,0,3727.99,14911.96,0,Purchase,0,11183.97,3727.99,0,0,0,4,14911.96,,ER,0
TXN-02133,2026-08-15,EXPENSE,EXP-2608-2133,Rongai Home & Agro Supplies,Ongata Rongai,Back Office,,,,,,0,0,0,0,0,0,0,0,Repairs,16212.08,0,16212.08,0,0,0,0,0,Bank Transfer,ER,0
TXN-00379,2025-04-16,SALE,INV-2504-0379,Rongai Home & Agro Supplies,Ongata Rongai,WhatsApp,Retail,CUS-1136,,Building Materials,Cement 50kg,2,775.5,0,1551.0,1551.0,645.17,1290.34,260.66,,0,1551.0,0,1551.0,-0.0,0,-2,-1290.34,,ER,0
TXN-01004,2025-10-08,SALE,INV-2510-1004,Rongai Home & Agro Supplies,Ongata Rongai,Walk-in,Retail,CUS-1042,,Animal Feeds,Dairy Meal 25kg,1,2364.55,0,2364.55,2364.55,1973.28,1973.28,391.27,,0,2364.55,0,2364.55,-0.0,0,-1,-1973.28,,DK,0
TXN-02218,2025-07-29,SUPPLIER_PAYMENT,SP-2507-2218,Rongai Home & Agro Supplies,Kiserian,Supplier,,,AgroLink Kenya,,,0,0,0,0,0,0,0,0,Supplier Payment,0,0,8464.0,0,0,0,0,0,Cash,AM,0
TXN-00620,2025-06-24,SALE,INV-2506-0620,Rongai Home & Agro Supplies,Ongata Rongai,M-Pesa Till,Farmer,CUS-1009,,Plumbing,PVC Tee 20mm,2,81.15,0.02,162.3,159.05,48.57,97.14,61.91,,0,159.05,0,159.05,-0.0,0,-2,-97.14,,BM,0
TXN-00822,2025-08-20,PURCHASE,GRN-2508-0822,Rongai Home & Agro Supplies,Kiserian,Supplier,,,Rift Valley Cement Depot,Electrical,Socket 13A,3,210.32,0,0,0,210.32,630.96,0,Purchase,0,315.48,315.48,0,0,0,3,630.96,,CN,0
TXN-00664,2025-07-07,SALE,INV-2507-0664,Rongai Home & Agro Supplies,Ongata Rongai,M-Pesa Till,Retail,CUS-1089,,Electrical,LED Bulb 12W,2,297.44,0,594.88,594.88,156.13,312.26,282.62,,0,594.88,0,594.88,-0.0,0,-2,-312.26,,JK,0
TXN-00916,2025-09-15,SALE,INV-2509-0916,Rongai Home & Agro Supplies,Kiserian,WhatsApp,Retail,CUS-1145,,Electrical,Switch 1 Gang,1,265.93,0.08,265.93,244.66,141.52,141.52,103.14,,0,244.66,0,244.66,-0.0,0,-1,-141.52,,AM,0
TXN-01000,2025-10-07,SALE,INV-2510-1000,Rongai Home & Agro Supplies,Ongata Rongai,Walk-in,Farmer,CUS-1079,,Agro Inputs,Knapsack Sprayer 20L,2,4744.22,0,9488.44,9488.44,3373.04,6746.08,2742.36,,0,9488.44,0,9488.44,-0.0,0,-2,-6746.08,,AM,0
TXN-02065,2026-07-28,SALE,INV-2607-2065,Rongai Home & Agro Supplies,Kiserian,Phone Order,Retail,CUS-1084,,Paints,Paint Brush 4in,1,193.78,0.08,193.78,178.28,105.95,105.95,72.33,,0,178.28,0,178.28,-0.0,0,-1,-105.95,,DK,0
TXN-01299,2025-12-23,SALE,INV-2512-1299,Rongai Home & Agro Supplies,Ongata Rongai,Credit Customer,Contractor,CUS-1060,,Plumbing,PVC Tee 20mm,13,82.67,0.0333,1074.71,1038.92,46.83,608.79,430.13,,0,259.73,0,259.73,-779.19,0,-13,-608.79,,ER,0
TXN-00856,2025-08-29,SALE,INV-2508-0856,Rongai Home & Agro Supplies,Kiserian,M-Pesa Till,Farmer,CUS-1184,,Hardware,Wheelbarrow Heavy Duty,1,7711.37,0.02,7711.37,7557.14,5074.01,5074.01,2483.13,,0,7557.14,0,7557.14,-0.0,0,-1,-5074.01,,BM,0
TXN-01265,2025-12-15,PURCHASE,GRN-2512-1265,Rongai Home & Agro Supplies,Kiserian,Supplier,,,AgroLink Kenya,Plumbing,Basin Tap Chrome,3,962.25,0,0,0,962.25,2886.75,0,Purchase,0,2886.75,0.0,0,0,0,3,2886.75,,ER,0
TXN-00366,2025-04-12,SALE,INV-2504-0366,Rongai Home & Agro Supplies,Ongata Rongai,WhatsApp,Farmer,CUS-1138,,Electrical,Switch 1 Gang,1,251.06,0.03,251.06,243.53,145.51,145.51,98.02,,0,243.53,0,243.53,-0.0,0,-1,-145.51,,AM,0
TXN-00882,2025-09-06,SALE,INV-2509-0882,Rongai Home & Agro Supplies,Ongata Rongai,M-Pesa Till,Farmer,CUS-1172,,Agro Inputs,Foliar Feed 1L,2,1026.34,0,2052.68,2052.68,617.23,1234.46,818.22,,0,2052.68,0,2052.68,-0.0,0,-2,-1234.46,,JK,0
TXN-02237,2025-03-12,SUPPLIER_PAYMENT,SP-2503-2237,Rongai Home & Agro Supplies,Kiserian,Supplier,,,Mara Distributors,,,0,0,0,0,0,0,0,0,Supplier Payment,0,0,53163.0,0,0,0,0,0,Cash,JK,0
TXN-00246,2025-03-12,SALE,INV-2503-0246,Rongai Home & Agro Supplies,Ongata Rongai,Phone Order,Farmer,CUS-1123,,Hardware,Panga,4,1012.0,0.01,4048.0,4007.52,587.48,2349.92,1657.6,,0,4007.52,0,4007.52,-0.0,0,-4,-2349.92,,BM,0
TXN-01788,2026-05-05,CUSTOMER_PAYMENT,RCPT-2605-1788,Rongai Home & Agro Supplies,Kiserian,Collections,Contractor,CUS-1089,,,,0,0,0,0,0,0,0,0,Customer Collection,0,20403.0,0,20403.0,20403.0,0,0,0,Bank Transfer,JK,0
TXN-00951,2025-09-24,SALE,INV-2509-0951,Rongai Home & Agro Supplies,Ongata Rongai,WhatsApp,Reseller,CUS-1008,,Household,Jerrycan 20L,5,767.09,0.0681,3835.45,3574.26,495.67,2478.35,1095.91,,0,3574.26,0,3574.26,-0.0,0,-5,-2478.35,,JK,0
TXN-00030,2025-01-09,SALE,INV-2501-0030,Rongai Home & Agro Supplies,Ongata Rongai,WhatsApp,Farmer,CUS-1039,,Building Materials,Cement 50kg,2,815.97,0.08,1631.94,1501.38,643.29,1286.58,214.8,,0,1501.38,0,1501.38,-0.0,0,-2,-1286.58,,ER,0
TXN-01701,2026-04-13,SALE,INV-2604-1701,Rongai Home & Agro Supplies,Ongata Rongai,Phone Order,Reseller,CUS-1113,,Agro Inputs,Maize Seed 2kg,7,643.25,0.0558,4502.75,4251.5,482.94,3380.58,870.92,,0,1700.6,0,1700.6,-2550.9,0,-7,-3380.58,,CN,0
TXN-01740,2026-04-22,SALE,INV-2604-1740,Rongai Home & Agro Supplies,Kiserian,Phone Order,Contractor,CUS-1095,,Animal Feeds,Chicken Feed 10kg,3,1013.17,0.0375,3039.51,2925.53,851.59,2554.77,370.76,,0,731.38,0,731.38,-2194.15,0,-3,-2554.77,,JK,0
TXN-01388,2026-01-15,SALE,INV-2601-1388,Rongai Home & Agro Supplies,Ongata Rongai,Walk-in,Retail,CUS-1127,,Household,Jerrycan 20L,1,835.51,0.05,835.51,793.73,527.02,527.02,266.71,,0,793.73,0,793.73,-0.0,0,-1,-527.02,,JK,0
TXN-00962,2025-09-26,CUSTOMER_PAYMENT,RCPT-2509-0962,Rongai Home & Agro Supplies,Kiserian,Collections,Contractor,CUS-1104,,,,0,0,0,0,0,0,0,0,Customer Collection,0,11526.0,0,11526.0,11526.0,0,0,0,Mpesa,CN,0
TXN-00418,2025-04-25,SALE,INV-2504-0418,Rongai Home & Agro Supplies,Ongata Rongai,WhatsApp,Farmer,CUS-1054,,Electrical,LED Bulb 12W,1,278.68,0,278.68,278.68,160.55,160.55,118.13,,0,278.68,0,278.68,-0.0,0,-1,-160.55,,ER,0
TXN-02004,2026-07-10,SALE,INV-2607-2004,Rongai Home & Agro Supplies,Kiserian,Phone Order,Contractor,CUS-1103,,Building Materials,Galvanized Roofing Sheet 3m,13,1204.97,0.0895,15664.61,14262.63,1021.45,13278.85,983.78,,0,14262.63,0,14262.63,-0.0,0,-13,-13278.85,,DK,0
TXN-02051,2026-07-24,PURCHASE,GRN-2607-2051,Rongai Home & Agro Supplies,Ongata Rongai,Supplier,,,Mara Distributors,Household,Jerrycan 20L,3,518.57,0,0,0,518.57,1555.71,0,Purchase,0,1555.71,0.0,0,0,0,3,1555.71,,DK,0
TXN-00173,2025-02-19,EXPENSE,EXP-2502-0173,Rongai Home & Agro Supplies,Kiserian,Back Office,,,,,,0,0,0,0,0,0,0,0,Staff Salaries,76724,0,76724,0,0,0,0,0,M-PESA,JK,0
TXN-01438,2026-01-30,SALE,INV-2601-1438,Rongai Home & Agro Supplies,Ongata Rongai,Walk-in,Retail,CUS-1157,,Paints,20L Emulsion Paint,1,4903.51,0.08,4903.51,4511.23,4192.14,4192.14,319.09,,0,4511.23,0,4511.23,-0.0,0,-1,-4192.14,,JK,0
TXN-01323,2025-12-29,SALE,INV-2512-1323,Rongai Home & Agro Supplies,Ongata Rongai,WhatsApp,Retail,CUS-1086,,Plumbing,Basin Tap Chrome,2,1438.16,0.05,2876.32,2732.5,946.07,1892.14,840.36,,0,2732.5,0,2732.5,-0.0,0,-2,-1892.14,,BM,0
TXN-02145,2026-08-19,CUSTOMER_PAYMENT,RCPT-2608-2145,Rongai Home & Agro Supplies,Kiserian,Collections,Contractor,CUS-1093,,,,0,0,0,0,0,0,0,0,Customer Collection,0,14439.0,0,14439.0,14439.0,0,0,0,Mpesa,BM,0
TXN-01746,2026-04-24,SALE,INV-2604-1746,Rongai Home & Agro Supplies,Ongata Rongai,Credit Customer,Institution,CUS-1137,,Hardware,Spade Steel,5,1264.05,0.1002,6320.25,5686.96,849.38,4246.9,1440.06,,0,2843.48,0,2843.48,-2843.48,0,-5,-4246.9,,ER,0
TXN-02119,2026-08-12,SALE,INV-2608-2119,Rongai Home & Agro Supplies,Kiserian,M-Pesa Till,Farmer,CUS-1174,,Household,Jerrycan 20L,2,778.74,0,1557.48,1557.48,531.72,1063.44,494.04,,0,1557.48,0,1557.48,-0.0,0,-2,-1063.44,,AM,0
TXN-02215,2026-07-28,SUPPLIER_PAYMENT,SP-2607-2215,Rongai Home & Agro Supplies,Ongata Rongai,Supplier,,,Rift Valley Cement Depot,,,0,0,0,0,0,0,0,0,Supplier Payment,0,0,37557.0,0,0,0,0,0,M-PESA,JK,0
TXN-01607,2026-03-18,PURCHASE,GRN-2603-1607,Rongai Home & Agro Supplies,Ongata Rongai,Supplier,,,Eastlands Hardware Wholesalers,Building Materials,Galvanized Roofing Sheet 3m,3,904.63,0,0,0,904.63,2713.89,0,Purchase,0,1356.94,1356.95,0,0,0,3,2713.89,,CN,0
TXN-00935,2025-09-19,PURCHASE,GRN-2509-0935,Rongai Home & Agro Supplies,Kiserian,Supplier,,,Nairobi Electrical Mart,Agro Inputs,Maize Seed 2kg,12,439.76,0,0,0,439.76,5277.12,0,Purchase,0,1846.99,3430.13,0,0,0,12,5277.12,,JK,0
TXN-00877,2025-09-04,EXPENSE,EXP-2509-0877,Rongai Home & Agro Supplies,Kiserian,Back Office,,,,,,0,0,0,0,0,0,0,0,Rent,52000,0,52000,0,0,0,0,0,Bank Transfer,ER,0
TXN-01318,28/12/2025,SALE,INV-2512-1318,Rongai Home & Agro Supplies,Ongata Rongai,Phone Order,Farmer,CUS-1007,,Plumbing,20mm PVC Pipe 6m,8,878.27,0.02,7026.16,6885.64,607.87,4862.96,2022.68,,0,6885.64,0,6885.64,-0.0,0,-8,-4862.96,,BM,0
TXN-01813,2026-05-13,SALE,INV-2605-1813,Rongai Home & Agro Supplies,Kiserian,Phone Order,Contractor,CUS-1083,,Plumbing,20mm PVC Pipe 6m,3,776.14,0.0397,2328.42,2235.98,677.88,2033.64,202.34,,0,0.0,0,0.0,-2235.98,0,-3,-2033.64,,CN,0
TXN-00967,29/09/2025,SALE,INV-2509-0967,Rongai Home & Agro Supplies,Ongata Rongai,WhatsApp,Contractor,CUS-1062,,Animal Feeds,Dairy Meal 25kg,11,2315.89,0.0493,25474.79,24218.88,2010.21,22112.31,2106.57,,0,6054.72,0,6054.72,-18164.16,0,-11,-22112.31,,ER,0
TXN-01845,2026-05-23,SALE,INV-2605-1845,Rongai Home & Agro Supplies,Kiserian,WhatsApp,Farmer,CUS-1171,,Electrical,Socket 13A,1,421.18,0.01,421.18,416.97,235.29,235.29,181.68,,0,416.97,0,416.97,-0.0,0,-1,-235.29,,ER,
TXN-00615,2025-06-23,SALE,INV-2506-0615,Rongai Home & Agro Supplies,Kiserian,WhatsApp,Reseller,CUS-1114,,Building Materials,2x2 Timber 12ft,13,516.04,0.0438,6708.52,6414.69,367.13,4772.69,1642.0,,0,6414.69,0,6414.69,-0.0,0,-13,-4772.69,,DK,0
TXN-01165,2025-11-20,SALE,INV-2511-1165,Rongai Home & Agro Supplies,Kiserian,M-Pesa Till,Contractor,CUS-1151,,Plumbing,PVC Tee 20mm,7,83.37,0.0508,583.59,553.94,48.98,342.86,211.08,,0,553.94,0,553.94,-0.0,0,-7,-342.86,,JK,0
TXN-00648,2025-07-02,SALE,INV-2507-0648,Rongai Home & Agro Supplies,Kiserian,Phone Order,Farmer,CUS-1051,,Building Materials,Galvanized Roofing Sheet 3m,2,1182.62,0.08,2365.24,2176.02,912.2,1824.4,351.62,,0,2176.02,0,2176.02,-0.0,0,-2,-1824.4,,AM,0
TXN-01729,2026-04-18,CUSTOMER_PAYMENT,RCPT-2604-1729,Rongai Home & Agro Supplies,Kiserian,Collections,Contractor,CUS-1087,,,,0,0,0,0,0,0,0,0,Customer Collection,0,16358.0,0,16358.0,16358.0,0,0,0,M-PESA,DK,0
TXN-02183,2026-08-31,CUSTOMER_PAYMENT,RCPT-2608-2183,Rongai Home & Agro Supplies,Kiserian,Collections,Contractor,CUS-1076,,,,0,0,0,0,0,0,0,0,Customer Collection,0,4743.0,0,4743.0,4743.0,0,0,0,Mpesa,DK,0
TXN-02202,04/06/2025,STOCK_ADJUSTMENT,ADJ-2506-2202,Rongai Home & Agro Supplies,Ongata Rongai,Stock Count,,,,Agro Inputs,CAN Fertilizer 50kg,5,0,0,0,0,0,0,0,Stock Adjustment,0,0,0,0,0,0,5,19600,Manual count variance,DK,0
TXN-00807,2025-08-16,SALE,INV-2508-0807,Rongai Home & Agro Supplies,Ongata Rongai,Phone Order,Contractor,CUS-1152,,Animal Feeds,Dairy Meal 25kg,12,2338.22,0.0718,28058.64,26044.03,1968.5,23622.0,2422.03,,0,6511.01,0,6511.01,-19533.02,0,-12,-23622.0,,DK,0
TXN-01355,2026-01-06,CUSTOMER_PAYMENT,RCPT-2601-1355,Rongai Home & Agro Supplies,Ongata Rongai,Collections,Contractor,CUS-1058,,,,0,0,0,0,0,0,0,0,Customer Collection,0,8596.0,0,8596.0,8596.0,0,0,0,M-PESA,JK,0
TXN-00660,2025-07-05,CUSTOMER_PAYMENT,RCPT-2507-0660,Rongai Home & Agro Supplies,Ongata Rongai,Collections,Contractor,CUS-1017,,,,0,0,0,0,0,0,0,0,Customer Collection,0,4910.0,0,4910.0,4910.0,0,0,0,Mpesa,ER,0
TXN-01294,2025-12-22,PURCHASE,GRN-2512-1294,Rongai Home & Agro Supplies,Ongata Rongai,Supplier,,,Eastlands Hardware Wholesalers,Household,Jerrycan 20L,3,466.33,0,0,0,466.33,1398.99,0,Purchase,0,1398.99,0.0,0,0,0,3,1398.99,,ER,0
TXN-00527,2025-05-28,SALE,INV-2505-0527,Rongai Home & Agro Supplies,Kiserian,WhatsApp,Contractor,CUS-1141,,Plumbing,PVC Tee 20mm,4,91.06,0.0623,364.24,341.55,49.43,197.72,143.83,,0,341.55,0,341.55,-0.0,0,-4,-197.72,,ER,0
TXN-01428,2026-01-27,SALE,INV-2601-1428,Rongai Home & Agro Supplies,Kiserian,M-Pesa Till,Retail,CUS-1160,,Plumbing,20mm PVC Pipe 6m,1,837.74,0.08,837.74,770.72,621.92,621.92,148.8,,0,770.72,0,770.72,-0.0,0,-1,-621.92,,BM,0
TXN-01244,2025-12-10,PURCHASE,GRN-2512-1244,Rongai Home & Agro Supplies,Ongata Rongai,,,,Mara Distributors,Building Materials,Cement 50kg,40,664.72,0,0,0,664.72,26588.8,0,Purchase,0,26588.8,0.0,0,0,0,40,26588.8,,JK,0
TXN-01987,2026-07-05,EXPENSE,EXP-2607-1987,Rongai Home & Agro Supplies,Kiserian,Back Office,,,,,,0,0,0,0,0,0,0,0,Transport,8198.54,0,8198.54,0,0,0,0,0,Cash,AM,0
TXN-02043,2026-07-22,EXPENSE,EXP-2607-2043,Rongai Home & Agro Supplies,Ongata Rongai,Back Office,,,,,,0,0,0,0,0,0,0,0,Security,12115.26,0,12115.26,0,0,0,0,0,M-PESA,BM,0
TXN-01723,2026-04-17,SALE,INV-2604-1723,Rongai Home & Agro Supplies,Ongata Rongai,M-Pesa Till,Retail,CUS-1047,,Building Materials,Cement 50kg,2,773.5,0.05,1547.0,1469.65,744.98,1489.96,-20.31,,0,1469.65,0,1469.65,-0.0,0,-2,-1489.96,,BM,0
TXN-00825,2025-08-21,SALE,INV-2508-0825,Rongai Home & Agro Supplies,Ongata Rongai,M-Pesa Till,Reseller,CUS-1138,,Plumbing,25mm PVC Pipe 6m,14,1112.65,0.0305,15577.1,15102.0,741.92,10386.88,4715.12,,0,0.0,0,0.0,-15102.0,0,-14,-10386.88,,ER,1
TXN-00399,2025-04-21,SALE,INV-2504-0399,Rongai Home & Agro Supplies,Ongata Rongai,Walk-in,Contractor,CUS-1021,,Building Materials,Cement 50kg,11,773.22,0.0627,8505.42,7972.13,638.19,7020.09,952.04,,0,1993.03,0,1993.03,-5979.1,0,-11,-7020.09,,JK,0
TXN-02251,2025-11-06,SUPPLIER_PAYMENT,SP-2511-2251,Rongai Home & Agro Supplies,Ongata Rongai,Supplier,,,Mara Distributors,,,0,0,0,0,0,0,0,0,Supplier Payment,0,0,59160.0,0,0,0,0,0,Cash,JK,0
TXN-01977,02-07-2026,SALE,INV-2607-1977,Rongai Home & Agro Supplies,Kiserian,M-Pesa Till,Contractor,CUS-1010,,Plumbing,Basin Tap Chrome,8,1467.79,0.1018,11742.32,10546.95,999.93,7999.44,2547.51,,0,2636.74,0,2636.74,-7910.21,0,-8,-7999.44,,DK,0
TXN-00969,2025-09-29,SALE,INV-2509-0969,Rongai Home & Agro Supplies,Ongata Rongai,WhatsApp,Retail,CUS-1134,,Electrical,Switch 1 Gang,3,258.52,0.01,775.56,767.8,151.12,453.36,314.44,,0,767.8,0,767.8,-0.0,0,-3,-453.36,,JK,0
TXN-01776,2026-05-01,SALE,INV-2605-1776,Rongai Home & Agro Supplies,Ongata Rongai,Walk-in,Institution,CUS-1154,,Plumbing,Basin Tap Chrome,14,1473.87,0.0606,20634.18,19383.75,1011.65,14163.1,5220.65,,0,0.0,0,0.0,-19383.75,0,-14,-14163.1,,AM,0
TXN-00777,2025-08-08,REFUND,REF-2508-0777,Rongai Home & Agro Supplies,Ongata Rongai,Counter,Retail,CUS-1150,,Building Materials,Galvanized Roofing Sheet 3m,-1,1198.33,0,0,976.59,884.86,0,-976.59,Customer Refund,976.59,0,976.59,0,0,976.59,0,0,refund,BM,0
TXN-01771,2026-04-30,SALE,INV-2604-1771,Rongai Home & Agro Supplies,Ongata Rongai,Credit Customer,Institution,CUS-1162,,Animal Feeds,Chicken Feed 10kg,7,1035.63,0.107,7249.41,6473.72,843.25,5902.75,570.97,,0,0.0,0,0.0,-6473.72,0,-7,-5902.75,,DK,0
TXN-00111,2025-02-01,SALE,INV-2502-0111,Rongai Home & Agro Supplies,Kiserian,WhatsApp,Reseller,CUS-1060,,Paints,Gloss Paint 4L,13,2633.39,0.035,34234.07,33035.88,1727.18,22453.34,10582.54,,0,0.0,0,0.0,-33035.88,0,-13,-22453.34,,BM,0
TXN-00972,2025-09-29,EXPENSE,EXP-2509-0972,Rongai Home & Agro Supplies,Kiserian,Back Office,,,,,,0,0,0,0,0,0,0,0,Transport,8098,0,8098,0,0,0,0,0,M-PESA,JK,0
TXN-01985,2026-07-04,SALE,INV-2607-1985,Rongai Home & Agro Supplies,Ongata Rongai,Walk-in,Retail,CUS-1030,,Animal Feeds,Chicken Feed 10kg,1,1029.75,0.05,1029.75,978.26,819.24,819.24,159.02,,0,978.26,0,978.26,-0.0,0,-1,-819.24,,ER,0
TXN-01739,2026-04-22,SALE,INV-2604-1739,Rongai Home & Agro Supplies,Kiserian,Phone Order,Contractor,CUS-1156,,Plumbing,25mm PVC Pipe 6m,13,988.76,0.098,12853.88,11594.2,827.15,10752.95,841.25,,0,11594.2,0,11594.2,-0.0,0,-13,-10752.95,,DK,0
TXN-01064,2025-10-23,SALE,INV-2510-1064,Rongai Home & Agro Supplies,Kiserian,WhatsApp,Retail,CUS-1142,,Building Materials,2x2 Timber 12ft,5,550.27,0.01,2751.35,2723.84,359.88,1799.4,924.44,,0,2723.84,0,2723.84,-0.0,0,-5,-1799.4,,DK,0
TXN-00594,2025-06-17,SALE,INV-2506-0594,Rongai Home & Agro Supplies,Kiserian,Phone Order,Retail,CUS-1094,,Plumbing,25mm PVC Pipe 6m,1,1095.29,0.03,1095.29,1062.43,787.15,787.15,275.28,,0,1062.43,0,1062.43,-0.0,0,-1,-787.15,,JK,0
TXN-02055,2026-07-25,EXPENSE,EXP-2607-2055,Rongai Home & Agro Supplies,Ongata Rongai,Back Office,,,,,,0,0,0,0,0,0,0,0,Rent,50976.02,0,50976.02,0,0,0,0,0,M-PESA,ER,0
TXN-00091,2025-01-27,SALE,INV-2501-0091,Rongai Home & Agro Supplies,Kiserian,Phone Order,Contractor,CUS-1102,,Animal Feeds,Mineral Lick 2kg,8,583.39,0.0543,4667.12,4413.7,397.62,3180.96,1232.74,,0,1765.48,0,1765.48,-2648.22,0,-8,-3180.96,,BM,0
TXN-01994,2026-07-07,SALE,INV-2607-1994,Rongai Home & Agro Supplies,Ongata Rongai,Walk-in,Contractor,CUS-1017,,Paints,Gloss Paint 4L,5,2591.86,0.051,12959.3,12298.38,2006.15,10030.75,2267.63,,0,0.0,0,0.0,-12298.38,0,-5,-10030.75,,BM,0
TXN-00784,2025-08-09,SALE,INV-2508-0784,Rongai Home & Agro Supplies,Ongata Rongai,Walk-in,Retail,CUS-1056,,Building Materials,2x2 Timber 12ft,1,552.74,0,552.74,552.74,366.02,366.02,186.72,,0,552.74,0,552.74,-0.0,0,-1,-366.02,,AM,0
TXN-01286,2025-12-20,SALE,INV-2512-1286,Rongai Home & Agro Supplies,Kiserian,WhatsApp,Retail,CUS-1120,,Plumbing,PVC Elbow 20mm,2,76.76,0.05,153.52,145.84,42.15,84.3,61.54,,0,145.84,0,145.84,-0.0,0,-2,-84.3,,DK,0
TXN-00558,05-06-2025,SALE,INV-2506-0558,Rongai Home & Agro Supplies,Kiserian,Walk-in,Contractor,CUS-1172,,Building Materials,Damp Proof Course 20m,8,1216.11,0.0518,9728.88,9224.92,885.54,7084.32,2140.6,,0,9224.92,0,9224.92,-0.0,0,-8,-7084.32,,DK,0
TXN-01888,2026-06-05,SALE,INV-2606-1888,Rongai Home & Agro Supplies,Ongata Rongai,Walk-in,Contractor,CUS-1178,,Paints,Paint Brush 4in,14,169.48,0.0439,2372.72,2268.56,104.49,1462.86,805.7,,0,2268.56,0,2268.56,-0.0,0,-14,-1462.86,,ER,0
TXN-00584,2025-06-13,PURCHASE,GRN-2506-0584,Rongai Home & Agro Supplies,Kiserian,Supplier,,,Rift Valley Cement Depot,Animal Feeds,Chicken Feed 10kg,3,769.04,0,0,0,769.04,2307.12,0,Purchase,0,1730.34,576.78,0,0,0,3,2307.12,,AM,0
TXN-01666,2026-04-02,SALE,INV-2604-1666,Rongai Home & Agro Supplies,Kiserian,M-Pesa Till,Retail,CUS-1081,,Plumbing,PVC Tee 20mm,2,89.45,0.01,178.9,177.11,53.84,107.68,69.43,,0,177.11,0,177.11,-0.0,0,-2,-107.68,,CN,0
TXN-01938,2026-06-21,EXPENSE,EXP-2606-1938,Rongai Home & Agro Supplies,Kiserian,Back Office,,,,,,0,0,0,0,0,0,0,0,Marketing,8833.98,0,8833.98,0,0,0,0,0,M-PESA,JK,0
TXN-01261,2025-12-14,CUSTOMER_PAYMENT,RCPT-2512-1261,Rongai Home & Agro Supplies,Ongata Rongai,Collections,Contractor,CUS-1031,,,,0,0,0,0,0,0,0,0,Customer Collection,0,19551.0,0,19551.0,19551.0,0,0,0,M-PESA,JK,0
TXN-02175,2026-08-28,SALE,INV-2608-2175,Rongai Home & Agro Supplies,Kiserian,Phone Order,Retail,CUS-1065,,Electrical,Switch 1 Gang,1,249.92,0.05,249.92,237.42,167.1,167.1,70.32,,0,237.42,0,237.42,-0.0,0,-1,-167.1,,CN,0
TXN-01497,2026-02-17,SALE,INV-2602-1497,Rongai Home & Agro Supplies,Kiserian,Walk-in,Retail,CUS-1141,,Building Materials,Cement 50kg,1,811.94,0.03,811.94,787.58,704.83,704.83,82.75,,0,787.58,0,787.58,-0.0,0,-1,-704.83,,ER,0
TXN-01930,2026-06-18,SALE,INV-2606-1930,Rongai Home & Agro Supplies,Kiserian,Phone Order,Farmer,CUS-1154,,Building Materials,Cement 50kg,9,774.55,0.03,6970.95,6761.82,723.02,6507.18,254.64,,0,6761.82,0,6761.82,-0.0,0,-9,-6507.18,,CN,0
TXN-00375,2025-04-15,SALE,INV-2504-0375,Rongai Home & Agro Supplies,Ongata Rongai,Walk-in,Contractor,CUS-1090,,Paints,20L Emulsion Paint,8,5391.76,0.0437,43134.08,41249.12,3967.91,31743.28,9505.84,,0,20624.56,0,20624.56,-20624.56,0,-8,-31743.28,,CN,0
TXN-01638,2026-03-26,SALE,INV-2603-1638,Rongai Home & Agro Supplies,Kiserian,M-Pesa Till,Farmer,CUS-1168,,Agro Inputs,DAP Fertilizer 50kg,2,5930.78,0,11861.56,11861.56,4689.1,9378.2,2483.36,,0,11861.56,0,11861.56,-0.0,0,-2,-9378.2,,CN,0
TXN-01216,2025-12-03,SALE,INV-2512-1216,Rongai Home & Agro Supplies,Kiserian,WhatsApp,Retail,CUS-1112,,Plumbing,Basin Tap Chrome,1,1365.45,0.05,1365.45,1297.18,969.06,969.06,328.12,,0,1297.18,0,1297.18,-0.0,0,-1,-969.06,,ER,0
TXN-00130,2025-02-06,SALE,INV-2502-0130,Rongai Home & Agro Supplies,Ongata Rongai,Walk-in,Retail,CUS-1149,,Paints,Paint Brush 4in,1,192.02,0.01,192.02,190.1,95.1,95.1,95.0,,0,190.1,0,190.1,-0.0,0,-1,-95.1,,DK,0
TXN-01070,2025-10-24,CUSTOMER_PAYMENT,RCPT-2510-1070,Rongai Home & Agro Supplies,Ongata Rongai,Collections,Contractor,CUS-1043,,,,0,0,0,0,0,0,0,0,Customer Collection,0,5368.0,0,5368.0,5368.0,0,0,0,M-PESA,JK,0
TXN-00200,2025-02-26,PURCHASE,GRN-2502-0200,Rongai Home & Agro Supplies,Ongata Rongai,Supplier,,,AgroLink Kenya,Building Materials,Cement 50kg,3,653.67,0,0,0,653.67,1961.01,0,Purchase,0,686.35,1274.66,0,0,0,3,1961.01,,JK,0
TXN-00259,2025-03-16,SALE,INV-2503-0259,Rongai Home & Agro Supplies,Ongata Rongai,WhatsApp,Institution,CUS-1082,,Agro Inputs,DAP Fertilizer 50kg,5,5435.34,0.0586,27176.7,25584.15,4401.16,22005.8,3578.35,,0,25584.15,0,25584.15,-0.0,0,-5,-22005.8,,BM,0
TXN-00680,2025-07-11,SALE,INV-2507-0680,Rongai Home & Agro Supplies,Kiserian,Phone Order,Contractor,CUS-1140,,Paints,Paint Brush 4in,11,169.71,0.0446,1866.81,1783.55,92.18,1013.98,769.57,,0,1783.55,0,1783.55,-0.0,0,-11,-1013.98,,BM,0
TXN-00079,2025-01-22,PURCHASE,GRN-2501-0079,Rongai Home & Agro Supplies,Kiserian,Supplier,,,Nairobi Electrical Mart,Agro Inputs,Maize Seed 2kg,16,441.8,0,0,0,441.8,7068.8,0,Purchase,0,5301.6,1767.2,0,0,0,16,7068.8,,DK,0
TXN-00010,2025-01-03,SALE,INV-2501-0010,Rongai Home & Agro Supplies,Ongata Rongai,Walk-in,Retail,CUS-1098,,Building Materials,Cement 50kg,1,777.42,0.08,777.42,715.23,656.98,656.98,58.25,,0,715.23,0,715.23,-0.0,0,-1,-656.98,,BM,0
TXN-02128,2026-08-14,PURCHASE,GRN-2608-2128,Rongai Home & Agro Supplies,Ongata Rongai,Supplier,,,Nairobi Electrical Mart,Paints,Gloss Paint 4L,3,1859.45,0,0,0,1859.45,5578.35,0,Purchase,0,4183.76,1394.59,0,0,0,3,5578.35,,BM,0
TXN-00695,2025-07-16,PURCHASE,GRN-2507-0695,Rongai Home & Agro Supplies,Ongata Rongai,Supplier,,,Nairobi Electrical Mart,Building Materials,Binding Wire 25kg,3,3213.44,0,0,0,3213.44,9640.32,0,Purchase,0,9640.32,0.0,0,0,0,3,9640.32,,CN,0
TXN-00679,11-07-2025,SALE,INV-2507-0679,Rongai Home & Agro Supplies,Ongata Rongai,Phone Order,Farmer,CUS-1133,,Plumbing,20mm PVC Pipe 6m,2,834.29,0.05,1668.58,1585.15,580.23,1160.46,424.69,,0,1585.15,0,1585.15,-0.0,0,-2,-1160.46,,AM,0
TXN-02248,2025-02-16,SUPPLIER_PAYMENT,SP-2502-2248,Rongai Home & Agro Supplies,Kiserian,Supplier,,,Nairobi Electrical Mart,,,0,0,0,0,0,0,0,0,Supplier Payment,0,0,32072.0,0,0,0,0,0,M-PESA,CN,0
TXN-01334,2026-01-01,SALE,INV-2601-1334,Rongai Home & Agro Supplies,Kiserian,Phone Order,Retail,CUS-1151,,Building Materials,2x2 Timber 12ft,4,539.06,0.01,2156.24,2134.68,381.85,1527.4,607.28,,0,2134.68,0,2134.68,-0.0,0,-4,-1527.4,,ER,0
TXN-01542,2026-03-02,SALE,INV-2603-1542,Rongai Home & Agro Supplies,Kiserian,WhatsApp,Reseller,CUS-1046,,Plumbing,25mm PVC Pipe 6m,8,1033.02,0.0603,8264.16,7765.83,824.83,6598.64,1167.19,,0,3882.91,0,3882.91,-3882.92,0,-8,-6598.64,,AM,0
TXN-00352,2025-04-09,SALE,INV-2504-0352,Rongai Home & Agro Supplies,Ongata Rongai,Walk-in,Farmer,CUS-1021,,Plumbing,PVC Elbow 20mm,19,80.22,0.01,1524.18,1508.94,44.9,853.1,655.84,,0,1508.94,0,1508.94,-0.0,0,-19,-853.1,,JK,0
TXN-01039,2025-10-16,SALE,INV-2510-1039,Rongai Home & Agro Supplies,Ongata Rongai,Phone Order,Retail,CUS-1177,,Hardware,Spade Steel,1,1331.5,0,1331.5,1331.5,776.32,776.32,555.18,,0,1331.5,0,1331.5,-0.0,0,-1,-776.32,,ER,0
TXN-00883,2025-09-06,SALE,INV-2509-0883,Rongai Home & Agro Supplies,Ongata Rongai,Walk-in,Retail,CUS-1038,,Agro Inputs,Maize Seed 2kg,1,614.95,0.02,614.95,602.65,452.55,452.55,150.1,,0,602.65,0,602.65,-0.0,0,-1,-452.55,,DK,0
TXN-00929,2025-09-18,SALE,INV-2509-0929,Rongai Home & Agro Supplies,Ongata Rongai,M-Pesa Till,Contractor,CUS-1031,,Plumbing,25mm PVC Pipe 6m,4,1025.99,0.0339,4103.96,3964.84,767.7,3070.8,894.04,,0,3964.84,0,3964.84,-0.0,0,-4,-3070.8,,CN,0
TXN-01248,2025-12-11,SALE,INV-2512-1248,Rongai Home & Agro Supplies,Kiserian,M-Pesa Till,Retail,CUS-1077,,Hardware,Padlock 50mm,4,718.81,0.08,2875.24,2645.22,409.53,1638.12,1007.1,,0,2645.22,0,2645.22,-0.0,0,-4,-1638.12,,DK,0
TXN-00550,2025-06-03,SALE,INV-2506-0550,Rongai Home & Agro Supplies,Ongata Rongai,M-Pesa Till,Farmer,CUS-1122,,Paints,Paint Brush 4in,2,192.11,0.03,384.22,372.69,96.21,192.42,180.27,,0,372.69,0,372.69,-0.0,0,-2,-192.42,,AM,0
TXN-00103,2025-01-30,EXPENSE,EXP-2501-0103,Rongai Home & Agro Supplies,Kiserian,Back Office,,,,,,0,0,0,0,0,0,0,0,Rent,50000,0,50000,0,0,0,0,0,Bank Transfer,CN,0
TXN-02115,2026-08-11,SALE,INV-2608-2115,Rongai Home & Agro Supplies,Kiserian,WhatsApp,Reseller,CUS-1136,,Plumbing,25mm PVC Pipe 6m,5,1031.28,0.0394,5156.4,4953.24,815.07,4075.35,877.89,,0,4953.24,0,4953.24,-0.0,0,-5,-4075.35,,JK,0
TXN-00605,2025-06-20,SALE,INV-2506-0605,Rongai Home & Agro Supplies,Ongata Rongai,WhatsApp,Reseller,CUS-1004,,Agro Inputs,DAP Fertilizer 50kg,3,5709.82,0.0475,17129.46,16315.81,4241.23,12723.69,3592.12,,0,8157.9,0,8157.9,-8157.91,0,-3,-12723.69,,ER,0
TXN-01124,2025-11-07,SALE,INV-2511-1124,Rongai Home & Agro Supplies,Kiserian,M-Pesa Till,Retail,CUS-1160,,Animal Feeds,Dairy Meal 25kg,1,2506.0,0.03,2506.0,2430.82,2056.16,2056.16,374.66,,0,2430.82,0,2430.82,-0.0,0,-1,-2056.16,,DK,0
TXN-00310,2025-03-31,SALE,INV-2503-0310,Rongai Home & Agro Supplies,Kiserian,Phone Order,Contractor,CUS-1066,,Hardware,Wheelbarrow Heavy Duty,14,7557.17,0.0764,105800.38,97717.23,5403.62,75650.68,22066.55,,0,97717.23,0,97717.23,-0.0,0,-14,-75650.68,,AM,0
TXN-01146,2025-11-15,SALE,INV-2511-1146,Rongai Home & Agro Supplies,Kiserian,Credit Customer,Contractor,CUS-1024,,Plumbing,25mm PVC Pipe 6m,9,1059.9,0.0671,9539.1,8899.03,772.23,6950.07,1948.96,,0,2224.76,0,2224.76,-6674.27,0,-9,-6950.07,,AM,0
TXN-01593,2026-03-15,SALE,INV-2603-1593,Rongai Home & Agro Supplies,Ongata Rongai,WhatsApp,Retail,CUS-1165,,Electrical,Socket 13A,1,419.77,0.02,419.77,411.37,241.52,241.52,169.85,,0,411.37,0,411.37,-0.0,0,-1,-241.52,,JK,0
TXN-00815,2025-08-18,EXPENSE,EXP-2508-0815,Rongai Home & Agro Supplies,Ongata Rongai,Back Office,,,,,,0,0,0,0,0,0,0,0,Security,10463,0,10463,0,0,0,0,0,Bank Transfer,CN,0
TXN-01206,2025-12-01,SALE,INV-2512-1206,Rongai Home & Agro Supplies,Ongata Rongai,WhatsApp,Institution,CUS-1113,,Electrical,Switch 1 Gang,13,250.97,0.0406,3262.61,3130.15,143.09,1860.17,1269.98,,0,3130.15,0,3130.15,-0.0,0,-13,-1860.17,,DK,0
TXN-00094,2025-01-28,SALE,INV-2501-0094,Rongai Home & Agro Supplies,Kiserian,Phone Order,Retail,CUS-1006,,Electrical,Socket 13A,3,411.58,0.05,1234.74,1173.0,225.45,676.35,496.65,,0,1173.0,0,1173.0,-0.0,0,-3,-676.35,,BM,0
TXN-00095,2025-01-29,SALE,INV-2501-0095,Rongai Home & Agro Supplies,Ongata Rongai,M-Pesa Till,Contractor,CUS-1163,,Household,Jerrycan 20L,7,828.57,0.0466,5799.99,5529.71,497.87,3485.09,2044.62,,0,5529.71,0,5529.71,-0.0,0,-7,-3485.09,,DK,0
TXN-02247,2025-07-14,SUPPLIER_PAYMENT,SP-2507-2247,Rongai Home & Agro Supplies,Ongata Rongai,Supplier,,,Nairobi Electrical Mart,,,0,0,0,0,0,0,0,0,Supplier Payment,0,0,8984.0,0,0,0,0,0,M-PESA,BM,0
TXN-01105,2025-11-03,SALE,INV-2511-1105,Rongai Home & Agro Supplies,Ongata Rongai,Walk-in,Institution,CUS-1131,,Building Materials,Cement 50kg,14,815.56,0.0235,11417.84,11149.52,659.51,9233.14,1916.38,,0,5574.76,0,5574.76,-5574.76,0,-14,-9233.14,,CN,0
TXN-01604,2026-03-18,SALE,INV-2603-1604,Rongai Home & Agro Supplies,Ongata Rongai,Phone Order,Institution,CUS-1139,,Agro Inputs,DAP Fertilizer 50kg,4,5427.56,0.0681,21710.24,20231.77,4619.68,18478.72,1753.05,,0,0.0,0,0.0,-20231.77,0,-4,-18478.72,,DK,0
TXN-00370,2025-04-14,SALE,INV-2504-0370,Rongai Home & Agro Supplies,Ongata Rongai,Walk-in,Farmer,CUS-1020,,Building Materials,Galvanized Roofing Sheet 3m,4,1136.12,0,4544.48,4544.48,895.7,3582.8,961.68,,0,4544.48,0,4544.48,-0.0,0,-4,-3582.8,,JK,0
TXN-02153,2026-08-22,SALE,INV-2608-2153,Rongai Home & Agro Supplies,Ongata Rongai,Phone Order,Contractor,CUS-1033,,Plumbing,PVC Elbow 20mm,11,78.99,0.0547,868.89,821.36,47.3,520.3,301.06,,0,0.0,0,0.0,-821.36,0,-11,-520.3,,ER,0
TXN-02219,2025-03-01,SUPPLIER_PAYMENT,SP-2503-2219,Rongai Home & Agro Supplies,Kiserian,Supplier,,,Nairobi Electrical Mart,,,0,0,0,0,0,0,0,0,Supplier Payment,0,0,58398.0,0,0,0,0,0,Bank Transfer,JK,0
TXN-00097,2025-01-29,SALE,INV-2501-0097,Rongai Home & Agro Supplies,Kiserian,WhatsApp,Contractor,CUS-1108,,Plumbing,PVC Elbow 20mm,3,77.64,0.0471,232.92,221.95,42.29,126.87,95.08,,0,221.95,0,221.95,-0.0,0,-3,-126.87,,CN,0
TXN-00416,2025-04-25,SALE,INV-2504-0416,Rongai Home & Agro Supplies,Ongata Rongai,WhatsApp,Contractor,CUS-1064,,Building Materials,Cement 50kg,11,802.61,0.0309,8828.71,8555.9,638.42,7022.62,1533.28,,0,8555.9,0,8555.9,-0.0,0,-11,-7022.62,,JK,0
TXN-01855,2026-05-27,SALE,INV-2605-1855,Rongai Home & Agro Supplies,Ongata Rongai,Walk-in,Contractor,CUS-1082,,Building Materials,Cement 50kg,6,769.82,0.1069,4618.92,4125.16,735.95,4415.7,-290.54,,0,0.0,0,0.0,-4125.16,0,-6,-4415.7,,ER,0
TXN-00790,2025-08-12,SALE,INV-2508-0790,Rongai Home & Agro Supplies,Ongata Rongai,WhatsApp,Retail,CUS-1127,,Paints,Gloss Paint 4L,1,2456.43,0,2456.43,2456.43,1709.93,1709.93,746.5,,0,2456.43,0,2456.43,-0.0,0,-1,-1709.93,,ER,0
TXN-01173,2025-11-21,PURCHASE,GRN-2511-1173,Rongai Home & Agro Supplies,Ongata Rongai,Supplier,,,Eastlands Hardware Wholesalers,Hardware,Panga,7,565.67,0,0,0,565.67,3959.69,0,Purchase,0,1979.85,1979.84,0,0,0,7,3959.69,,JK,0
TXN-00401,2025-04-22,SALE,INV-2504-0401,Rongai Home & Agro Supplies,Kiserian,Phone Order,Institution,CUS-1121,,Agro Inputs,Knapsack Sprayer 20L,3,5060.31,0.0493,15180.93,14432.51,3206.84,9620.52,4811.99,,0,14432.51,0,14432.51,-0.0,0,-3,-9620.52,,AM,0
TXN-00896,2025-09-10,SALE,INV-2509-0896,Rongai Home & Agro Supplies,Kiserian,Phone Order,Retail,CUS-1096,,Hardware,Padlock 50mm,1,687.69,0.08,687.69,632.67,417.21,417.21,215.46,,0,632.67,0,632.67,-0.0,0,-1,-417.21,,CN,0
TXN-01727,2026-04-18,SALE,INV-2604-1727,Rongai Home & Agro Supplies,,Phone Order,Retail,CUS-1153,,Hardware,Hammer 16oz,1,899.52,0,899.52,899.52,585.4,585.4,314.12,,0,899.52,0,899.52,-0.0,0,-1,-585.4,,DK,0
TXN-01114,2025-11-05,SALE,INV-2511-1114,Rongai Home & Agro Supplies,Ongata Rongai,Walk-in,Retail,CUS-1014,,Agro Inputs,Maize Seed 2kg,3,611.86,0.01,1835.58,1817.22,458.91,1376.73,440.49,,0,1817.22,0,1817.22,-0.0,0,-3,-1376.73,,CN,0
TXN-00338,2025-04-06,SALE,INV-2504-0338,Rongai Home & Agro Supplies,Kiserian,M-Pesa Till,Farmer,CUS-1022,,Hardware,Padlock 50mm,2,675.75,0.03,1351.5,1310.95,422.21,844.42,466.53,,0,1310.95,0,1310.95,-0.0,0,-2,-844.42,,AM,0
TXN-00272,2025-03-21,SALE,INV-2503-0272,Rongai Home & Agro Supplies,Kiserian,Phone Order,Farmer,CUS-1056,,Paints,Paint Brush 4in,1,187.35,0.05,187.35,177.98,97.88,97.88,80.1,,0,177.98,0,177.98,-0.0,0,-1,-97.88,,BM,0
TXN-01132,2025-11-11,SALE,INV-2511-1132,Rongai Home & Agro Supplies,Ongata Rongai,Walk-in,Reseller,CUS-1051,,Plumbing,PVC Elbow 20mm,13,76.59,0.0251,995.67,970.68,42.29,549.77,420.91,,0,242.67,0,242.67,-728.01,0,-13,-549.77,,ER,0
TXN-01045,2025-10-18,SALE,INV-2510-1045,Rongai Home & Agro Supplies,Kiserian,Phone Order,Farmer,CUS-1074,,Plumbing,PVC Elbow 20mm,1,79.91,0,79.91,79.91,44.47,44.47,35.44,,0,79.91,0,79.91,-0.0,0,-1,-44.47,,DK,0
TXN-01957,2026-06-26,SALE,INV-2606-1957,Rongai Home & Agro Supplies,Kiserian,Walk-in,Farmer,CUS-1126,,Agro Inputs,DAP Fertilizer 50kg,13,6032.99,0.01,78428.87,77644.58,4605.27,59868.51,17776.07,,0,77644.58,0,77644.58,-0.0,0,-13,-59868.51,,CN,0
TXN-01659,2026-04-01,SALE,INV-2604-1659,Rongai Home & Agro Supplies,Kiserian,Phone Order,Contractor,CUS-1025,,Electrical,Switch 1 Gang,12,265.36,0.0506,3184.32,3023.19,154.86,1858.32,1164.87,,0,0.0,0,0.0,-3023.19,0,-12,-1858.32,,AM,0
TXN-00602,2025-06-19,SALE,INV-2506-0602,Rongai Home & Agro Supplies,Kiserian,WhatsApp,Farmer,CUS-1143,,Animal Feeds,Chicken Feed 10kg,2,921.35,0.03,1842.7,1787.42,760.51,1521.02,266.4,,0,1787.42,0,1787.42,-0.0,0,-2,-1521.02,,BM,0
TXN-00630,2025-06-27,SALE,INV-2506-0630,Rongai Home & Agro Supplies,Kiserian,Phone Order,Retail,CUS-1061,,Building Materials,Binding Wire 25kg,2,4459.11,0,8918.22,8918.22,3441.65,6883.3,2034.92,,0,8918.22,0,8918.22,-0.0,0,-2,-6883.3,,AM,0
TXN-01059,22/10/2025,SALE,INV-2510-1059,Rongai Home & Agro Supplies,Ongata Rongai,Phone Order,Institution,CUS-1074,,Agro Inputs,Knapsack Sprayer 20L,9,5014.22,0.0401,45127.98,43318.35,3397.85,30580.65,12737.7,,0,17327.34,0,17327.34,-25991.01,0,-9,-30580.65,,AM,0
TXN-01790,2026-05-06,SALE,INV-2605-1790,Rongai Home & Agro Supplies,Kiserian,WhatsApp,Retail,CUS-1167,,Plumbing,20mm PVC Pipe 6m,7,788.87,0.01,5522.09,5466.87,661.52,4630.64,836.23,,0,5466.87,0,5466.87,-0.0,0,-7,-4630.64,,ER,0
TXN-01576,2026-03-11,SALE,INV-2603-1576,Rongai Home & Agro Supplies,Kiserian,Walk-in,Retail,CUS-1081,,Paints,Paint Brush 4in,1,193.31,0.03,193.31,187.51,102.83,102.83,84.68,,0,187.51,0,187.51,-0.0,0,-1,-102.83,,CN,0
TXN-00251,2025-03-13,SALE,INV-2503-0251,Rongai Home & Agro Supplies,Kiserian,Walk-in,Farmer,CUS-1021,,Building Materials,Cement 50kg,2,755.94,0.02,1511.88,1481.64,670.1,1340.2,141.44,,0,1481.64,0,1481.64,-0.0,0,-2,-1340.2,,BM,0
TXN-00001,2025-01-01,SALE,INV-2501-0001,Rongai Home & Agro Supplies,Ongata Rongai,Walk-in,Retail,CUS-1058,,Building Materials,Cement 50kg,9,787.1,0,7083.9,7083.9,672.33,6050.97,1032.93,,0,7083.9,0,7083.9,-0.0,0,-9,-6050.97,,JK,0
TXN-02222,2025-10-02,SUPPLIER_PAYMENT,SP-2510-2222,Rongai Home & Agro Supplies,Kiserian,Supplier,,,Mara Distributors,,,0,0,0,0,0,0,0,0,Supplier Payment,0,0,28838.0,0,0,0,0,0,Cash,DK,0
TXN-01009,2025-10-08,EXPENSE,EXP-2510-1009,Rongai Home & Agro Supplies,Kiserian,Back Office,,,,,,0,0,0,0,0,0,0,0,Rent,52000,0,52000,0,0,0,0,0,Cash,ER,0
TXN-00640,2025-06-30,SALE,INV-2506-0640,Rongai Home & Agro Supplies,Ongata Rongai,M-Pesa Till,Retail,CUS-1181,,Plumbing,20mm PVC Pipe 6m,1,779.19,0.03,779.19,755.81,573.7,573.7,182.11,,0,755.81,0,755.81,-0.0,0,-1,-573.7,,JK,0
TXN-01904,2026-06-10,SALE,INV-2606-1904,Rongai Home & Agro Supplies,Ongata Rongai,Phone Order,Retail,CUS-1082,,Plumbing,PVC Tee 20mm,1,82.38,0,82.38,82.38,54.98,54.98,27.4,,0,82.38,0,82.38,-0.0,0,-1,-54.98,,ER,0
TXN-01780,2026-05-02,EXPENSE,EXP-2605-1780,Rongai Home & Agro Supplies,Kiserian,Back Office,,,,,,0,0,0,0,0,0,0,0,Electricity,9153.93,0,9153.93,0,0,0,0,0,M-PESA,BM,0
TXN-00104,2025-01-31,SALE,INV-2501-0104,Rongai Home & Agro Supplies,Ongata Rongai,WhatsApp,Farmer,CUS-1050,,Building Materials,Galvanized Roofing Sheet 3m,2,1161.0,0.08,2322.0,2136.24,927.43,1854.86,281.38,,0,2136.24,0,2136.24,-0.0,0,-2,-1854.86,,ER,0
TXN-00656,2025-07-04,SALE,INV-2507-0656,Rongai Home & Agro Supplies,Ongata Rongai,Walk-in,Farmer,CUS-1064,,Plumbing,20mm PVC Pipe 6m,1,796.66,0.03,796.66,772.76,599.8,599.8,172.96,,0,772.76,0,772.76,-0.0,0,-1,-599.8,,CN,1
TXN-01724,2026-04-17,SALE,INV-2604-1724,Rongai Home & Agro Supplies,Ongata Rongai,M-Pesa Till,Institution,CUS-1108,,Electrical,LED Bulb 12W,13,302.08,0.0273,3927.04,3819.83,171.29,2226.77,1593.06,,0,3819.83,0,3819.83,-0.0,0,-13,-2226.77,,CN,0
TXN-01038,2025-10-16,SALE,INV-2510-1038,Rongai Home & Agro Supplies,Kiserian,WhatsApp,Retail,CUS-1032,,Hardware,Hammer 16oz,1,850.16,0.01,850.16,841.66,502.7,502.7,338.96,,0,841.66,0,841.66,-0.0,0,-1,-502.7,,CN,0
TXN-00673,2025-07-09,PURCHASE,GRN-2507-0673,Rongai Home & Agro Supplies,Ongata Rongai,Supplier,,,Nairobi Electrical Mart,Plumbing,PVC Elbow 20mm,7,41.86,0,0,0,41.86,293.02,0,Purchase,0,293.02,0.0,0,0,0,7,293.02,,BM,0
TXN-01859,2026-05-28,SALE,INV-2605-1859,Rongai Home & Agro Supplies,Kiserian,M-Pesa Till,Retail,CUS-1165,,Building Materials,2x2 Timber 12ft,5,548.96,0.01,2744.8,2717.35,419.19,2095.95,621.4,,0,2717.35,0,2717.35,-0.0,0,-5,-2095.95,,AM,0
TXN-01581,2026-03-13,SALE,INV-2603-1581,Rongai Home & Agro Supplies,Ongata Rongai,WhatsApp,Retail,CUS-1050,,Plumbing,PVC Tee 20mm,6,86.26,0.01,517.56,512.38,49.21,295.26,217.12,,0,512.38,0,512.38,-0.0,0,-6,-295.26,,BM,0
TXN-00057,2025-01-17,SALE,INV-2501-0057,Rongai Home & Agro Supplies,Ongata Rongai,M-Pesa Till,Institution,CUS-1060,,Plumbing,PVC Elbow 20mm,3,80.58,0.0275,241.74,235.09,44.04,132.12,102.97,,0,235.09,0,235.09,-0.0,0,-3,-132.12,,JK,0
TXN-01109,2025-11-04,SALE,INV-2511-1109,Rongai Home & Agro Supplies,Ongata Rongai,Phone Order,Retail,CUS-1059,,Agro Inputs,CAN Fertilizer 50kg,1,5404.86,0.03,5404.86,5242.71,3980.56,3980.56,1262.15,,0,5242.71,0,5242.71,-0.0,0,-1,-3980.56,,JK,0
TXN-01518,2026-02-23,SALE,INV-2602-1518,Rongai Home & Agro Supplies,Kiserian,WhatsApp,Institution,CUS-1035,,Plumbing,PVC Tee 20mm,10,87.51,0.0287,875.1,849.98,50.67,506.7,343.28,,0,849.98,0,849.98,-0.0,0,-10,-506.7,,JK,0
TXN-01645,2026-03-27,PURCHASE,GRN-2603-1645,Rongai Home & Agro Supplies,Kiserian,Supplier,,,Eastlands Hardware Wholesalers,Electrical,Switch 1 Gang,3,153.84,0,0,0,153.84,461.52,0,Purchase,0,161.53,299.99,0,0,0,3,461.52,,BM,0
TXN-01335,2026-01-01,SALE,INV-2601-1335,Rongai Home & Agro Supplies,Kiserian,M-Pesa Till,Farmer,CUS-1090,,Agro Inputs,Maize Seed 2kg,1,663.4,0,663.4,663.4,484.52,484.52,178.88,,0,663.4,0,663.4,-0.0,0,-1,-484.52,,ER,0
TXN-00996,2025-10-06,SALE,INV-2510-0996,Rongai Home & Agro Supplies,Kiserian,WhatsApp,Reseller,CUS-1100,,Plumbing,PVC Elbow 20mm,4,70.82,0.0352,283.28,273.31,43.35,173.4,99.91,,0,273.31,0,273.31,-0.0,0,-4,-173.4,,BM,1
TXN-00517,2025-05-24,SALE,INV-2505-0517,Rongai Home & Agro Supplies,Ongata Rongai,WhatsApp,Institution,CUS-1146,,Building Materials,Cement 50kg,6,812.13,0.0722,4872.78,4520.97,652.15,3912.9,608.07,,0,1130.24,0,1130.24,-3390.73,0,-6,-3912.9,,DK,0
TXN-01276,2025-12-17,CUSTOMER_PAYMENT,RCPT-2512-1276,Rongai Home & Agro Supplies,Ongata Rongai,Collections,Contractor,CUS-1099,,,,0,0,0,0,0,0,0,0,Customer Collection,0,11251.0,0,11251.0,11251.0,0,0,0,Bank Transfer,AM,0
TXN-01950,2026-06-24,SALE,INV-2606-1950,Rongai Home & Agro Supplies,Ongata Rongai,Walk-in,Retail,CUS-1180,,Agro Inputs,Foliar Feed 1L,1,980.25,0.05,980.25,931.24,673.61,673.61,257.63,,0,931.24,0,931.24,-0.0,0,-1,-673.61,,CN,0
TXN-00041,2025-01-13,SALE,INV-2501-0041,Rongai Home & Agro Supplies,Ongata Rongai,M-Pesa Till,Retail,CUS-1151,,,Galvanized Roofing Sheet 3m,1,1268.23,0.03,1268.23,1230.18,909.78,909.78,320.4,,0,1230.18,0,1230.18,-0.0,0,-1,-909.78,,BM,0
TXN-01942,2026-06-22,SALE,INV-2606-1942,Rongai Home & Agro Supplies,Ongata Rongai,Phone Order,Retail,CUS-1069,,Electrical,Socket 13A,6,412.03,0,2472.18,2472.18,236.7,1420.2,1051.98,,0,2472.18,0,2472.18,-0.0,0,-6,-1420.2,,JK,0
TXN-00650,2025-07-02,PURCHASE,GRN-2507-0650,Rongai Home & Agro Supplies,Kiserian,Supplier,,,Rift Valley Cement Depot,Building Materials,Cement 50kg,28,630.4,0,0,0,630.4,17651.2,0,Purchase,0,13238.4,4412.8,0,0,0,28,17651.2,,DK,0
TXN-00047,2025-01-15,SALE,INV-2501-0047,Rongai Home & Agro Supplies,Ongata Rongai,M-Pesa Till,Farmer,CUS-1058,,Plumbing,PVC Tee 20mm,1,84.51,0,84.51,84.51,47.79,47.79,36.72,,0,84.51,0,84.51,-0.0,0,-1,-47.79,,JK,0
TXN-01602,2026-03-17,SALE,INV-2603-1602,Rongai Home & Agro Supplies,Ongata Rongai,Phone Order,Retail,CUS-1145,,Building Materials,Cement 50kg,3,765.92,0.03,2297.76,2228.83,716.08,2148.24,80.59,,0,2228.83,0,2228.83,-0.0,0,-3,-2148.24,,ER,0
TXN-00321,2025-04-02,SALE,INV-2504-0321,Rongai Home & Agro Supplies,Kiserian,Walk-in,Retail,CUS-1028,,Plumbing,PVC Tee 20mm,1,83.44,0.02,83.44,81.77,47.47,47.47,34.3,,0,81.77,0,81.77,-0.0,0,-1,-47.47,,ER,0
TXN-00629,2025-06-26,SALE,INV-2506-0629,Rongai Home & Agro Supplies,Kiserian,WhatsApp,Contractor,CUS-1035,,Plumbing,PVC Elbow 20mm,6,80.46,0.0725,482.76,447.76,41.91,251.46,196.3,,0,447.76,0,447.76,-0.0,0,-6,-251.46,,JK,0
TXN-02123,13/08/2026,SALE,INV-2608-2123,Rongai Home & Agro Supplies,Kiserian,Phone Order,Contractor,CUS-1090,,Building Materials,2x2 Timber 12ft,8,527.25,0.0858,4218.0,3856.1,413.87,3310.96,545.14,,0,1928.05,0,1928.05,-1928.05,0,-8,-3310.96,,AM,0
TXN-01834,2026-05-19,EXPENSE,EXP-2605-1834,Rongai Home & Agro Supplies,Ongata Rongai,Back Office,,,,,,0,0,0,0,0,0,0,0,Miscellaneous,8101.79,0,8101.79,0,0,0,0,0,Bank Transfer,DK,0
TXN-01227,2025-12-05,PURCHASE,GRN-2512-1227,Rongai Home & Agro Supplies,Kiserian,Supplier,,,Nairobi Electrical Mart,Plumbing,PVC Tee 20mm,20,46.58,0,0,0,46.58,931.6,0,Purchase,0,698.7,232.9,0,0,0,20,931.6,,BM,0
TXN-01346,2026-01-04,EXPENSE,EXP-2601-1346,Rongai Home & Agro Supplies,Kiserian,Back Office,,,,,,0,0,0,0,0,0,0,0,Staff Salaries,68540,0,68540,0,0,0,0,0,M-PESA,CN,0
TXN-00368,2025-04-13,EXPENSE,EXP-2504-0368,Rongai Home & Agro Supplies,Kiserian,Back Office,,,,,,0,0,0,0,0,0,0,0,Repairs,10770,0,10770,0,0,0,0,0,M-PESA,ER,0
TXN-02079,2026-07-31,PURCHASE,GRN-2607-2079,Rongai Home & Agro Supplies,Ongata Rongai,Supplier,,,Nairobi Electrical Mart,Building Materials,Cement 50kg,73,696.2,0,0,0,696.2,50822.6,0,Purchase,0,17787.91,33034.69,0,0,0,73,50822.6,,AM,0
TXN-01262,2025-12-15,SALE,INV-2512-1262,Rongai Home & Agro Supplies,Ongata Rongai,M-Pesa Till,Retail,CUS-1065,,Electrical,Socket 13A,1,383.58,0.08,383.58,352.89,230.93,230.93,121.96,,0,352.89,0,352.89,-0.0,0,-1,-230.93,,AM,0
TXN-02159,2026-08-24,PURCHASE,GRN-2608-2159,Rongai Home & Agro Supplies,Ongata Rongai,Supplier,,,AgroLink Kenya,Building Materials,Cement 50kg,54,724.54,0,0,0,724.54,39125.16,0,Purchase,0,29343.87,9781.29,0,0,0,54,39125.16,,DK,0
TXN-01450,2026-02-03,SALE,INV-2602-1450,Rongai Home & Agro Supplies,Kiserian,Walk-in,Retail,CUS-1125,,Building Materials,Galvanized Roofing Sheet 3m,1,1190.11,0.01,1190.11,1178.21,965.34,965.34,212.87,,0,1178.21,0,1178.21,-0.0,0,-1,-965.34,,JK,0
TXN-00071,2025-01-20,SALE,INV-2501-0071,Rongai Home & Agro Supplies,Kiserian,Walk-in,Retail,CUS-1045,,Electrical,Switch 1 Gang,3,257.85,0.01,773.55,765.81,152.13,456.39,309.42,,0,765.81,0,765.81,-0.0,0,-3,-456.39,,DK,0
TXN-00982,2025-10-02,SALE,INV-2510-0982,Rongai Home & Agro Supplies,Kiserian,M-Pesa Till,Farmer,CUS-1106,,Hardware,Panga,4,972.74,0,3890.96,3890.96,568.57,2274.28,1616.68,,0,3890.96,0,3890.96,-0.0,0,-4,-2274.28,,AM,0
TXN-01663,2026-04-02,REFUND,REF-2604-1663,Rongai Home & Agro Supplies,Ongata Rongai,Counter,Retail,CUS-1014,,Building Materials,Cement 50kg,-1,742.24,0,0,675.6,729.99,0,-675.6,Customer Refund,675.6,0,675.6,0,0,675.6,0,0,refund,BM,0
TXN-00003,2025-01-01,SALE,INV-2501-0003,Rongai Home & Agro Supplies,Kiserian,Phone Order,Farmer,CUS-1176,,Animal Feeds,Dairy Meal 25kg,3,2600.52,0,7801.56,7801.56,2039.63,6118.89,1682.67,,0,7801.56,0,7801.56,-0.0,0,-3,-6118.89,,AM,0
TXN-02096,2026-08-05,PURCHASE,GRN-2608-2096,Rongai Home & Agro Supplies,Ongata Rongai,Supplier,,,Rift Valley Cement Depot,Paints,20L Emulsion Paint,3,4247.03,0,0,0,4247.03,12741.09,0,Purchase,0,6370.55,6370.54,0,0,0,3,12741.09,,AM,0
TXN-00402,2025-04-22,SALE,INV-2504-0402,Rongai Home & Agro Supplies,Kiserian,M-Pesa Till,Retail,CUS-1173,,Building Materials,Cement 50kg,5,774.74,0.01,3873.7,3834.96,671.42,3357.1,477.86,,0,3834.96,0,3834.96,-0.0,0,-5,-3357.1,,DK,0
TXN-01553,2026-03-04,EXPENSE,EXP-2603-1553,Rongai Home & Agro Supplies,Ongata Rongai,Back Office,,,,,,0,0,0,0,0,0,0,0,Security,8716,0,8716,0,0,0,0,0,Bank Transfer,DK,0
TXN-02009,2026-07-11,SALE,INV-2607-2009,Rongai Home & Agro Supplies,Kiserian,WhatsApp,Retail,CUS-1130,,Paints,Paint Brush 4in,1,189.46,0.03,189.46,183.78,104.2,104.2,79.58,,0,183.78,0,183.78,-0.0,0,-1,-104.2,,DK,0
TXN-01818,2026-05-15,SALE,INV-2605-1818,Rongai Home & Agro Supplies,Ongata Rongai,M-Pesa Till,Retail,CUS-1121,,Electrical,Switch 1 Gang,1,259.78,0.01,259.78,257.18,162.45,162.45,94.73,,0,257.18,0,257.18,-0.0,0,-1,-162.45,,AM,0
TXN-01332,2025-12-31,SALE,INV-2512-1332,Rongai Home & Agro Supplies,Kiserian,Phone Order,Farmer,CUS-1164,,Building Materials,Galvanized Roofing Sheet 3m,1,1144.55,0.03,1144.55,1110.21,889.53,889.53,220.68,,0,1110.21,0,1110.21,-0.0,0,-1,-889.53,,DK,0
TXN-01869,2026-05-30,SALE,INV-2605-1869,Rongai Home & Agro Supplies,Kiserian,M-Pesa Till,Retail,CUS-1129,,Building Materials,Cement 50kg,6,764.12,0,4584.72,4584.72,743.49,4460.94,123.78,,0,4584.72,0,4584.72,-0.0,0,-6,-4460.94,,JK,0
TXN-01423,2026-01-26,SALE,INV-2601-1423,Rongai Home & Agro Supplies,Kiserian,WhatsApp,Retail,CUS-1126,,Agro Inputs,Maize Seed 2kg,0,588.92,0,5889.2,5889.2,449.51,4495.1,1394.1,,0,5889.2,0,5889.2,-0.0,0,-10,-4495.1,,CN,0
TXN-01922,2026-06-16,SALE,INV-2606-1922,Rongai Home & Agro Supplies,Kiserian,Walk-in,Retail,CUS-1105,,Animal Feeds,Chicken Feed 10kg,2,988.14,0.05,1976.28,1877.47,874.86,1749.72,127.75,,0,1877.47,0,1877.47,-0.0,0,-2,-1749.72,,CN,0
TXN-02197,2025-02-20,STOCK_ADJUSTMENT,ADJ-2502-2197,Rongai Home & Agro Supplies,Kiserian,Stock Count,,,,Electrical,Socket 13A,5,0,0,0,0,0,0,0,Stock Adjustment,0,0,0,0,0,0,5,1100,Manual count variance,DK,0
TXN-00186,2025-02-24,SALE,INV-2502-0186,Rongai Home & Agro Supplies,Ongata Rongai,WhatsApp,Retail,CUS-1102,,Electrical,LED Bulb 12W,1,291.99,0.01,291.99,289.07,161.59,161.59,127.48,,0,289.07,0,289.07,-0.0,0,-1,-161.59,,AM,1
TXN-00687,14-07-2025,SALE,INV-2507-0687,Rongai Home & Agro Supplies,Ongata Rongai,WhatsApp,Institution,CUS-1141,,Electrical,Socket 13A,11,373.3,0.0549,4106.3,3880.86,222.33,2445.63,1435.23,,0,1552.34,0,1552.34,-2328.52,0,-11,-2445.63,,DK,0
TXN-00859,2025-08-30,SALE,INV-2508-0859,Rongai Home & Agro Supplies,Kiserian,Phone Order,Contractor,CUS-1040,,Plumbing,25mm PVC Pipe 6m,10,1089.09,0.0326,10890.9,10535.86,747.43,7474.3,3061.56,,0,4214.34,0,4214.34,-6321.52,0,-10,-7474.3,,CN,0
TXN-02114,2026-08-11,SALE,INV-2608-2114,Rongai Home & Agro Supplies,Kiserian,WhatsApp,Reseller,CUS-1059,,Plumbing,20mm PVC Pipe 6m,8,786.7,0.0508,6293.6,5973.89,654.31,5234.48,739.41,,0,5973.89,0,5973.89,-0.0,0,-8,-5234.48,,JK,0
TXN-00434,2025-04-29,EXPENSE,EXP-2504-0434,Rongai Home & Agro Supplies,Kiserian,Back Office,,,,,,0,0,0,0,0,0,0,0,Miscellaneous,4894,0,4894,0,0,0,0,0,M-PESA,BM,0
TXN-01620,2026-03-21,SALE,INV-2603-1620,Rongai Home & Agro Supplies,Kiserian,Phone Order,Farmer,CUS-1068,,Building Materials,2x2 Timber 12ft,1,504.71,0.01,504.71,499.66,395.31,395.31,104.35,,0,499.66,0,499.66,-0.0,0,-1,-395.31,,ER,0
TXN-00747,2025-07-31,EXPENSE,EXP-2507-0747,Rongai Home & Agro Supplies,Kiserian,Back Office,,,,,,0,0,0,0,0,0,0,0,Security,8590,0,8590,0,0,0,0,0,Bank Transfer,AM,0
TXN-00106,2025-01-31,SALE,INV-2501-0106,Rongai Home & Agro Supplies,Ongata Rongai,Phone Order,Retail,CUS-1046,,Electrical,Switch 1 Gang,1,248.78,0.02,248.78,243.8,144.26,144.26,99.54,,0,243.8,0,243.8,-0.0,0,-1,-144.26,,JK,0
TXN-01679,2026-04-06,CUSTOMER_PAYMENT,RCPT-2604-1679,Rongai Home & Agro Supplies,Kiserian,Collections,Contractor,CUS-1015,,,,0,0,0,0,0,0,0,0,Customer Collection,0,5001.0,0,5001.0,5001.0,0,0,0,M-PESA,AM,0
TXN-00744,2025-07-30,CUSTOMER_PAYMENT,RCPT-2507-0744,Rongai Home & Agro Supplies,Ongata Rongai,Collections,Contractor,CUS-1084,,,,0,0,0,0,0,0,0,0,Customer Collection,0,21543.0,0,21543.0,21543.0,0,0,0,Mpesa,ER,0
TXN-02214,2025-08-19,SUPPLIER_PAYMENT,SP-2508-2214,Rongai Home & Agro Supplies,,Supplier,,,Mara Distributors,,,0,0,0,0,0,0,0,0,Supplier Payment,0,0,24333.0,0,0,0,0,0,M-PESA,ER,0
TXN-01203,2025-11-30,SALE,INV-2511-1203,Rongai Home & Agro Supplies,Kiserian,M-Pesa Till,Retail,CUS-1104,,Paints,Paint Brush 4in,4,179.32,0.01,717.28,710.11,99.48,397.92,312.19,,0,710.11,0,710.11,-0.0,0,-4,-397.92,,JK,0
TXN-00706,2025-07-19,SALE,INV-2507-0706,Rongai Home & Agro Supplies,Kiserian,M-Pesa Till,Contractor,CUS-1126,,Animal Feeds,Mineral Lick 2kg,3,596.1,0.0274,1788.3,1739.3,378.43,1135.29,604.01,,0,869.65,0,869.65,-869.65,0,-3,-1135.29,,CN,0
TXN-00507,2025-05-21,SALE,INV-2505-0507,Rongai Home & Agro Supplies,Kiserian,M-Pesa Till,Reseller,CUS-1023,,Electrical,LED Bulb 12W,4,294.02,0.0702,1176.08,1093.52,150.59,602.36,491.16,,0,0.0,0,0.0,-1093.52,0,-4,-602.36,,AM,0
TXN-01635,2026-03-25,PURCHASE,GRN-2603-1635,Rongai Home & Agro Supplies,Ongata Rongai,Supplier,,,Eastlands Hardware Wholesalers,Paints,Gloss Paint 4L,6,1852.22,0,0,0,1852.22,11113.32,0,Purchase,0,3889.66,7223.66,0,0,0,6,11113.32,,CN,0
TXN-01052,2025-10-20,PURCHASE,GRN-2510-1052,Rongai Home & Agro Supplies,Ongata Rongai,Supplier,,,Eastlands Hardware Wholesalers,Paints,Gloss Paint 4L,4,1725.43,0,0,0,1725.43,6901.72,0,Purchase,0,2415.6,4486.12,0,0,0,4,6901.72,,ER,0
TXN-01864,2026-05-29,SALE,INV-2605-1864,Rongai Home & Agro Supplies,Ongata Rongai,WhatsApp,Retail,CUS-1018,,Animal Feeds,Chicken Feed 10kg,3,933.99,0.03,2801.97,2717.91,852.55,2557.65,160.26,,0,2717.91,0,2717.91,-0.0,0,-3,-2557.65,,BM,0
TXN-00146,2025-02-10,CUSTOMER_PAYMENT,RCPT-2502-0146,Rongai Home & Agro Supplies,Kiserian,Collections,Contractor,CUS-1078,,,,0,0,0,0,0,0,0,0,Customer Collection,0,5761.0,0,5761.0,5761.0,0,0,0,Mpesa,CN,0
TXN-00022,2025-01-06,SALE,INV-2501-0022,Rongai Home & Agro Supplies,Kiserian,M-Pesa Till,Retail,CUS-1158,,Paints,Paint Brush 4in,5,186.37,0.02,931.85,913.21,93.47,467.35,445.86,,0,913.21,0,913.21,-0.0,0,-5,-467.35,,CN,0
TXN-00674,2025-07-10,SALE,INV-2507-0674,Rongai Home & Agro Supplies,Kiserian,Walk-in,Farmer,CUS-1180,,Plumbing,PVC Elbow 20mm,5,78.21,0.02,391.05,383.23,42.87,214.35,168.88,,0,383.23,0,383.23,-0.0,0,-5,-214.35,,ER,0
TXN-02147,2026-08-20,SALE,INV-2608-2147,Rongai Home & Agro Supplies,Ongata Rongai,M-Pesa Till,Retail,CUS-1183,,Paints,Paint Brush 4in,1,185.71,0.01,185.71,183.85,105.86,105.86,77.99,,0,183.85,0,183.85,-0.0,0,-1,-105.86,,DK,0
TXN-01310,2025-12-25,CUSTOMER_PAYMENT,RCPT-2512-1310,Rongai Home & Agro Supplies,Kiserian,Collections,Contractor,CUS-1038,,,,0,0,0,0,0,0,0,0,Customer Collection,0,11268.0,0,11268.0,11268.0,0,0,0,Mpesa,DK,0
TXN-01789,2026-05-06,SALE,INV-2605-1789,Rongai Home & Agro Supplies,Kiserian,Phone Order,Retail,CUS-1132,,Plumbing,Basin Tap Chrome,1,1427.38,0.03,1427.38,1384.56,1027.02,1027.02,357.54,,0,1384.56,0,1384.56,-0.0,0,-1,-1027.02,,AM,0
TXN-01350,2026-01-05,SALE,INV-2601-1350,Rongai Home & Agro Supplies,Kiserian,M-Pesa Till,Retail,CUS-1117,,Plumbing,25mm PVC Pipe 6m,3,1086.76,0.02,3260.28,3195.07,816.19,2448.57,746.5,,0,3195.07,0,3195.07,-0.0,0,-3,-2448.57,,AM,0
TXN-00936,2025-09-20,SALE,INV-2509-0936,Rongai Home & Agro Supplies,Kiserian,Walk-in,Retail,CUS-1074,,Plumbing,PVC Tee 20mm,2,85.44,0.03,170.88,165.75,49.28,98.56,67.19,,0,165.75,0,165.75,-0.0,0,-2,-98.56,,ER,0
TXN-01456,2026-02-05,SALE,INV-2602-1456,Rongai Home & Agro Supplies,Kiserian,Phone Order,Farmer,CUS-1056,,Hardware,Spade Steel,1,1291.98,0,1291.98,1291.98,818.85,818.85,473.13,,0,1291.98,0,1291.98,-0.0,0,-1,-818.85,,CN,0
TXN-02088,2026-08-04,SALE,INV-2608-2088,Rongai Home & Agro Supplies,Kiserian,M-Pesa Till,Retail,CUS-1037,,Plumbing,20mm PVC Pipe 6m,2,802.33,0.01,1604.66,1588.61,642.4,1284.8,303.81,,0,1588.61,0,1588.61,-0.0,0,-2,-1284.8,,DK,0
TXN-00051,2025-01-16,SALE,INV-2501-0051,Rongai Home & Agro Supplies,Kiserian,M-Pesa Till,Farmer,CUS-1029,,Animal Feeds,Mineral Lick 2kg,1,623.25,0.08,623.25,573.39,389.55,389.55,183.84,,0,573.39,0,573.39,-0.0,0,-1,-389.55,,BM,0
TXN-00569,2025-06-09,SALE,INV-2506-0569,Rongai Home & Agro Supplies,Kiserian,WhatsApp,Retail,CUS-1133,,Hardware,Padlock 50mm,1,644.24,0.01,644.24,637.8,415.71,415.71,222.09,,0,637.8,0,637.8,-0.0,0,-1,-415.71,,DK,
TXN-00331,2025-04-04,SALE,INV-2504-0331,Rongai Home & Agro Supplies,Ongata Rongai,Phone Order,Retail,CUS-1162,,Building Materials,Cement 50kg,1,779.97,0.01,779.97,772.17,661.24,661.24,110.93,,0,772.17,0,772.17,-0.0,0,-1,-661.24,,ER,0
TXN-01122,2025-11-07,SALE,INV-2511-1122,Rongai Home & Agro Supplies,Kiserian,Walk-in,Retail,CUS-1022,,Agro Inputs,Foliar Feed 1L,1,933.31,0.05,933.31,886.64,624.29,624.29,262.35,,0,886.64,0,886.64,-0.0,0,-1,-624.29,,ER,0
TXN-01955,2026-06-25,SALE,INV-2606-1955,Rongai Home & Agro Supplies,Kiserian,M-Pesa Till,Contractor,CUS-1072,,Hardware,Spade Steel,4,1210.18,0.0349,4840.72,4671.78,875.66,3502.64,1169.14,,0,4671.78,0,4671.78,-0.0,0,-4,-3502.64,,JK,0
TXN-01157,2025-11-18,SALE,INV-2511-1157,Rongai Home & Agro Supplies,Ongata Rongai,WhatsApp,Retail,CUS-1147,,Electrical,LED Bulb 12W,4,273.61,0.01,1094.44,1083.5,153.98,615.92,467.58,,0,1083.5,0,1083.5,-0.0,0,-4,-615.92,,AM,0
TXN-00072,2025-01-21,SALE,INV-2501-0072,Rongai Home & Agro Supplies,Kiserian,WhatsApp,Retail,CUS-1119,,Household,Jerrycan 20L,1,827.08,0.08,827.08,760.91,504.41,504.41,256.5,,0,760.91,0,760.91,-0.0,0,-1,-504.41,,JK,0
TXN-01889,2026-06-05,PURCHASE,GRN-2606-1889,Rongai Home & Agro Supplies,Kiserian,Supplier,,,Eastlands Hardware Wholesalers,Agro Inputs,Maize Seed 2kg,14,463.75,0,0,0,463.75,6492.5,0,Purchase,0,4869.38,1623.12,0,0,0,14,6492.5,,JK,0
TXN-01754,2026-04-26,SALE,INV-2604-1754,Rongai Home & Agro Supplies,Ongata Rongai,Walk-in,Contractor,CUS-1147,,Plumbing,20mm PVC Pipe 6m,9,792.06,0.1165,7128.54,6298.07,644.75,5802.75,495.32,,0,6298.07,0,6298.07,-0.0,0,-9,-5802.75,,AM,0
TXN-00459,07/05/2025,SALE,INV-2505-0459,Rongai Home & Agro Supplies,Kiserian,WhatsApp,Institution,CUS-1046,,Electrical,LED Bulb 12W,8,271.22,0.0479,2169.76,2065.83,152.4,1219.2,846.63,,0,0.0,0,0.0,-2065.83,0,-8,-1219.2,,ER,0
TXN-00044,2025-01-13,PURCHASE,GRN-2501-0044,Rongai Home & Agro Supplies,Kiserian,Supplier,,,Rift Valley Cement Depot,Plumbing,PVC Elbow 20mm,8,41.99,0,0,0,41.99,335.92,0,Purchase,0,251.94,83.98,0,0,0,8,335.92,,JK,0
TXN-01290,2025-12-22,SALE,INV-2512-1290,Rongai Home & Agro Supplies,Ongata Rongai,Credit Customer,Reseller,CUS-1119,,Plumbing,PVC Tee 20mm,5,91.79,0.0797,458.95,422.37,49.16,245.8,176.57,,0,0.0,0,0.0,-422.37,0,-5,-245.8,,ER,0
TXN-01148,2025-11-15,EXPENSE,EXP-2511-1148,Rongai Home & Agro Supplies,Ongata Rongai,Back Office,,,,,,0,0,0,0,0,0,0,0,Miscellaneous,2995,0,2995,0,0,0,0,0,Cash,ER,0
TXN-00494,2025-05-16,SALE,INV-2505-0494,Rongai Home & Agro Supplies,Ongata Rongai,Walk-in,Contractor,CUS-1159,,Electrical,LED Bulb 12W,10,275.88,0.0431,2758.8,2639.9,155.02,1550.2,1089.7,,0,2639.9,0,2639.9,-0.0,0,-10,-1550.2,,AM,0
TXN-00015,2025-01-03,PURCHASE,GRN-2501-0015,Rongai Home & Agro Supplies,Kiserian,Supplier,,,Rift Valley Cement Depot,Plumbing,PVC Tee 20mm,34,46.54,0,0,0,46.54,1582.36,0,Purchase,0,0.0,1582.36,0,0,0,34,1582.36,,AM,0
TXN-02082,2026-08-01,SALE,INV-2608-2082,Rongai Home & Agro Supplies,Ongata Rongai,Credit Customer,Contractor,CUS-1181,,Building Materials,Galvanized Roofing Sheet 3m,10,1123.77,0.0915,11237.7,10209.45,982.88,9828.8,380.65,,0,2552.36,0,2552.36,-7657.09,0,-10,-9828.8,,CN,0
TXN-01636,2026-03-25,PURCHASE,GRN-2603-1636,Rongai Home & Agro Supplies,Kiserian,Supplier,,,Rift Valley Cement Depot,Animal Feeds,Dairy Meal 25kg,6,2055.17,0,0,0,2055.17,12331.02,0,Purchase,0,6165.51,6165.51,0,0,0,6,12331.02,,BM,0
TXN-00244,2025-03-11,EXPENSE,EXP-2503-0244,Rongai Home & Agro Supplies,Ongata Rongai,Back Office,,,,,,0,0,0,0,0,0,0,0,Transport,4226,0,4226,0,0,0,0,0,M-PESA,BM,0
TXN-00516,2025-05-24,REFUND,REF-2505-0516,Rongai Home & Agro Supplies,Kiserian,Counter,Institution,CUS-1118,,Building Materials,Galvanized Roofing Sheet 3m,-1,1188.92,0,0,1070.62,931.26,0,-1070.62,Customer Refund,1070.62,0,1070.62,0,0,1070.62,0,0,refund,DK,0
TXN-00843,2025-08-26,CUSTOMER_PAYMENT,RCPT-2508-0843,Rongai Home & Agro Supplies,Kiserian,Collections,Contractor,CUS-1019,,,,0,0,0,0,0,0,0,0,Customer Collection,0,5506.0,0,5506.0,5506.0,0,0,0,Bank Transfer,ER,0
TXN-01539,2026-02-28,SALE,INV-2602-1539,Rongai Home & Agro Supplies,Ongata Rongai,M-Pesa Till,Farmer,CUS-1032,,Plumbing,PVC Tee 20mm,2,90.21,0.02,180.42,176.81,51.99,103.98,72.83,,0,176.81,0,176.81,-0.0,0,-2,-103.98,,CN,0
TXN-01133,2025-11-11,CUSTOMER_PAYMENT,RCPT-2511-1133,Rongai Home & Agro Supplies,Kiserian,Collections,Contractor,CUS-1015,,,,0,0,0,0,0,0,0,0,Customer Collection,0,21098.0,0,21098.0,21098.0,0,0,0,Bank Transfer,ER,0
TXN-01748,2026-04-24,SALE,INV-2604-1748,Rongai Home & Agro Supplies,Kiserian,Walk-in,Retail,CUS-1081,,Hardware,Padlock 50mm,1,724.03,0.08,724.03,666.11,463.43,463.43,202.68,,0,666.11,0,666.11,-0.0,0,-1,-463.43,,JK,0
TXN-01916,2026-06-13,SALE,INV-2606-1916,Rongai Home & Agro Supplies,Ongata Rongai,Walk-in,Retail,CUS-1047,,Plumbing,25mm PVC Pipe 6m,1,1113.4,0.08,1113.4,1024.33,831.21,831.21,193.12,,0,1024.33,0,1024.33,-0.0,0,-1,-831.21,,ER,0
TXN-00016,2025-01-03,CUSTOMER_PAYMENT,RCPT-2501-0016,Rongai Home & Agro Supplies,Kiserian,Collections,Contractor,CUS-1105,,,,0,0,0,0,0,0,0,0,Customer Collection,0,10903.0,0,10903.0,10903.0,0,0,0,M-PESA,ER,0
TXN-02078,2026-07-31,PURCHASE,GRN-2607-2078,Rongai Home & Agro Supplies,Kiserian,Supplier,,,Eastlands Hardware Wholesalers,Electrical,LED Bulb 12W,12,170.8,0,0,0,170.8,2049.6,0,Purchase,0,0.0,2049.6,0,0,0,12,2049.6,,DK,0
TXN-00404,2025-04-22,SALE,INV-2504-0404,Rongai Home & Agro Supplies,Ongata Rongai,WhatsApp,Reseller,CUS-1004,,Building Materials,Galvanized Roofing Sheet 3m,5,1109.33,0.0758,5546.65,5126.21,897.41,4487.05,639.16,,0,1281.55,0,1281.55,-3844.66,0,-5,-4487.05,,CN,0
TXN-01475,2026-02-10,SALE,INV-2602-1475,Rongai Home & Agro Supplies,Ongata Rongai,Phone Order,Institution,,,Electrical,LED Bulb 12W,13,285.56,0.0622,3712.28,3481.38,161.85,2104.05,1377.33,,0,3481.38,0,3481.38,-0.0,0,-13,-2104.05,,CN,0
TXN-02001,2026-07-08,CUSTOMER_PAYMENT,RCPT-2607-2001,Rongai Home & Agro Supplies,Kiserian,Collections,Contractor,CUS-1078,,,,0,0,0,0,0,0,0,0,Customer Collection,0,7567.0,0,7567.0,7567.0,0,0,0,Bank Transfer,AM,0
TXN-01857,2026-05-27,EXPENSE,EXP-2605-1857,Rongai Home & Agro Supplies,Kiserian,Back Office,,,,,,0,0,0,0,0,0,0,0,Electricity,17412.2,0,17412.2,0,0,0,0,0,Bank Transfer,AM,0
TXN-02229,2025-05-21,SUPPLIER_PAYMENT,SP-2505-2229,Rongai Home & Agro Supplies,Ongata Rongai,Supplier,,,Nairobi Electrical Mart,,,0,0,0,0,0,0,0,0,Supplier Payment,0,0,49689.0,0,0,0,0,0,Cash,ER,0
TXN-01801,2026-05-08,PURCHASE,GRN-2605-1801,Rongai Home & Agro Supplies,Ongata Rongai,Supplier,,,Mara Distributors,Plumbing,Basin Tap Chrome,3,1032.45,0,0,0,1032.45,3097.35,0,Purchase,0,1548.67,1548.68,0,0,0,3,3097.35,,BM,0
TXN-01712,2026-04-15,SALE,INV-2604-1712,Rongai Home & Agro Supplies,Ongata Rongai,M-Pesa Till,Contractor,CUS-1172,,Agro Inputs,Maize Seed 2kg,8,638.66,0.0991,5109.28,4602.95,505.79,4046.32,556.63,,0,2301.47,0,2301.47,-2301.48,0,-8,-4046.32,,ER,0
TXN-01605,18/03/2026,SALE,INV-2603-1605,Rongai Home & Agro Supplies,Kiserian,M-Pesa Till,Contractor,CUS-1163,,Building Materials,2x2 Timber 12ft,11,536.59,0.0346,5902.49,5698.26,391.18,4302.98,1395.28,,0,2279.3,0,2279.3,-3418.96,0,-11,-4302.98,,JK,0
TXN-01511,2026-02-20,EXPENSE,EXP-2602-1511,Rongai Home & Agro Supplies,Kiserian,Back Office,,,,,,0,0,0,0,0,0,0,0,Staff Salaries,72974,0,72974,0,0,0,0,0,Bank Transfer,CN,0
TXN-00975,2025-10-01,SALE,INV-2510-0975,Rongai Home & Agro Supplies,Ongata Rongai,Phone Order,Retail,CUS-1166,,Plumbing,PVC Tee 20mm,2,84.23,0.03,168.46,163.41,48.18,96.36,67.05,,0,163.41,0,163.41,-0.0,0,-2,-96.36,,BM,0
TXN-01503,2026-02-19,SALE,INV-2602-1503,Rongai Home & Agro Supplies,Kiserian,WhatsApp,Farmer,CUS-1008,,Building Materials,Binding Wire 25kg,1,4191.93,0.05,4191.93,3982.33,3444.25,3444.25,538.08,,0,3982.33,0,3982.33,-0.0,0,-1,-3444.25,,CN,0
TXN-01418,2026-01-25,EXPENSE,EXP-2601-1418,Rongai Home & Agro Supplies,Ongata Rongai,Back Office,,,,,,0,0,0,0,0,0,0,0,Staff Salaries,79991,0,79991,0,0,0,0,0,M-PESA,JK,0
TXN-01364,2026-01-08,SALE,INV-2601-1364,Rongai Home & Agro Supplies,Ongata Rongai,Walk-in,Retail,CUS-1022,,Electrical,LED Bulb 12W,6,263.33,0.08,1579.98,1453.58,162.55,975.3,478.28,,0,1453.58,0,1453.58,-0.0,0,-6,-975.3,,ER,0
TXN-01444,2026-02-01,CUSTOMER_PAYMENT,RCPT-2602-1444,Rongai Home & Agro Supplies,Kiserian,Collections,Contractor,CUS-1032,,,,0,0,0,0,0,0,0,0,Customer Collection,0,7876.0,0,7876.0,7876.0,0,0,0,M-PESA,JK,0
TXN-01785,2026-05-05,SALE,INV-2605-1785,Rongai Home & Agro Supplies,Ongata Rongai,M-Pesa Till,Retail,CUS-1122,,Agro Inputs,Foliar Feed 1L,1,994.07,0.02,994.07,974.19,680.78,680.78,293.41,,0,974.19,0,974.19,-0.0,0,-1,-680.78,,BM,0
TXN-01898,2026-06-08,PURCHASE,GRN-2606-1898,Rongai Home & Agro Supplies,Ongata Rongai,Supplier,,,Rift Valley Cement Depot,Electrical,Socket 13A,5,245.38,0,0,0,245.38,1226.9,0,Purchase,0,613.45,613.45,0,0,0,5,1226.9,,ER,0
TXN-01745,2026-04-23,REFUND,REF-2604-1745,Rongai Home & Agro Supplies,Ongata Rongai,Counter,Contractor,CUS-1076,,Agro Inputs,Maize Seed 2kg,-1,635.04,0,0,548.84,470.11,0,-548.84,Customer Refund,548.84,0,548.84,0,0,548.84,0,0,refund,ER,0
TXN-02021,2026-07-15,PURCHASE,GRN-2607-2021,Rongai Home & Agro Supplies,Ongata Rongai,Supplier,,,Rift Valley Cement Depot,Paints,Gloss Paint 4L,3,1858.38,0,0,0,1858.38,5575.14,0,Purchase,0,1951.3,3623.84,0,0,0,3,5575.14,,AM,0
TXN-01254,2025-12-12,PURCHASE,GRN-2512-1254,Rongai Home & Agro Supplies,Kiserian,Supplier,,,AgroLink Kenya,Building Materials,Damp Proof Course 20m,7,846.58,0,0,0,846.58,5926.06,0,Purchase,0,0.0,5926.06,0,0,0,7,5926.06,,BM,0
TXN-02169,2026-08-26,PURCHASE,GRN-2608-2169,Rongai Home & Agro Supplies,Ongata Rongai,Supplier,,,Eastlands Hardware Wholesalers,Electrical,LED Bulb 12W,9,168.29,0,0,0,168.29,1514.61,0,Purchase,0,0.0,1514.61,0,0,0,9,1514.61,,BM,0
TXN-00444,2025-05-01,EXPENSE,EXP-2505-0444,Rongai Home & Agro Supplies,Kiserian,Back Office,,,,,,0,0,0,0,0,0,0,0,Internet,3500,0,3500,0,0,0,0,0,Cash,JK,0
TXN-01373,2026-01-12,SALE,INV-2601-1373,Rongai Home & Agro Supplies,Ongata Rongai,Phone Order,Reseller,CUS-1102,,Household,Jerrycan 20L,9,751.82,0.0562,6766.38,6386.11,526.84,4741.56,1644.55,,0,0.0,0,0.0,-6386.11,0,-9,-4741.56,,DK,0
TXN-02221,2026-02-15,SUPPLIER_PAYMENT,SP-2602-2221,Rongai Home & Agro Supplies,Kiserian,Supplier,,,Nairobi Electrical Mart,,,0,0,0,0,0,0,0,0,Supplier Payment,0,0,37238.0,0,0,0,0,0,M-PESA,JK,0
TXN-01761,2026-04-28,SALE,INV-2604-1761,Rongai Home & Agro Supplies,Kiserian,Credit Customer,Contractor,CUS-1049,,Hardware,Padlock 50mm,8,640.55,0.1142,5124.4,4539.19,439.13,3513.04,1026.15,,0,1134.8,0,1134.8,-3404.39,0,-8,-3513.04,,AM,0
TXN-01171,2025-11-21,SALE,INV-2511-1171,Rongai Home & Agro Supplies,Kiserian,WhatsApp,Farmer,CUS-1076,,Building Materials,Galvanized Roofing Sheet 3m,1,1162.79,0.01,1162.79,1151.16,905.52,905.52,245.64,,0,1151.16,0,1151.16,-0.0,0,-1,-905.52,,ER,0
TXN-00299,2025-03-28,SALE,INV-2503-0299,Rongai Home & Agro Supplies,Kiserian,Phone Order,Retail,CUS-1105,,Hardware,Padlock 50mm,1,641.92,0.02,641.92,629.08,429.99,429.99,199.09,,0,629.08,0,629.08,-0.0,0,-1,-429.99,,JK,0
TXN-01927,2026-06-17,SALE,INV-2606-1927,Rongai Home & Agro Supplies,Kiserian,WhatsApp,Contractor,CUS-1141,,Plumbing,20mm PVC Pipe 6m,9,781.86,0.1191,7036.74,6198.66,659.22,5932.98,265.68,,0,2479.46,0,2479.46,-3719.2,0,-9,-5932.98,,DK,0
TXN-00374,2025-04-14,PURCHASE,GRN-2504-0374,Rongai Home & Agro Supplies,Kiserian,Supplier,,,Rift Valley Cement Depot,Plumbing,PVC Tee 20mm,3,46.23,0,0,0,46.23,138.69,0,Purchase,0,48.54,90.15,0,0,0,3,138.69,,AM,0
TXN-02080,2026-07-31,CUSTOMER_PAYMENT,RCPT-2607-2080,Rongai Home & Agro Supplies,Kiserian,Collections,Contractor,CUS-1018,,,,0,0,0,0,0,0,0,0,Customer Collection,0,16786.0,0,16786.0,16786.0,0,0,0,M-PESA,AM,0
TXN-01907,2026-06-10,PURCHASE,GRN-2606-1907,Rongai Home & Agro Supplies,Kiserian,Supplier,,,Mara Distributors,Building Materials,Cement 50kg,58,690.95,0,0,0,690.95,40075.1,0,Purchase,0,0.0,40075.1,0,0,0,58,40075.1,,BM,0
TXN-00148,2025-02-11,SALE,INV-2502-0148,Rongai Home & Agro Supplies,Kiserian,M-Pesa Till,Institution,CUS-1167,,Electrical,Switch 1 Gang,5,262.73,0.0322,1313.65,1271.35,148.47,742.35,529.0,,0,508.54,0,508.54,-762.81,0,-5,-742.35,,BM,0
TXN-01786,2026-05-05,SALE,INV-2605-1786,Rongai Home & Agro Supplies,Ongata Rongai,Walk-in,Institution,CUS-1153,,Building Materials,Damp Proof Course 20m,3,1205.31,0.0389,3615.93,3475.27,974.07,2922.21,553.06,,0,3475.27,0,3475.27,-0.0,0,-3,-2922.21,,AM,0
TXN-01359,2026-01-07,PURCHASE,GRN-2601-1359,Rongai Home & Agro Supplies,Ongata Rongai,Supplier,,,Mara Distributors,Hardware,Padlock 50mm,15,424.47,0,0,0,424.47,6367.05,0,Purchase,0,4775.29,1591.76,0,0,0,15,6367.05,,DK,0
TXN-00891,2025-09-08,EXPENSE,EXP-2509-0891,Rongai Home & Agro Supplies,Kiserian,Back Office,,,,,,0,0,0,0,0,0,0,0,Bank Charges,2788,0,2788,0,0,0,0,0,Cash,CN,0
TXN-00617,2025-06-23,PURCHASE,GRN-2506-0617,Rongai Home & Agro Supplies,Ongata Rongai,Supplier,,,Rift Valley Cement Depot,Agro Inputs,Maize Seed 2kg,4,428.95,0,0,0,428.95,1715.8,0,Purchase,0,1286.85,428.95,0,0,0,4,1715.8,,BM,0
TXN-00597,2025-06-18,SALE,INV-2506-0597,Rongai Home & Agro Supplies,Ongata Rongai,Walk-in,Contractor,CUS-1009,,Hardware,Panga,6,901.47,0.0271,5408.82,5262.24,579.41,3476.46,1785.78,,0,5262.24,0,5262.24,-0.0,0,-6,-3476.46,,ER,0
TXN-01928,2026-06-17,PURCHASE,GRN-2606-1928,Rongai Home & Agro Supplies,Kiserian,Supplier,,,Nairobi Electrical Mart,Plumbing,PVC Tee 20mm,3,49.89,0,0,0,49.89,149.67,0,Purchase,0,149.67,0.0,0,0,0,3,149.67,,AM,0
TXN-00572,2025-06-10,SALE,INV-2506-0572,Rongai Home & Agro Supplies,Ongata Rongai,Phone Order,Retail,CUS-1051,,Electrical,LED Bulb 12W,1,292.9,0.02,292.9,287.04,152.42,152.42,134.62,,0,287.04,0,287.04,-0.0,0,-1,-152.42,,ER,0
TXN-00712,2025-07-21,SALE,INV-2507-0712,Rongai Home & Agro Supplies,Kiserian,Walk-in,Retail,CUS-1093,,Electrical,Switch 1 Gang,2,250.0,0,500.0,500.0,141.3,282.6,217.4,,0,500.0,0,500.0,-0.0,0,-2,-282.6,,ER,0
TXN-02034,2026-07-20,SALE,INV-2607-2034,Rongai Home & Agro Supplies,Kiserian,Phone Order,Retail,CUS-1118,,Agro Inputs,DAP Fertilizer 50kg,2,6045.95,0,12091.9,12091.9,4926.45,9852.9,2239.0,,0,12091.9,0,12091.9,-0.0,0,-2,-9852.9,,BM,0
TXN-01515,2026-02-21,SALE,INV-2602-1515,Rongai Home & Agro Supplies,Ongata Rongai,Walk-in,Contractor,CUS-1174,,Plumbing,25mm PVC Pipe 6m,3,1039.64,0.0305,3118.92,3023.79,830.91,2492.73,531.06,,0,1209.52,0,1209.52,-1814.27,0,-3,-2492.73,,DK,0
TXN-00287,2025-03-25,SALE,INV-2503-0287,Rongai Home & Agro Supplies,Ongata Rongai,WhatsApp,Reseller,CUS-1010,,Agro Inputs,DAP Fertilizer 50kg,7,5880.05,0.0485,41160.35,39164.07,4275.27,29926.89,9237.18,,0,39164.07,0,39164.07,-0.0,0,-7,-29926.89,,AM,0
TXN-00616,2025-06-23,REFUND,REF-2506-0616,Rongai Home & Agro Supplies,Kiserian,Counter,Reseller,CUS-1130,,Building Materials,2x2 Timber 12ft,-1,516.04,0,0,448.15,367.13,0,-448.15,Customer Refund,448.15,0,448.15,0,0,448.15,0,0,refund,ER,0
TXN-01425,2026-01-26,EXPENSE,EXP-2601-1425,Rongai Home & Agro Supplies,Ongata Rongai,Back Office,,,,,,0,0,0,0,0,0,0,0,Internet,2500,0,2500,0,0,0,0,0,Bank Transfer,JK,0
TXN-01268,2025-12-16,SALE,INV-2512-1268,Rongai Home & Agro Supplies,Ongata Rongai,WhatsApp,Retail,CUS-1140,,Agro Inputs,,3,605.68,0.03,1817.04,1762.53,458.53,1375.59,386.94,,0,1762.53,0,1762.53,-0.0,0,-3,-1375.59,,CN,0
TXN-01145,2025-11-15,SALE,INV-2511-1145,Rongai Home & Agro Supplies,Kiserian,M-Pesa Till,Contractor,CUS-1027,,Building Materials,Cement 50kg,4,775.79,0.0342,3103.16,2997.03,680.39,2721.56,275.47,,0,2997.03,0,2997.03,-0.0,0,-4,-2721.56,,JK,0
TXN-00700,2025-07-17,SALE,INV-2507-0700,Rongai Home & Agro Supplies,Ongata Rongai,Walk-in,Contractor,CUS-1015,,Electrical,Electrical Cable 1.5mm 90m,10,7812.51,0.0592,78125.1,73500.09,6155.73,61557.3,11942.79,,0,73500.09,0,73500.09,-0.0,0,-10,-61557.3,,JK,0
TXN-01018,2025-10-11,SALE,INV-2510-1018,Rongai Home & Agro Supplies,Kiserian,WhatsApp,Retail,CUS-1112,,Electrical,LED Bulb 12W,1,266.76,0,266.76,266.76,157.73,157.73,109.03,,0,266.76,0,266.76,-0.0,0,-1,-157.73,,CN,0
TXN-01752,2026-04-25,SALE,INV-2604-1752,Rongai Home & Agro Supplies,Ongata Rongai,WhatsApp,Reseller,CUS-1094,,Agro Inputs,DAP Fertilizer 50kg,13,5793.61,0.1052,75316.93,67393.59,4740.6,61627.8,5765.79,,0,26957.44,0,26957.44,-40436.15,0,-13,-61627.8,,BM,0
TXN-00801,2025-08-14,SALE,INV-2508-0801,Rongai Home & Agro Supplies,Kiserian,Credit Customer,Institution,CUS-1138,,Plumbing,20mm PVC Pipe 6m,11,823.83,0.0488,9062.13,8619.9,590.73,6498.03,2121.87,,0,0.0,0,0.0,-8619.9,0,-11,-6498.03,,DK,0
TXN-02273,2025-10-15,SUPPLIER_PAYMENT,SP-2510-2273,Rongai Home & Agro Supplies,Kiserian,Supplier,,,Eastlands Hardware Wholesalers,,,0,0,0,0,0,0,0,0,Supplier Payment,0,0,28530.0,0,0,0,0,0,Cash,BM,0
TXN-00329,2025-04-03,SALE,INV-2504-0329,Rongai Home & Agro Supplies,Kiserian,WhatsApp,Farmer,CUS-1134,,Building Materials,Cement 50kg,1,779.4,0.01,779.4,771.61,633.14,633.14,138.47,,0,771.61,0,771.61,-0.0,0,-1,-633.14,,AM,0
TXN-02144,2026-08-19,EXPENSE,EXP-2608-2144,Rongai Home & Agro Supplies,Ongata Rongai,Back Office,,,,,,0,0,0,0,0,0,0,0,Repairs,13341.36,0,13341.36,0,0,0,0,0,Bank Transfer,AM,0
TXN-01297,2025-12-23,SALE,INV-2512-1297,Rongai Home & Agro Supplies,Kiserian,M-Pesa Till,Farmer,CUS-1021,,Building Materials,Binding Wire 25kg,1,4058.72,0.01,4058.72,4018.13,3218.66,3218.66,799.47,,0,4018.13,0,4018.13,-0.0,0,-1,-3218.66,,CN,0
TXN-01060,2025-10-22,SALE,INV-2510-1060,Rongai Home & Agro Supplies,Kiserian,M-Pesa Till,Retail,CUS-1001,,Electrical,Switch 1 Gang,1,274.98,0,274.98,274.98,147.78,147.78,127.2,,0,274.98,0,274.98,-0.0,0,-1,-147.78,,DK,0
TXN-00732,2025-07-25,CUSTOMER_PAYMENT,RCPT-2507-0732,Rongai Home & Agro Supplies,Ongata Rongai,Collections,Contractor,CUS-1016,,,,0,0,0,0,0,0,0,0,Customer Collection,0,7550.0,0,7550.0,7550.0,0,0,0,M-PESA,DK,0
TXN-00799,2025-08-14,SALE,INV-2508-0799,Rongai Home & Agro Supplies,Ongata Rongai,M-Pesa Till,Retail,CUS-1076,,Plumbing,PVC Tee 20mm,4,84.87,0.02,339.48,332.69,49.56,198.24,134.45,,0,332.69,0,332.69,-0.0,0,-4,-198.24,,CN,0
TXN-01095,2025-10-31,SALE,INV-2510-1095,Rongai Home & Agro Supplies,Ongata Rongai,Walk-in,Retail,CUS-1173,,Electrical,LED Bulb 12W,3,276.67,0,830.01,830.01,157.01,471.03,358.98,,0,830.01,0,830.01,-0.0,0,-3,-471.03,,DK,0
TXN-01466,2026-02-07,SALE,INV-2602-1466,Rongai Home & Agro Supplies,Ongata Rongai,Phone Order,Retail,CUS-1019,,Building Materials,Galvanized Roofing Sheet 3m,1,1246.53,0.02,1246.53,1221.6,970.48,970.48,251.12,,0,1221.6,0,1221.6,-0.0,0,-1,-970.48,,AM,0
TXN-01155,2025-11-18,SALE,INV-2511-1155,Rongai Home & Agro Supplies,Kiserian,Walk-in,Contractor,CUS-1005,,Agro Inputs,Maize Seed 2kg,5,585.62,0.0689,2928.1,2726.35,432.83,2164.15,562.2,,0,1090.54,0,1090.54,-1635.81,0,-5,-2164.15,,JK,0
TXN-00501,2025-05-19,SALE,INV-2505-0501,Rongai Home & Agro Supplies,Ongata Rongai,Walk-in,Farmer,CUS-1073,,Electrical,Socket 13A,1,407.88,0.02,407.88,399.72,229.03,229.03,170.69,,0,399.72,0,399.72,-0.0,0,-1,-229.03,,CN,0
TXN-01159,2025-11-19,SALE,INV-2511-1159,Rongai Home & Agro Supplies,Kiserian,Phone Order,Retail,CUS-1051,,Building Materials,2x2 Timber 12ft,1,522.52,0.01,522.52,517.29,365.97,365.97,151.32,,0,517.29,0,517.29,-0.0,0,-1,-365.97,,ER,0
TXN-01675,2026-04-05,SALE,INV-2604-1675,Rongai Home & Agro Supplies,Ongata Rongai,Phone Order,Retail,CUS-1177,,Plumbing,PVC Elbow 20mm,9,79.91,0.03,719.19,697.61,48.08,432.72,264.89,,0,697.61,0,697.61,-0.0,0,-9,-432.72,,DK,0
TXN-01501,2026-02-18,PURCHASE,GRN-2602-1501,Rongai Home & Agro Supplies,Ongata Rongai,Supplier,,,Mara Distributors,Hardware,Padlock 50mm,3,422.09,0,0,0,422.09,1266.27,0,Purchase,0,633.13,633.14,0,0,0,3,1266.27,,CN,0
TXN-00653,2025-07-03,SALE,INV-2507-0653,Rongai Home & Agro Supplies,Ongata Rongai,Walk-in,Institution,CUS-1106,,Household,Jerrycan 20L,4,773.86,0.0316,3095.44,2997.62,482.61,1930.44,1067.18,,0,2997.62,0,2997.62,-0.0,0,-4,-1930.44,,AM,0
TXN-02060,2026-07-27,SALE,INV-2607-2060,Rongai Home & Agro Supplies,Ongata Rongai,WhatsApp,Institution,CUS-1130,,Building Materials,2x2 Timber 12ft,7,504.34,0.0734,3530.38,3271.25,425.78,2980.46,290.79,,0,0.0,0,0.0,-3271.25,0,-7,-2980.46,,ER,0
TXN-01188,2025-11-26,SALE,INV-2511-1188,Rongai Home & Agro Supplies,Kiserian,Walk-in,Retail,CUS-1175,,Animal Feeds,Chicken Feed 10kg,5,928.3,0.01,4641.5,4595.09,779.66,3898.3,696.79,,0,4595.09,0,4595.09,-0.0,0,-5,-3898.3,,AM,0
TXN-01792,2026-05-06,PURCHASE,GRN-2605-1792,Rongai Home & Agro Supplies,Kiserian,Supplier,,,Rift Valley Cement Depot,Paints,Paint Brush 4in,3,103.12,0,0,0,103.12,309.36,0,Purchase,0,0.0,309.36,0,0,0,3,309.36,,CN,0
TXN-02113,2026-08-11,SALE,INV-2608-2113,Rongai Home & Agro Supplies,Ongata Rongai,Phone Order,Retail,CUS-1107,,Plumbing,PVC Elbow 20mm,4,78.25,0.05,313.0,297.35,48.49,193.96,103.39,,0,297.35,0,297.35,-0.0,0,-4,-193.96,,DK,0
TXN-00017,2025-01-04,SALE,INV-2501-0017,Rongai Home & Agro Supplies,Kiserian,WhatsApp,Retail,CUS-1165,,Plumbing,PVC Elbow 20mm,1,71.99,0,71.99,71.99,43.62,43.62,28.37,,0,71.99,0,71.99,-0.0,0,-1,-43.62,,DK,0
TXN-00978,2025-10-01,PURCHASE,GRN-2510-0978,Rongai Home & Agro Supplies,Kiserian,Supplier,,,AgroLink Kenya,Animal Feeds,Mineral Lick 2kg,3,381.16,0,0,0,381.16,1143.48,0,Purchase,0,1143.48,0.0,0,0,0,3,1143.48,,JK,0
TXN-00191,2025-02-24,EXPENSE,EXP-2502-0191,Rongai Home & Agro Supplies,Ongata Rongai,Back Office,,,,,,0,0,0,0,0,0,0,0,Marketing,8484,0,8484,0,0,0,0,0,Bank Transfer,JK,0
TXN-01182,2025-11-24,PURCHASE,GRN-2511-1182,Rongai Home & Agro Supplies,Ongata Rongai,Supplier,,,AgroLink Kenya,Building Materials,Cement 50kg,20,658.75,0,0,0,658.75,13175.0,0,Purchase,0,0.0,13175.0,0,0,0,20,13175.0,,BM,0
TXN-00986,2025-10-03,SALE,INV-2510-0986,Rongai Home & Agro Supplies,Kiserian,Walk-in,Farmer,CUS-1106,,Electrical,Socket 13A,1,419.57,0.01,419.57,415.37,216.98,216.98,198.39,,0,415.37,0,415.37,-0.0,0,-1,-216.98,,DK,0
TXN-02056,2026-07-26,SALE,INV-2607-2056,Rongai Home & Agro Supplies,Kiserian,Phone Order,Contractor,CUS-1105,,Building Materials,Galvanized Roofing Sheet 3m,13,1230.42,0.0445,15995.46,15283.66,955.24,12418.12,2865.54,,0,6113.46,0,6113.46,-9170.2,0,-13,-12418.12,,CN,0
TXN-00837,2025-08-23,EXPENSE,EXP-2508-0837,Rongai Home & Agro Supplies,Kiserian,Back Office,,,,,,0,0,0,0,0,0,0,0,Repairs,11904,0,11904,0,0,0,0,0,Cash,BM,0
TXN-01540,2026-03-01,CUSTOMER_PAYMENT,RCPT-2603-1540,Rongai Home & Agro Supplies,Ongata Rongai,Collections,Contractor,CUS-1074,,,,0,0,0,0,0,0,0,0,Customer Collection,0,20346.0,0,20346.0,20346.0,0,0,0,Mpesa,CN,0
TXN-00773,2025-08-07,SALE,INV-2508-0773,Rongai Home & Agro Supplies,Kiserian,Walk-in,Reseller,CUS-1017,,Electrical,LED Bulb 12W,13,280.96,0.0364,3652.48,3519.53,152.19,1978.47,1541.06,,0,1759.77,0,1759.77,-1759.76,0,-13,-1978.47,,BM,0
TXN-02178,2026-08-29,SALE,INV-2608-2178,Rongai Home & Agro Supplies,Kiserian,WhatsApp,Farmer,CUS-1009,,Electrical,Switch 1 Gang,2,279.5,0.05,559.0,531.05,154.81,309.62,221.43,,0,531.05,0,531.05,-0.0,0,-2,-309.62,,BM,0
TXN-01734,2026-04-21,SALE,INV-2604-1734,Rongai Home & Agro Supplies,Kiserian,WhatsApp,Retail,CUS-1074,,Agro Inputs,CAN Fertilizer 50kg,1,5292.93,0.08,5292.93,4869.5,4473.22,4473.22,396.28,,0,4869.5,0,4869.5,-0.0,0,-1,-4473.22,,ER,0
TXN-01629,2026-03-24,SALE,INV-2603-1629,Rongai Home & Agro Supplies,Kiserian,M-Pesa Till,Retail,CUS-1155,,Building Materials,Cement 50kg,17,827.1,0,14060.7,14060.7,668.67,11367.39,2693.31,,0,14060.7,0,14060.7,-0.0,0,-17,-11367.39,,ER,0
TXN-00248,2025-03-13,SALE,INV-2503-0248,Rongai Home & Agro Supplies,Ongata Rongai,M-Pesa Till,Retail,CUS-1117,,Plumbing,PVC Elbow 20mm,1,73.11,0.01,73.11,72.38,43.91,43.91,28.47,,0,72.38,0,72.38,-0.0,0,-1,-43.91,,CN,0
TXN-00787,2025-08-11,SALE,INV-2508-0787,Rongai Home & Agro Supplies,Ongata Rongai,Phone Order,Retail,CUS-1179,,Plumbing,PVC Elbow 20mm,6,78.29,0,469.74,469.74,42.47,254.82,214.92,,0,469.74,0,469.74,-0.0,0,-6,-254.82,,CN,0
TXN-00073,2025-01-21,SALE,INV-2501-0073,Rongai Home & Agro Supplies,Ongata Rongai,M-Pesa Till,Retail,CUS-1121,,Paints,Paint Brush 4in,1,172.49,0,172.49,172.49,98.59,98.59,73.9,,0,172.49,0,172.49,-0.0,0,-1,-98.59,,DK,0
TXN-01025,2025-10-13,PURCHASE,GRN-2510-1025,Rongai Home & Agro Supplies,Ongata Rongai,Supplier,,,Nairobi Electrical Mart,Paints,Paint Brush 4in,21,98.11,0,0,0,98.11,2060.31,0,Purchase,0,721.11,1339.2,0,0,0,21,2060.31,,ER,0
TXN-01969,2026-06-30,SALE,INV-2606-1969,Rongai Home & Agro Supplies,Kiserian,Walk-in,Retail,CUS-1021,,Paints,Paint Brush 4in,2,170.58,0.02,341.16,334.34,103.13,206.26,128.08,,0,334.34,0,334.34,-0.0,0,-2,-206.26,,CN,0
TXN-02061,2026-07-27,SALE,INV-2607-2061,Rongai Home & Agro Supplies,Ongata Rongai,M-Pesa Till,Contractor,CUS-1085,,Building Materials,Binding Wire 25kg,10,4442.51,0.0398,44425.1,42656.98,3596.43,35964.3,6692.68,,0,42656.98,0,42656.98,-0.0,0,-10,-35964.3,,CN,0
TXN-01548,2026-03-04,SALE,INV-2603-1548,Rongai Home & Agro Supplies,Kiserian,Walk-in,Retail,CUS-1054,,Plumbing,PVC Elbow 20mm,1,70.52,0,70.52,70.52,46.19,46.19,24.33,,0,70.52,0,70.52,-0.0,0,-1,-46.19,,BM,0
TXN-00567,2025-06-07,EXPENSE,EXP-2506-0567,Rongai Home & Agro Supplies,Ongata Rongai,Back Office,,,,,,0,0,0,0,0,0,0,0,Internet,4000,0,4000,0,0,0,0,0,Cash,DK,0
TXN-02076,2026-07-31,SALE,INV-2607-2076,Rongai Home & Agro Supplies,Ongata Rongai,Walk-in,Institution,CUS-1087,,Animal Feeds,Chicken Feed 10kg,14,942.82,0.0828,13199.48,12106.56,866.83,12135.62,-29.06,,0,6053.28,0,6053.28,-6053.28,0,-14,-12135.62,,AM,0
TXN-01657,2026-03-31,SALE,INV-2603-1657,Rongai Home & Agro Supplies,Ongata Rongai,Walk-in,Retail,CUS-1100,,Agro Inputs,CAN Fertilizer 50kg,1,5254.53,0,5254.53,5254.53,4038.92,4038.92,1215.61,,0,5254.53,0,5254.53,-0.0,0,-1,-4038.92,,JK,0
TXN-01253,12-12-2025,SALE,INV-2512-1253,Rongai Home & Agro Supplies,Kiserian,Phone Order,Retail,CUS-1039,,Paints,Paint Brush 4in,1,173.28,0.03,173.28,168.08,95.73,95.73,72.35,,0,168.08,0,168.08,-0.0,0,-1,-95.73,,CN,0
TXN-00143,2025-02-10,SALE,INV-2502-0143,Rongai Home & Agro Supplies,Ongata Rongai,WhatsApp,Contractor,CUS-1061,,Plumbing,PVC Tee 20mm,10,84.15,0.0648,841.5,786.97,48.3,483.0,303.97,,0,393.49,0,393.49,-393.48,0,-10,-483.0,,ER,0
TXN-00012,2025-01-03,SALE,INV-2501-0012,Rongai Home & Agro Supplies,Kiserian,Phone Order,Contractor,CUS-1080,,Hardware,Padlock 50mm,5,693.15,0.0506,3465.75,3290.38,416.87,2084.35,1206.03,,0,1645.19,0,1645.19,-1645.19,0,-5,-2084.35,,CN,0
TXN-01229,2025-12-06,SALE,INV-2512-1229,Rongai Home & Agro Supplies,Kiserian,WhatsApp,Retail,CUS-1156,,Agro Inputs,Foliar Feed 1L,2,1007.17,0,2014.34,2014.34,596.42,1192.84,821.5,,0,2014.34,0,2014.34,-0.0,0,-2,-1192.84,,CN,0
TXN-00396,2025-04-20,REFUND,REF-2504-0396,Rongai Home & Agro Supplies,Ongata Rongai,Counter,Retail,CUS-1100,,Animal Feeds,Mineral Lick 2kg,-1,590.15,0,0,535.95,381.62,0,-535.95,Customer Refund,535.95,0,535.95,0,0,535.95,0,0,refund,ER,0
TXN-01305,2025-12-24,PURCHASE,GRN-2512-1305,Rongai Home & Agro Supplies,Ongata Rongai,Supplier,,,Eastlands Hardware Wholesalers,Building Materials,Cement 50kg,11,631.96,0,0,0,631.96,6951.56,0,Purchase,0,2433.05,4518.51,0,0,0,11,6951.56,,JK,0
TXN-02108,2026-08-08,SALE,INV-2608-2108,Rongai Home & Agro Supplies,Ongata Rongai,Walk-in,Retail,CUS-1133,,Electrical,Socket 13A,1,391.07,0.03,391.07,379.34,245.4,245.4,133.94,,0,379.34,0,379.34,-0.0,0,-1,-245.4,,CN,0
TXN-00788,2025-08-11,SALE,INV-2508-0788,Rongai Home & Agro Supplies,Kiserian,Walk-in,Contractor,CUS-1027,,Household,Jerrycan 20L,4,782.15,0.0788,3128.6,2882.07,476.13,1904.52,977.55,,0,2882.07,0,2882.07,-0.0,0,-4,-1904.52,,ER,0
TXN-01424,2026-01-26,PURCHASE,GRN-2601-1424,Rongai Home & Agro Supplies,Kiserian,Supplier,,,AgroLink Kenya,Building Materials,2x2 Timber 12ft,4,390.2,0,0,0,390.2,1560.8,0,Purchase,0,0.0,1560.8,0,0,0,4,1560.8,,BM,0
TXN-00264,2025-03-18,SALE,INV-2503-0264,Rongai Home & Agro Supplies,Ongata Rongai,Walk-in,Retail,CUS-1084,,Building Materials,Cement 50kg,3,807.59,0,2422.77,2422.77,651.12,1953.36,469.41,,0,2422.77,0,2422.77,-0.0,0,-3,-1953.36,,JK,1
TXN-00593,2025-06-17,SALE,INV-2506-0593,Rongai Home & Agro Supplies,Kiserian,Phone Order,Retail,CUS-1005,,Animal Feeds,Chicken Feed 10kg,0,961.19,0.02,961.19,941.97,757.91,757.91,184.06,,0,941.97,0,941.97,-0.0,0,-1,-757.91,,CN,0
TXN-01765,2026-04-29,SALE,INV-2604-1765,Rongai Home & Agro Supplies,Ongata Rongai,WhatsApp,Retail,CUS-1066,,Household,Jerrycan 20L,1,755.4,0.01,755.4,747.85,547.73,547.73,200.12,,0,747.85,0,747.85,-0.0,0,-1,-547.73,,DK,0
TXN-01439,2026-01-30,PURCHASE,GRN-2601-1439,Rongai Home & Agro Supplies,Ongata Rongai,Supplier,,,Nairobi Electrical Mart,Hardware,Spade Steel,3,782.96,0,0,0,782.96,2348.88,0,Purchase,0,822.11,1526.77,0,0,0,3,2348.88,,ER,0
TXN-00987,2025-10-03,SALE,INV-2510-0987,Rongai Home & Agro Supplies,Kiserian,M-Pesa Till,Retail,CUS-1182,,Building Materials,2x2 Timber 12ft,3,532.63,0.02,1597.89,1565.93,384.94,1154.82,411.11,,0,1565.93,0,1565.93,-0.0,0,-3,-1154.82,,JK,0
TXN-00214,2025-03-03,PURCHASE,GRN-2503-0214,Rongai Home & Agro Supplies,Kiserian,Supplier,,,Eastlands Hardware Wholesalers,Agro Inputs,Maize Seed 2kg,6,419.23,0,0,0,419.23,2515.38,0,Purchase,0,0.0,2515.38,0,0,0,6,2515.38,,JK,0
TXN-01071,2025-10-25,SALE,INV-2510-1071,Rongai Home & Agro Supplies,Kiserian,M-Pesa Till,Retail,CUS-1123,,Electrical,LED Bulb 12W,5,290.76,0.02,1453.8,1424.72,159.41,797.05,627.67,,0,1424.72,0,1424.72,-0.0,0,-5,-797.05,,AM,0
TXN-01419,2026-01-25,CUSTOMER_PAYMENT,RCPT-2601-1419,Rongai Home & Agro Supplies,Ongata Rongai,Collections,Contractor,CUS-1012,,,,0,0,0,0,0,0,0,0,Customer Collection,0,10547.0,0,10547.0,10547.0,0,0,0,Mpesa,ER,0
TXN-01799,2026-05-08,SALE,INV-2605-1799,Rongai Home & Agro Supplies,Ongata Rongai,Credit Customer,Contractor,CUS-1164,,Agro Inputs,Foliar Feed 1L,9,1005.62,0.063,9050.58,8480.39,688.88,6199.92,2280.47,,0,0.0,0,0.0,-8480.39,0,-9,-6199.92,,CN,0
TXN-02135,2026-08-16,EXPENSE,EXP-2608-2135,Rongai Home & Agro Supplies,Ongata Rongai,Back Office,,,,,,0,0,0,0,0,0,0,0,Repairs,15898.37,0,15898.37,0,0,0,0,0,M-PESA,ER,0
TXN-01452,03/02/2026,SALE,INV-2602-1452,Rongai Home & Agro Supplies,Kiserian,Phone Order,Contractor,CUS-1169,,Building Materials,Cement 50kg,10,832.09,0.037,8320.9,8013.03,713.18,7131.8,881.23,,0,8013.03,0,8013.03,-0.0,0,-10,-7131.8,,JK,0
TXN-00844,2025-08-27,SALE,INV-2508-0844,Rongai Home & Agro Supplies,Kiserian,M-Pesa Till,Farmer,CUS-1110,,Building Materials,2x2 Timber 12ft,1,506.62,0,506.62,506.62,379.66,379.66,126.96,,0,506.62,0,506.62,-0.0,0,-1,-379.66,,BM,0
TXN-02074,2026-07-30,EXPENSE,EXP-2607-2074,Rongai Home & Agro Supplies,Kiserian,Back Office,,,,,,0,0,0,0,0,0,0,0,Staff Salaries,78815.41,0,78815.41,0,0,0,0,0,M-PESA,BM,0
TXN-01090,2025-10-30,EXPENSE,EXP-2510-1090,Rongai Home & Agro Supplies,Ongata Rongai,Back Office,,,,,,0,0,0,0,0,0,0,0,Miscellaneous,5094,0,5094,0,0,0,0,0,Cash,JK,0
TXN-00579,2025-06-12,SALE,INV-2506-0579,Rongai Home & Agro Supplies,Kiserian,M-Pesa Till,Retail,CUS-1024,,Hardware,Spade Steel,1,1267.72,0.05,1267.72,1204.33,800.0,800.0,404.33,,0,1204.33,0,1204.33,-0.0,0,-1,-800.0,,JK,0
TXN-00172,2025-02-19,SALE,INV-2502-0172,Rongai Home & Agro Supplies,Kiserian,M-Pesa Till,Institution,CUS-1096,,Animal Feeds,Dairy Meal 25kg,4,2596.21,0.0432,10384.84,9936.21,2054.64,8218.56,1717.65,,0,9936.21,0,9936.21,-0.0,0,-4,-8218.56,,BM,0
TXN-01562,2026-03-07,SALE,INV-2603-1562,Rongai Home & Agro Supplies,Ongata Rongai,WhatsApp,Retail,CUS-1057,,Paints,Gloss Paint 4L,1,2525.2,0,2525.2,2525.2,1785.56,1785.56,739.64,,0,2525.2,0,2525.2,-0.0,0,-1,-1785.56,,AM,0
TXN-01766,2026-04-29,SALE,INV-2604-1766,Rongai Home & Agro Supplies,Ongata Rongai,Walk-in,Retail,CUS-1041,,Building Materials,Cement 50kg,5,772.72,0.01,3863.6,3824.96,741.59,3707.95,117.01,,0,3824.96,0,3824.96,-0.0,0,-5,-3707.95,,BM,0
TXN-01821,2026-05-15,EXPENSE,EXP-2605-1821,Rongai Home & Agro Supplies,Ongata Rongai,Back Office,,,,,,0,0,0,0,0,0,0,0,Rent,56646.17,0,56646.17,0,0,0,0,0,M-PESA,ER,0
TXN-02212,2025-01-12,SUPPLIER_PAYMENT,SP-2501-2212,Rongai Home & Agro Supplies,Kiserian,Supplier,,,Eastlands Hardware Wholesalers,,,0,0,0,0,0,0,0,0,Supplier Payment,0,0,59136.0,0,0,0,0,0,M-PESA,DK,0
TXN-01664,2026-04-02,SALE,INV-2604-1664,Rongai Home & Agro Supplies,Ongata Rongai,WhatsApp,Retail,CUS-1144,,Agro Inputs,DAP Fertilizer 50kg,2,5473.74,0.05,10947.48,10400.11,4769.17,9538.34,861.77,,0,10400.11,0,10400.11,-0.0,0,-2,-9538.34,,DK,0
TXN-00201,2025-02-27,SALE,INV-2502-0201,Rongai Home & Agro Supplies,Kiserian,Phone Order,Retail,CUS-1090,,Hardware,Hammer 16oz,1,850.76,0.08,850.76,782.7,508.43,508.43,274.27,,0,782.7,0,782.7,-0.0,0,-1,-508.43,,DK,0
TXN-01082,2025-10-29,SALE,INV-2510-1082,Rongai Home & Agro Supplies,Kiserian,M-Pesa Till,Retail,CUS-1139,,Building Materials,Cement 50kg,4,768.36,0,3073.44,3073.44,646.21,2584.84,488.6,,0,3073.44,0,3073.44,-0.0,0,-4,-2584.84,,AM,0
TXN-00498,17-05-2025,SALE,INV-2505-0498,Rongai Home & Agro Supplies,Kiserian,WhatsApp,Retail,CUS-1030,,Agro Inputs,Foliar Feed 1L,1,982.71,0,982.71,982.71,638.52,638.52,344.19,,0,982.71,0,982.71,-0.0,0,-1,-638.52,,DK,1
TXN-02224,2026-03-10,SUPPLIER_PAYMENT,SP-2603-2224,Rongai Home & Agro Supplies,Ongata Rongai,Supplier,,,AgroLink Kenya,,,0,0,0,0,0,0,0,0,Supplier Payment,0,0,12846.0,0,0,0,0,0,Bank Transfer,ER,0
TXN-00671,2025-07-09,SALE,INV-2507-0671,Rongai Home & Agro Supplies,Kiserian,Phone Order,Retail,CUS-1004,,Animal Feeds,Dairy Meal 25kg,1,2378.23,0,2378.23,2378.23,2041.28,2041.28,336.95,,0,2378.23,0,2378.23,-0.0,0,-1,-2041.28,,ER,0
TXN-00868,2025-09-02,SALE,INV-2509-0868,Rongai Home & Agro Supplies,Kiserian,WhatsApp,Retail,CUS-1149,,Building Materials,Cement 50kg,10,774.66,0.01,7746.6,7669.13,667.08,6670.8,998.33,,0,7669.13,0,7669.13,-0.0,0,-10,-6670.8,,ER,0
TXN-00335,05-04-2025,SALE,INV-2504-0335,Rongai Home & Agro Supplies,Kiserian,M-Pesa Till,Institution,CUS-1092,,Plumbing,PVC Tee 20mm,14,81.12,0.0339,1135.68,1097.18,47.89,670.46,426.72,,0,1097.18,0,1097.18,-0.0,0,-14,-670.46,,JK,0
TXN-00681,2025-07-11,EXPENSE,EXP-2507-0681,Rongai Home & Agro Supplies,Ongata Rongai,Back Office,,,,,,0,0,0,0,0,0,0,0,Electricity,12416,0,12416,0,0,0,0,0,Bank Transfer,ER,0
TXN-00315,2025-04-01,SALE,INV-2504-0315,Rongai Home & Agro Supplies,Ongata Rongai,WhatsApp,Reseller,CUS-1013,,Building Materials,Galvanized Roofing Sheet 3m,7,1188.8,0.0694,8321.6,7744.08,924.72,6473.04,1271.04,,0,3872.04,0,3872.04,-3872.04,0,-7,-6473.04,,BM,0
TXN-00414,2025-04-24,SALE,INV-2504-0414,Rongai Home & Agro Supplies,Kiserian,M-Pesa Till,Retail,CUS-1019,,Plumbing,PVC Tee 20mm,1,90.87,0,90.87,90.87,49.9,49.9,40.97,,0,90.87,0,90.87,-0.0,0,-1,-49.9,,JK,0
TXN-01435,2026-01-30,SALE,INV-2601-1435,Rongai Home & Agro Supplies,Kiserian,WhatsApp,Farmer,CUS-1180,,Building Materials,Damp Proof Course 20m,1,1340.96,0.01,1340.96,1327.55,900.05,900.05,427.5,,0,1327.55,0,1327.55,-0.0,0,-1,-900.05,,JK,0
TXN-00779,2025-08-08,PURCHASE,GRN-2508-0779,Rongai Home & Agro Supplies,Kiserian,Supplier,,,Nairobi Electrical Mart,Animal Feeds,Mineral Lick 2kg,3,373.68,0,0,0,373.68,1121.04,0,Purchase,0,1121.04,0.0,0,0,0,3,1121.04,,JK,0
TXN-00623,2025-06-25,SALE,INV-2506-0623,Rongai Home & Agro Supplies,Ongata Rongai,M-Pesa Till,Retail,CUS-1107,,Paints,20L Emulsion Paint,1,4992.29,0,4992.29,4992.29,3929.25,3929.25,1063.04,,0,4992.29,0,4992.29,-0.0,0,-1,-3929.25,,AM,0
TXN-01971,2026-07-01,SALE,INV-2607-1971,Rongai Home & Agro Supplies,Ongata Rongai,M-Pesa Till,Reseller,CUS-1086,,Plumbing,PVC Tee 20mm,14,81.2,0.0652,1136.8,1062.68,54.7,765.8,296.88,,0,0.0,0,0.0,-1062.68,0,-14,-765.8,,JK,1
TXN-00417,2025-04-25,SALE,INV-2504-0417,Rongai Home & Agro Supplies,Ongata Rongai,WhatsApp,Farmer,CUS-1124,,Hardware,Spade Steel,1,1255.29,0.01,1255.29,1242.74,797.92,797.92,444.82,,0,1242.74,0,1242.74,-0.0,0,-1,-797.92,,JK,0
TXN-00093,2025-01-28,SALE,INV-2501-0093,Rongai Home & Agro Supplies,Kiserian,Walk-in,Retail,CUS-1142,,Paints,Paint Brush 4in,3,175.8,0.03,527.4,511.58,99.25,297.75,213.83,,0,511.58,0,511.58,-0.0,0,-3,-297.75,,BM,0
TXN-00405,2025-04-23,SALE,INV-2504-0405,Rongai Home & Agro Supplies,Kiserian,WhatsApp,Retail,CUS-1144,,Electrical,LED Bulb 12W,1,272.94,0,272.94,272.94,158.8,158.8,114.14,,0,272.94,0,272.94,-0.0,0,-1,-158.8,,ER,0
TXN-01890,2026-06-06,SALE,INV-2606-1890,Rongai Home & Agro Supplies,Kiserian,Phone Order,Retail,CUS-1106,,Household,Jerrycan 20L,1,798.15,0.02,798.15,782.19,552.89,552.89,229.3,,0,782.19,0,782.19,-0.0,0,-1,-552.89,,CN,0
TXN-01692,2026-04-10,SALE,INV-2604-1692,Rongai Home & Agro Supplies,Kiserian,Phone Order,Contractor,CUS-1065,,Agro Inputs,Maize Seed 2kg,9,663.26,0.088,5969.34,5444.04,488.5,4396.5,1047.54,,0,0.0,0,0.0,-5444.04,0,-9,-4396.5,,BM,0
TXN-01101,2025-11-01,CUSTOMER_PAYMENT,RCPT-2511-1101,Rongai Home & Agro Supplies,Kiserian,Collections,Contractor,CUS-1001,,,,0,0,0,0,0,0,0,0,Customer Collection,0,4266.0,0,4266.0,4266.0,0,0,0,Mpesa,DK,0
TXN-00326,2025-04-03,SALE,INV-2504-0326,Rongai Home & Agro Supplies,Ongata Rongai,WhatsApp,Farmer,CUS-1171,,Electrical,Switch 1 Gang,1,263.95,0.08,263.95,242.83,141.14,141.14,101.69,,0,242.83,0,242.83,-0.0,0,-1,-141.14,,CN,0
TXN-01614,2026-03-20,SALE,INV-2603-1614,Rongai Home & Agro Supplies,Ongata Rongai,Phone Order,Retail,CUS-1021,,Building Materials,Cement 50kg,5,778.44,0.08,3892.2,3580.82,689.3,3446.5,134.32,,0,3580.82,0,3580.82,-0.0,0,-5,-3446.5,,DK,0
TXN-01046,2025-10-18,SALE,INV-2510-1046,Rongai Home & Agro Supplies,Ongata Rongai,Phone Order,Farmer,CUS-1022,,Building Materials,Cement 50kg,8,841.15,0.05,6729.2,6392.74,680.5,5444.0,948.74,,0,6392.74,0,6392.74,-0.0,0,-8,-5444.0,,AM,0
TXN-01202,2025-11-30,SALE,INV-2511-1202,Rongai Home & Agro Supplies,Ongata Rongai,Walk-in,Retail,CUS-1152,,Building Materials,Cement 50kg,2,802.28,0,1604.56,1604.56,665.35,1330.7,273.86,,0,1604.56,0,1604.56,-0.0,0,-2,-1330.7,,JK,0
TXN-01488,2026-02-14,SALE,INV-2602-1488,Rongai Home & Agro Supplies,Kiserian,Credit Customer,Reseller,CUS-1094,,Animal Feeds,Dairy Meal 25kg,11,2550.4,0.0412,28054.4,26898.56,2032.52,22357.72,4540.84,,0,10759.42,0,10759.42,-16139.14,0,-11,-22357.72,,ER,0
TXN-01079,2025-10-28,SALE,INV-2510-1079,Rongai Home & Agro Supplies,Ongata Rongai,M-Pesa Till,Retail,CUS-1012,,Electrical,LED Bulb 12W,2,274.36,0,548.72,548.72,154.91,309.82,238.9,,0,548.72,0,548.72,-0.0,0,-2,-309.82,,CN,0
TXN-00440,2025-04-30,PURCHASE,GRN-2504-0440,Rongai Home & Agro Supplies,Kiserian,Supplier,,,Nairobi Electrical Mart,Electrical,LED Bulb 12W,3,160.18,0,0,0,160.18,480.54,0,Purchase,0,168.19,312.35,0,0,0,3,480.54,,DK,0
TXN-00238,2025-03-10,SALE,INV-2503-0238,Rongai Home & Agro Supplies,Ongata Rongai,Phone Order,Contractor,CUS-1068,,Building Materials,Galvanized Roofing Sheet 3m,13,1224.8,0.0765,15922.4,14704.34,877.64,11409.32,3295.02,,0,14704.34,0,14704.34,-0.0,0,-13,-11409.32,,DK,0
TXN-01925,2026-06-17,SALE,INV-2606-1925,Rongai Home & Agro Supplies,Kiserian,Phone Order,Retail,CUS-1157,,Agro Inputs,Maize Seed 2kg,1,613.99,0.08,613.99,564.87,486.92,486.92,77.95,,0,564.87,0,564.87,-0.0,0,-1,-486.92,,ER,0
TXN-01592,2026-03-14,EXPENSE,EXP-2603-1592,Rongai Home & Agro Supplies,Kiserian,Back Office,,,,,,0,0,0,0,0,0,0,0,Marketing,7185,0,7185,0,0,0,0,0,M-PESA,AM,0
TXN-00202,2025-02-27,SALE,INV-2502-0202,Rongai Home & Agro Supplies,Kiserian,WhatsApp,Retail,CUS-1134,,Agro Inputs,Maize Seed 2kg,4,624.98,0.08,2499.92,2299.93,436.88,1747.52,552.41,,0,2299.93,0,2299.93,-0.0,0,-4,-1747.52,,AM,0
TXN-01441,2026-01-31,SALE,INV-2601-1441,Rongai Home & Agro Supplies,Kiserian,Walk-in,Retail,CUS-1063,,Agro Inputs,Maize Seed 2kg,4,645.27,0.08,2581.08,2374.59,474.57,1898.28,476.31,,0,2374.59,0,2374.59,-0.0,0,-4,-1898.28,,ER,0
TXN-00639,2025-06-30,SALE,INV-2506-0639,Rongai Home & Agro Supplies,Kiserian,Walk-in,Retail,CUS-1170,,Agro Inputs,Maize Seed 2kg,3,652.39,0.02,1957.17,1918.03,458.45,1375.35,542.68,,0,1918.03,0,1918.03,-0.0,0,-3,-1375.35,,BM,0
TXN-00821,2025-08-20,SALE,INV-2508-0821,Rongai Home & Agro Supplies,Ongata Rongai,M-Pesa Till,Contractor,CUS-1116,,Paints,Paint Brush 4in,10,179.34,0.0287,1793.4,1741.93,95.69,956.9,785.03,,0,1741.93,0,1741.93,-0.0,0,-10,-956.9,,CN,0
TXN-01896,2026-06-08,SALE,INV-2606-1896,Rongai Home & Agro Supplies,Kiserian,Walk-in,Contractor,CUS-1043,,Building Materials,Cement 50kg,12,750.43,0.1021,9005.16,8085.73,723.61,8683.32,-597.59,,0,4042.86,0,4042.86,-4042.87,0,-12,-8683.32,,CN,0
TXN-02180,2026-08-31,SALE,INV-2608-2180,Rongai Home & Agro Supplies,Ongata Rongai,Phone Order,Contractor,CUS-1120,,Paints,Paint Brush 4in,3,184.17,0.0305,552.51,535.66,105.14,315.42,220.24,,0,214.26,0,214.26,-321.4,0,-3,-315.42,,DK,0
TXN-00542,2025-06-01,SALE,INV-2506-0542,Rongai Home & Agro Supplies,Kiserian,WhatsApp,Contractor,CUS-1127,,Building Materials,Cement 50kg,5,809.91,0.041,4049.55,3883.52,664.69,3323.45,560.07,,0,3883.52,0,3883.52,-0.0,0,-5,-3323.45,,CN,0
TXN-00189,2025-02-24,SALE,INV-2502-0189,Rongai Home & Agro Supplies,Ongata Rongai,WhatsApp,Retail,CUS-1115,,Building Materials,Cement 50kg,6,831.95,0.05,4991.7,4742.11,682.36,4094.16,647.95,,0,4742.11,0,4742.11,-0.0,0,-6,-4094.16,,DK,0
TXN-02217,2025-02-14,SUPPLIER_PAYMENT,SP-2502-2217,Rongai Home & Agro Supplies,Kiserian,Supplier,,,Nairobi Electrical Mart,,,0,0,0,0,0,0,0,0,Supplier Payment,0,0,47746.0,0,0,0,0,0,Cash,ER,0
TXN-00215,2025-03-03,CUSTOMER_PAYMENT,RCPT-2503-0215,Rongai Home & Agro Supplies,Kiserian,Collections,Contractor,CUS-1060,,,,0,0,0,0,0,0,0,0,Customer Collection,0,3242.0,0,3242.0,3242.0,0,0,0,Mpesa,ER,0
TXN-02084,2026-08-02,CUSTOMER_PAYMENT,RCPT-2608-2084,Rongai Home & Agro Supplies,Kiserian,Collections,Contractor,CUS-1030,,,,0,0,0,0,0,0,0,0,Customer Collection,0,18550.0,0,18550.0,18550.0,0,0,0,M-PESA,ER,0
TXN-01520,2026-02-23,PURCHASE,GRN-2602-1520,Rongai Home & Agro Supplies,Ongata Rongai,Supplier,,,AgroLink Kenya,Building Materials,2x2 Timber 12ft,14,378.5,0,0,0,378.5,5299.0,0,Purchase,0,1854.65,3444.35,0,0,0,14,5299.0,,JK,0
TXN-00778,2025-08-08,SALE,INV-2508-0778,Rongai Home & Agro Supplies,Kiserian,WhatsApp,Retail,CUS-1129,,Plumbing,PVC Tee 20mm,1,81.84,0,81.84,81.84,48.36,48.36,33.48,,0,81.84,0,81.84,-0.0,0,-1,-48.36,,JK,0
TXN-01833,2026-05-19,SALE,INV-2605-1833,Rongai Home & Agro Supplies,Kiserian,WhatsApp,Farmer,CUS-1032,,Building Materials,Galvanized Roofing Sheet 3m,1,1123.27,0.03,1123.27,1089.57,971.96,971.96,117.61,,0,1089.57,0,1089.57,-0.0,0,-1,-971.96,,DK,0
TXN-01577,2026-03-11,SALE,INV-2603-1577,Rongai Home & Agro Supplies,Kiserian,M-Pesa Till,Retail,CUS-1071,,Plumbing,20mm PVC Pipe 6m,2,848.6,0.02,1697.2,1663.26,624.96,1249.92,413.34,,0,1663.26,0,1663.26,-0.0,0,-2,-1249.92,,BM,0
TXN-00014,2025-01-03,PURCHASE,GRN-2501-0014,Rongai Home & Agro Supplies,Kiserian,Supplier,,,Eastlands Hardware Wholesalers,Agro Inputs,Knapsack Sprayer 20L,3,3166.09,0,0,0,3166.09,9498.27,0,Purchase,0,7123.7,2374.57,0,0,0,3,9498.27,,BM,0
TXN-02250,2025-12-09,SUPPLIER_PAYMENT,SP-2512-2250,Rongai Home & Agro Supplies,Kiserian,Supplier,,,Mara Distributors,,,0,0,0,0,0,0,0,0,Supplier Payment,0,0,52970.0,0,0,0,0,0,Cash,JK,0
TXN-00551,2025-06-03,SALE,INV-2506-0551,Rongai Home & Agro Supplies,Kiserian,Walk-in,Reseller,CUS-1172,,Electrical,Electrical Cable 1.5mm 90m,9,7839.86,0.031,70558.74,68371.42,6020.14,54181.26,14190.16,,0,0.0,0,0.0,-68371.42,0,-9,-54181.26,,ER,0
TXN-00895,2025-09-09,CUSTOMER_PAYMENT,RCPT-2509-0895,Rongai Home & Agro Supplies,Ongata Rongai,Collections,Contractor,CUS-1125,,,,0,0,0,0,0,0,0,0,Customer Collection,0,9256.0,0,9256.0,9256.0,0,0,0,M-PESA,JK,0
TXN-01822,2026-05-16,SALE,INV-2605-1822,Rongai Home & Agro Supplies,Kiserian,Walk-in,Farmer,CUS-1028,,Building Materials,Binding Wire 25kg,1,4475.38,0.03,4475.38,4341.12,3683.91,3683.91,657.21,,0,4341.12,0,4341.12,-0.0,0,-1,-3683.91,,AM,0
TXN-00220,2025-03-05,SALE,INV-2503-0220,Rongai Home & Agro Supplies,Kiserian,WhatsApp,Farmer,CUS-1116,,Agro Inputs,DAP Fertilizer 50kg,2,5847.47,0,11694.94,11694.94,4257.18,8514.36,3180.58,,0,11694.94,0,11694.94,-0.0,0,-2,-8514.36,,AM,0
TXN-02068,2026-07-29,SALE,INV-2607-2068,Rongai Home & Agro Supplies,Kiserian,WhatsApp,Farmer,CUS-1182,,Building Materials,Galvanized Roofing Sheet 3m,2,1168.25,0.01,2336.5,2313.13,969.54,1939.08,374.05,,0,2313.13,0,2313.13,-0.0,0,-2,-1939.08,,CN,0
TXN-01401,2026-01-20,SALE,INV-2601-1401,Rongai Home & Agro Supplies,Kiserian,M-Pesa Till,Retail,CUS-1149,,Plumbing,PVC Tee 20mm,1,83.41,0.01,83.41,82.58,50.81,50.81,31.77,,0,82.58,0,82.58,-0.0,0,-1,-50.81,,JK,0
TXN-01302,24-12-2025,SALE,INV-2512-1302,Rongai Home & Agro Supplies,Kiserian,M-Pesa Till,Contractor,CUS-1079,,Electrical,Switch 1 Gang,11,252.65,0.0661,2779.15,2595.45,150.66,1657.26,938.19,,0,2595.45,0,2595.45,-0.0,0,-11,-1657.26,,BM,0
TXN-00303,2025-03-28,CUSTOMER_PAYMENT,RCPT-2503-0303,Rongai Home & Agro Supplies,Kiserian,Collections,Contractor,CUS-1002,,,,0,0,0,0,0,0,0,0,Customer Collection,0,3286.0,0,3286.0,3286.0,0,0,0,Bank Transfer,AM,0
TXN-02076,2026-07-31,SALE,INV-2607-2076,Rongai Home & Agro Supplies,Ongata Rongai,Walk-in,Institution,CUS-1087,,Animal Feeds,Chicken Feed 10kg,14,942.82,0.0828,13199.48,12106.56,866.83,12135.62,-29.06,,0,6053.28,0,6053.28,-6053.28,0,-14,-12135.62,,AM,0
TXN-00833,2025-08-22,SALE,INV-2508-0833,Rongai Home & Agro Supplies,Kiserian,WhatsApp,Reseller,CUS-1168,,Animal Feeds,Mineral Lick 2kg,8,606.27,0.0772,4850.16,4475.73,380.71,3045.68,1430.05,,0,0.0,0,0.0,-4475.73,0,-8,-3045.68,,AM,0
TXN-01376,2026-01-12,PURCHASE,GRN-2601-1376,Rongai Home & Agro Supplies,Ongata Rongai,Supplier,,,AgroLink Kenya,Hardware,Padlock 50mm,3,437.96,0,0,0,437.96,1313.88,0,Purchase,0,459.86,854.02,0,0,0,3,1313.88,,AM,0
TXN-01924,2026-06-16,SALE,INV-2606-1924,Rongai Home & Agro Supplies,Kiserian,M-Pesa Till,Contractor,CUS-1102,,Agro Inputs,Foliar Feed 1L,3,957.64,0.056,2872.92,2712.04,672.97,2018.91,693.13,,0,1356.02,0,1356.02,-1356.02,0,-3,-2018.91,,ER,0
TXN-00753,2025-08-02,SALE,INV-2508-0753,Rongai Home & Agro Supplies,Kiserian,Phone Order,Reseller,CUS-1058,,Animal Feeds,Dairy Meal 25kg,5,2572.32,0.0496,12861.6,12223.66,1939.99,9699.95,2523.71,,0,12223.66,0,12223.66,-0.0,0,-5,-9699.95,,JK,0
TXN-00532,2025-05-28,CUSTOMER_PAYMENT,RCPT-2505-0532,Rongai Home & Agro Supplies,Ongata Rongai,Collections,Contractor,CUS-1088,,,,0,0,0,0,0,0,0,0,Customer Collection,0,4039.0,0,4039.0,4039.0,0,0,0,Mpesa,ER,0
TXN-01123,07/11/2025,SALE,INV-2511-1123,Rongai Home & Agro Supplies,Kiserian,M-Pesa Till,Reseller,CUS-1153,,Hardware,Padlock 50mm,4,696.09,0.0328,2784.36,2693.03,427.81,1711.24,981.79,,0,2693.03,0,2693.03,-0.0,0,-4,-1711.24,,AM,0
TXN-00921,2025-09-16,SALE,INV-2509-0921,Rongai Home & Agro Supplies,Ongata Rongai,Phone Order,Farmer,CUS-1058,,Building Materials,Cement 50kg,1,779.72,0,779.72,779.72,639.93,639.93,139.79,,0,779.72,0,779.72,-0.0,0,-1,-639.93,,ER,0
TXN-00561,2025-06-06,SALE,INV-2506-0561,Rongai Home & Agro Supplies,Ongata Rongai,Walk-in,Retail,CUS-1086,,Hardware,Spade Steel,1,1207.74,0,1207.74,1207.74,816.81,816.81,390.93,,0,1207.74,0,1207.74,-0.0,0,-1,-816.81,,JK,0
TXN-01795,2026-05-07,SALE,INV-2605-1795,Rongai Home & Agro Supplies,Kiserian,WhatsApp,Retail,CUS-1024,,Agro Inputs,Foliar Feed 1L,1,948.61,0,948.61,948.61,662.48,662.48,286.13,,0,948.61,0,948.61,-0.0,0,-1,-662.48,,AM,0
TXN-02252,2025-05-22,SUPPLIER_PAYMENT,SP-2505-2252,Rongai Home & Agro Supplies,Kiserian,Supplier,,,AgroLink Kenya,,,0,0,0,0,0,0,0,0,Supplier Payment,0,0,23545.0,0,0,0,0,0,M-PESA,BM,0
TXN-00313,2025-03-31,PURCHASE,GRN-2503-0313,Rongai Home & Agro Supplies,Kiserian,Supplier,,,Rift Valley Cement Depot,Building Materials,Galvanized Roofing Sheet 3m,34,861.36,0,0,0,861.36,29286.24,0,Purchase,0,14643.12,14643.12,0,0,0,34,29286.24,,JK,0
TXN-00659,2025-07-05,SALE,INV-2507-0659,Rongai Home & Agro Supplies,Ongata Rongai,M-Pesa Till,Contractor,CUS-1115,,Plumbing,PVC Elbow 20mm,14,79.3,0.0553,1110.2,1048.81,44.82,627.48,421.33,,0,419.52,0,419.52,-629.29,0,-14,-627.48,,DK,0
TXN-01665,2026-04-02,SALE,INV-2604-1665,Rongai Home & Agro Supplies,Kiserian,Phone Order,Retail,CUS-1015,,Agro Inputs,CAN Fertilizer 50kg,1,5047.46,0,5047.46,5047.46,4279.05,4279.05,768.41,,0,5047.46,0,5047.46,-0.0,0,-1,-4279.05,,ER,0
TXN-01842,2026-05-22,SALE,INV-2605-1842,Rongai Home & Agro Supplies,Ongata Rongai,WhatsApp,Retail,CUS-1006,,Agro Inputs,Maize Seed 2kg,3,669.09,0.05,2007.27,1906.91,499.88,1499.64,407.27,,0,1906.91,0,1906.91,-0.0,0,-3,-1499.64,,BM,0
TXN-00304,2025-03-29,SALE,INV-2503-0304,Rongai Home & Agro Supplies,Ongata Rongai,Walk-in,Retail,CUS-1088,,Building Materials,2x2 Timber 12ft,1,555.71,0.05,555.71,527.92,376.33,376.33,151.59,,0,527.92,0,527.92,-0.0,0,-1,-376.33,,AM,0
TXN-00535,2025-05-29,SALE,INV-2505-0535,Rongai Home & Agro Supplies,Ongata Rongai,Phone Order,Institution,CUS-1172,,Building Materials,2x2 Timber 12ft,12,504.37,0.0203,6052.44,5929.58,388.32,4659.84,1269.74,,0,0.0,0,0.0,-5929.58,0,-12,-4659.84,,CN,0
TXN-00060,2025-01-17,PURCHASE,GRN-2501-0060,Rongai Home & Agro Supplies,Kiserian,Supplier,,,AgroLink Kenya,Animal Feeds,Mineral Lick 2kg,3,379.32,0,0,0,379.32,1137.96,0,Purchase,0,1137.96,0.0,0,0,0,3,1137.96,,ER,0
TXN-00177,2025-02-20,EXPENSE,EXP-2502-0177,Rongai Home & Agro Supplies,Ongata Rongai,Back Office,,,,,,0,0,0,0,0,0,0,0,Repairs,16271,0,16271,0,0,0,0,0,M-PESA,ER,0
TXN-01062,2025-10-23,SALE,INV-2510-1062,Rongai Home & Agro Supplies,Kiserian,M-Pesa Till,Institution,CUS-1117,,Building Materials,Galvanized Roofing Sheet 3m,10,1193.72,0.0318,11937.2,11557.6,934.3,9343.0,2214.6,,0,11557.6,0,11557.6,-0.0,0,-10,-9343.0,,CN,0
TXN-01411,2026-01-23,SALE,INV-2601-1411,Rongai Home & Agro Supplies,Kiserian,WhatsApp,Retail,CUS-1116,,Plumbing,20mm PVC Pipe 6m,6,824.54,0.02,4947.24,4848.3,641.34,3848.04,1000.26,,0,4848.3,0,4848.3,-0.0,0,-6,-3848.04,,DK,0
TXN-00378,2025-04-15,EXPENSE,EXP-2504-0378,Rongai Home & Agro Supplies,Kiserian,Back Office,,,,,,0,0,0,0,0,0,0,0,Bank Charges,897,0,897,0,0,0,0,0,Bank Transfer,CN,0
TXN-00487,2025-05-14,SALE,INV-2505-0487,Rongai Home & Agro Supplies,Ongata Rongai,Walk-in,Farmer,CUS-1126,,Plumbing,PVC Elbow 20mm,0,76.91,0.02,76.91,75.37,43.72,43.72,31.65,,0,75.37,0,75.37,-0.0,0,-1,-43.72,,JK,0
TXN-02027,2026-07-17,SALE,INV-2607-2027,Rongai Home & Agro Supplies,Kiserian,Credit Customer,Reseller,CUS-1183,,Building Materials,Cement 50kg,10,825.06,0.1012,8250.6,7415.64,725.84,7258.4,157.24,,0,3707.82,0,3707.82,-3707.82,0,-10,-7258.4,,BM,0
TXN-02089,2026-08-04,SALE,INV-2608-2089,Rongai Home & Agro Supplies,Ongata Rongai,WhatsApp,Farmer,CUS-1184,,Hardware,Spade Steel,2,1304.79,0.01,2609.58,2583.48,872.4,1744.8,838.68,,0,2583.48,0,2583.48,-0.0,0,-2,-1744.8,,ER,0
TXN-01719,2026-04-16,SALE,INV-2604-1719,Rongai Home & Agro Supplies,Kiserian,M-Pesa Till,Retail,CUS-1101,,Building Materials,2x2 Timber 12ft,2,539.74,0.01,1079.48,1068.69,406.08,812.16,256.53,,0,1068.69,0,1068.69,-0.0,0,-2,-812.16,,ER,0
TXN-01406,2026-01-21,SALE,INV-2601-1406,Rongai Home & Agro Supplies,Ongata Rongai,Phone Order,Farmer,CUS-1094,,Plumbing,PVC Elbow 20mm,1,79.81,0,79.81,79.81,44.25,44.25,35.56,,0,79.81,0,79.81,-0.0,0,-1,-44.25,,DK,0
TXN-00430,2025-04-28,CUSTOMER_PAYMENT,RCPT-2504-0430,Rongai Home & Agro Supplies,Kiserian,Collections,Contractor,CUS-1085,,,,0,0,0,0,0,0,0,0,Customer Collection,0,5456.0,0,5456.0,5456.0,0,0,0,Mpesa,JK,0
TXN-01230,2025-12-07,SALE,INV-2512-1230,Rongai Home & Agro Supplies,Ongata Rongai,WhatsApp,Institution,CUS-1079,,Plumbing,PVC Elbow 20mm,10,79.43,0.0544,794.3,751.09,44.32,443.2,307.89,,0,751.09,0,751.09,-0.0,0,-10,-443.2,,AM,0
TXN-01385,2026-01-14,PURCHASE,GRN-2601-1385,Rongai Home & Agro Supplies,Kiserian,Supplier,,,Mara Distributors,Hardware,Padlock 50mm,4,434.36,0,0,0,434.36,1737.44,0,Purchase,0,1737.44,0.0,0,0,0,4,1737.44,,BM,0
TXN-00425,2025-04-26,EXPENSE,EXP-2504-0425,Rongai Home & Agro Supplies,Kiserian,Back Office,,,,,,0,0,0,0,0,0,0,0,Internet,4000,0,4000,0,0,0,0,0,Bank Transfer,JK,0
TXN-00271,2025-03-20,SALE,INV-2503-0271,Rongai Home & Agro Supplies,Ongata Rongai,Phone Order,Reseller,CUS-1118,,Building Materials,Cement 50kg,10,803.37,0.0622,8033.7,7534.0,673.62,6736.2,797.8,,0,1883.5,0,1883.5,-5650.5,0,-10,-6736.2,,ER,0
TXN-01117,2025-11-06,SALE,INV-2511-1117,Rongai Home & Agro Supplies,Ongata Rongai,M-Pesa Till,Retail,CUS-1025,,Plumbing,20mm PVC Pipe 6m,2,850.9,0.03,1701.8,1650.75,592.95,1185.9,464.85,,0,1650.75,0,1650.75,-0.0,0,-2,-1185.9,,BM,0
TXN-00970,2025-09-29,SALE,INV-2509-0970,Rongai Home & Agro Supplies,Ongata Rongai,WhatsApp,Retail,CUS-1128,,Hardware,Spade Steel,2,1189.39,0.03,2378.78,2307.42,817.53,1635.06,672.36,,0,2307.42,0,2307.42,-0.0,0,-2,-1635.06,,DK,0
TXN-01006,2025-10-08,SALE,INV-2510-1006,Rongai Home & Agro Supplies,Ongata Rongai,WhatsApp,Farmer,CUS-1178,,Agro Inputs,DAP Fertilizer 50kg,1,5647.64,0,5647.64,5647.64,4309.14,4309.14,1338.5,,0,5647.64,0,5647.64,-0.0,0,-1,-4309.14,,BM,0
TXN-01096,2025-10-31,PURCHASE,GRN-2510-1096,Rongai Home & Agro Supplies,Ongata Rongai,Supplier,,,Eastlands Hardware Wholesalers,Plumbing,20mm PVC Pipe 6m,3,577.14,0,0,0,577.14,1731.42,0,Purchase,0,606.0,1125.42,0,0,0,3,1731.42,,DK,0
TXN-00864,2025-09-01,SALE,INV-2509-0864,Rongai Home & Agro Supplies,Kiserian,Phone Order,Farmer,CUS-1102,,Agro Inputs,Knapsack Sprayer 20L,1,4972.07,0,4972.07,4972.07,3217.14,3217.14,1754.93,,0,4972.07,0,4972.07,-0.0,0,-1,-3217.14,,CN,0
TXN-01429,2026-01-28,SALE,INV-2601-1429,Rongai Home & Agro Supplies,Ongata Rongai,Walk-in,Retail,CUS-1117,,Electrical,Switch 1 Gang,2,247.46,0,494.92,494.92,155.93,311.86,183.06,,0,494.92,0,494.92,-0.0,0,BANK,-311.86,,ER,0
TXN-02266,2026-03-03,SUPPLIER_PAYMENT,SP-2603-2266,Rongai Home & Agro Supplies,Kiserian,Supplier,,,Mara Distributors,,,0,0,0,0,0,0,0,0,Supplier Payment,0,0,64132.0,0,0,0,0,0,Bank Transfer,BM,0
TXN-01830,2026-05-18,PURCHASE,GRN-2605-1830,Rongai Home & Agro Supplies,Ongata Rongai,Supplier,,,Rift Valley Cement Depot,Animal Feeds,Chicken Feed 10kg,7,799.41,0,0,0,799.41,5595.87,0,Purchase,0,2797.93,2797.94,0,0,0,7,5595.87,,CN,0
TXN-01142,2025-11-14,SALE,,Rongai Home & Agro Supplies,Ongata Rongai,M-Pesa Till,Retail,CUS-1169,,Plumbing,PVC Elbow 20mm,1,79.86,0.03,79.86,77.46,44.69,44.69,32.77,,0,77.46,0,77.46,-0.0,0,-1,-44.69,,JK,0
TXN-00064,2025-01-18,SALE,INV-2501-0064,Rongai Home & Agro Supplies,Kiserian,M-Pesa Till,Contractor,CUS-1167,,Hardware,Hammer 16oz,5,828.48,0.032,4142.4,4009.84,514.19,2570.95,1438.89,,0,1603.94,0,1603.94,-2405.9,0,-5,-2570.95,,JK,0
TXN-02209,2025-09-25,SUPPLIER_PAYMENT,SP-2509-2209,Rongai Home & Agro Supplies,Kiserian,Supplier,,,Nairobi Electrical Mart,,,0,0,0,0,0,0,0,0,Supplier Payment,0,0,26255.0,0,0,0,0,0,M-PESA,AM,0
TXN-00217,2025-03-04,SALE,INV-2503-0217,Rongai Home & Agro Supplies,Ongata Rongai,Phone Order,Reseller,CUS-1090,,Plumbing,PVC Tee 20mm,9,88.21,0.0458,793.89,757.53,48.96,440.64,316.89,,0,189.38,0,189.38,-568.15,0,-9,-440.64,,BM,0
TXN-00211,2025-03-03,SALE,INV-2503-0211,Rongai Home & Agro Supplies,Ongata Rongai,WhatsApp,Retail,CUS-1176,,Electrical,LED Bulb 12W,10,267.99,0.02,2679.9,2626.3,154.99,1549.9,1076.4,,0,2626.3,0,2626.3,-0.0,0,-10,-1549.9,,AM,0
TXN-01534,2026-02-27,SALE,INV-2602-1534,Rongai Home & Agro Supplies,Ongata Rongai,Walk-in,Retail,CUS-1007,,Building Materials,2x2 Timber 12ft,3,529.01,0.01,1587.03,1571.16,396.36,1189.08,382.08,,0,1571.16,0,1571.16,-0.0,0,-3,-1189.08,,ER,0
TXN-01847,2026-05-24,EXPENSE,EXP-2605-1847,Rongai Home & Agro Supplies,Kiserian,Back Office,,,,,,0,0,0,0,0,0,0,0,Transport,4039.8,0,4039.8,0,0,0,0,0,Cash,DK,0
TXN-01086,2025-10-30,SALE,INV-2510-1086,Rongai Home & Agro Supplies,Kiserian,Phone Order,Retail,CUS-1054,,Plumbing,PVC Elbow 20mm,5,75.51,0.05,377.55,358.67,44.61,223.05,135.62,,0,358.67,0,358.67,-0.0,0,-5,-223.05,,BM,0
TXN-01662,2026-04-02,SALE,INV-2604-1662,Rongai Home & Agro Supplies,Ongata Rongai,M-Pesa Till,Retail,CUS-1146,,Building Materials,Cement 50kg,1,742.24,0.08,742.24,682.86,729.99,729.99,-47.13,,0,682.86,0,682.86,-0.0,0,-1,-729.99,,ER,0
TXN-01326,2025-12-30,SALE,INV-2512-1326,Rongai Home & Agro Supplies,Ongata Rongai,M-Pesa Till,Contractor,CUS-1155,,Agro Inputs,Foliar Feed 1L,7,930.71,0.0336,6514.97,6296.07,596.06,4172.42,2123.65,,0,6296.07,0,6296.07,-0.0,0,-7,-4172.42,,ER,0
TXN-01541,2026-03-02,SALE,INV-2603-1541,Rongai Home & Agro Supplies,Kiserian,Walk-in,Reseller,CUS-1102,,Plumbing,PVC Tee 20mm,9,82.31,0.0694,740.79,689.38,51.1,459.9,229.48,,0,172.34,0,172.34,-517.04,0,-9,-459.9,,CN,0
TXN-00021,2025-01-06,SALE,INV-2501-0021,Rongai Home & Agro Supplies,Kiserian,M-Pesa Till,Retail,CUS-1008,,Agro Inputs,DAP Fertilizer 50kg,1,5465.38,0.03,5465.38,5301.42,4422.14,4422.14,879.28,,0,5301.42,0,5301.42,-0.0,0,-1,-4422.14,,JK,0
TXN-00413,2025-04-24,SALE,INV-2504-0413,Rongai Home & Agro Supplies,Kiserian,Phone Order,Contractor,CUS-1101,,Electrical,Switch 1 Gang,3,274.01,0.0453,822.03,784.79,143.45,430.35,354.44,,0,784.79,0,784.79,-0.0,0,-3,-430.35,,BM,1
TXN-00959,2025-09-26,SALE,INV-2509-0959,Rongai Home & Agro Supplies,Kiserian,Walk-in,Retail,CUS-1114,,Electrical,Switch 1 Gang,2,257.4,0.05,514.8,489.06,145.61,291.22,197.84,,0,489.06,0,489.06,-0.0,0,-2,-291.22,,CN,0
TXN-00758,2025-08-04,SALE,INV-2508-0758,Rongai Home & Agro Supplies,Kiserian,M-Pesa Till,Retail,CUS-1181,,Plumbing,PVC Tee 20mm,5,82.35,0,411.75,411.75,48.09,240.45,171.3,,0,411.75,0,411.75,-0.0,0,-5,-240.45,,BM,0
TXN-02042,2026-07-22,SALE,INV-2607-2042,Rongai Home & Agro Supplies,Ongata Rongai,Phone Order,Contractor,CUS-1019,,Electrical,Switch 1 Gang,9,245.77,0.0998,2211.93,1991.18,161.49,1453.41,537.77,,0,0.0,0,0.0,-1991.18,0,-9,-1453.41,,JK,0
TXN-00318,2025-04-01,SALE,INV-2504-0318,Rongai Home & Agro Supplies,Kiserian,M-Pesa Till,Farmer,CUS-1172,,Electrical,Electrical Cable 1.5mm 90m,2,8405.58,0,16811.16,16811.16,5797.28,11594.56,5216.6,,0,16811.16,0,16811.16,-0.0,0,-2,-11594.56,,BM,0
TXN-01936,2026-06-20,SALE,INV-2606-1936,Rongai Home & Agro Supplies,Kiserian,M-Pesa Till,Retail,CUS-1049,,Plumbing,Basin Tap Chrome,1,1453.52,0,1453.52,1453.52,1071.1,1071.1,382.42,,0,1453.52,0,1453.52,-0.0,0,-1,-1071.1,,AM,0
TXN-01827,2026-05-18,SALE,INV-2605-1827,Rongai Home & Agro Supplies,Ongata Rongai,Walk-in,Reseller,CUS-1024,,Electrical,Switch 1 Gang,11,252.98,0.0891,2782.78,2534.83,162.7,1789.7,745.13,,0,1013.93,0,1013.93,-1520.9,0,-11,-1789.7,,BM,0
TXN-02210,2026-05-01,SUPPLIER_PAYMENT,SP-2605-2210,Rongai Home & Agro Supplies,Kiserian,Supplier,,,Rift Valley Cement Depot,,,0,0,0,0,0,0,0,0,Supplier Payment,0,0,41966.0,0,0,0,0,0,M-PESA,JK,0
TXN-01565,2026-03-09,SALE,INV-2603-1565,Rongai Home & Agro Supplies,Ongata Rongai,M-Pesa Till,Contractor,CUS-1022,,Paints,Gloss Paint 4L,8,2547.93,0.0468,20383.44,19429.5,1884.02,15072.16,4357.34,,0,4857.38,0,4857.38,-14572.12,0,-8,-15072.16,,BM,0
TXN-01397,2026-01-19,SALE,INV-2601-1397,Rongai Home & Agro Supplies,Ongata Rongai,WhatsApp,Retail,CUS-1155,,Building Materials,Cement 50kg,2,782.84,0.03,1565.68,1518.71,708.96,1417.92,100.79,,0,1518.71,0,1518.71,-0.0,0,-2,-1417.92,,ER,0
TXN-00992,2025-10-04,SALE,INV-2510-0992,Rongai Home & Agro Supplies,Kiserian,M-Pesa Till,Retail,CUS-1114,,Electrical,Switch 1 Gang,1,262.72,0.08,262.72,241.7,151.08,151.08,90.62,,0,241.7,0,241.7,-0.0,0,-1,-151.08,,ER,0
TXN-00140,2025-02-09,SALE,INV-2502-0140,Rongai Home & Agro Supplies,Kiserian,Phone Order,Farmer,CUS-1139,,Household,Jerrycan 20L,1,841.46,0.05,841.46,799.39,503.24,503.24,296.15,,0,799.39,0,799.39,-0.0,0,-1,-503.24,,CN,0
TXN-01185,2025-11-25,SALE,INV-2511-1185,Rongai Home & Agro Supplies,Kiserian,Credit Customer,Contractor,CUS-1112,,Plumbing,25mm PVC Pipe 6m,10,1131.03,0.0529,11310.3,10711.99,739.84,7398.4,3313.59,,0,0.0,0,0.0,-10711.99,0,-10,-7398.4,,JK,0
TXN-01681,2026-04-07,SALE,INV-2604-1681,Rongai Home & Agro Supplies,Kiserian,M-Pesa Till,Retail,CUS-1125,,Plumbing,PVC Tee 20mm,8,85.24,0.03,681.92,661.46,53.84,430.72,230.74,,0,661.46,0,661.46,-0.0,0,-8,-430.72,,ER,0
TXN-00922,2025-09-16,SALE,INV-2509-0922,Rongai Home & Agro Supplies,Ongata Rongai,WhatsApp,Farmer,CUS-1068,,Paints,Paint Brush 4in,1,178.91,0,178.91,178.91,98.19,98.19,80.72,,0,178.91,0,178.91,-0.0,0,-1,-98.19,,BM,0
TXN-01767,2026-04-29,SALE,INV-2604-1767,Rongai Home & Agro Supplies,Ongata Rongai,Walk-in,Reseller,CUS-1106,,Plumbing,25mm PVC Pipe 6m,7,1070.19,0.1123,7491.33,6650.05,843.67,5905.69,744.36,,0,6650.05,0,6650.05,-0.0,0,-7,-5905.69,,ER,0
TXN-01700,2026-04-13,SALE,INV-2604-1700,Rongai Home & Agro Supplies,Ongata Rongai,Phone Order,Reseller,CUS-1066,,Animal Feeds,Mineral Lick 2kg,12,654.88,0.0402,7858.56,7542.65,448.45,5381.4,2161.25,,0,7542.65,0,7542.65,-0.0,0,-12,-5381.4,,ER,0
TXN-00964,2025-09-27,SALE,INV-2509-0964,Rongai Home & Agro Supplies,Ongata Rongai,WhatsApp,Institution,CUS-1106,,Animal Feeds,Mineral Lick 2kg,11,657.04,0.0508,7227.44,6860.29,389.62,4285.82,2574.47,,0,3430.14,0,3430.14,-3430.15,0,-11,-4285.82,,DK,0
TXN-01396,2026-01-17,SALE,INV-2601-1396,Rongai Home & Agro Supplies,Ongata Rongai,Walk-in,Retail,CUS-1124,,Agro Inputs,Maize Seed 2kg,2,651.62,0.02,1303.24,1277.18,474.82,949.64,327.54,,0,1277.18,0,1277.18,-0.0,0,-2,-949.64,,AM,0
TXN-01960,2026-06-27,SALE,INV-2606-1960,Rongai Home & Agro Supplies,Kiserian,WhatsApp,Reseller,CUS-1054,,Plumbing,Basin Tap Chrome,13,1393.51,0.0515,18115.63,17182.68,1056.06,13728.78,3453.9,,0,0.0,0,0.0,-17182.68,0,-13,-13728.78,,JK,0
TXN-00423,2025-04-26,SALE,INV-2504-0423,Rongai Home & Agro Supplies,Kiserian,WhatsApp,Contractor,CUS-1137,,Electrical,Switch 1 Gang,3,273.01,0.0596,819.03,770.22,149.07,447.21,323.01,,0,770.22,0,770.22,-0.0,0,-3,-447.21,,JK,0
TXN-01125,2025-11-08,SALE,INV-2511-1125,Rongai Home & Agro Supplies,Kiserian,Walk-in,Institution,CUS-1122,,Agro Inputs,DAP Fertilizer 50kg,10,5695.29,0.0316,56952.9,55153.19,4293.93,42939.3,12213.89,,0,55153.19,0,55153.19,-0.0,0,-10,-42939.3,,AM,0
TXN-01965,2026-06-29,SALE,INV-2606-1965,Rongai Home & Agro Supplies,Ongata Rongai,M-Pesa Till,Retail,CUS-1129,,Agro Inputs,Knapsack Sprayer 20L,1,5029.75,0.03,5029.75,4878.86,3558.8,3558.8,1320.06,,0,4878.86,0,4878.86,-0.0,0,-1,-3558.8,,CN,0
TXN-01875,2026-06-01,EXPENSE,EXP-2606-1875,Rongai Home & Agro Supplies,Kiserian,Back Office,,,,,,0,0,0,0,0,0,0,0,Transport,8070.39,0,8070.39,0,0,0,0,0,M-PESA,JK,0
TXN-01909,2026-06-11,SALE,INV-2606-1909,Rongai Home & Agro Supplies,Kiserian,Walk-in,Contractor,CUS-1165,,Electrical,Socket 13A,14,387.65,0.0708,5427.1,5042.86,241.55,3381.7,1661.16,,0,1260.71,0,1260.71,-3782.15,0,-14,-3381.7,,ER,0
TXN-00293,2025-03-26,EXPENSE,EXP-2503-0293,Rongai Home & Agro Supplies,Ongata Rongai,Back Office,,,,,,0,0,0,0,0,0,0,0,Internet,4000,0,4000,0,0,0,0,0,Cash,CN,0
TXN-00575,2025-06-11,SALE,INV-2506-0575,Rongai Home & Agro Supplies,Kiserian,Phone Order,Retail,CUS-1102,,Hardware,Panga,4,997.98,0.02,3991.92,3912.08,586.0,2344.0,1568.08,,0,3912.08,0,3912.08,-0.0,0,-4,-2344.0,,AM,0
TXN-00323,2025-04-02,SALE,INV-2504-0323,Rongai Home & Agro Supplies,Ongata Rongai,Walk-in,Retail,CUS-1065,,Building Materials,Cement 50kg,4,827.1,0.05,3308.4,3142.98,650.31,2601.24,541.74,,0,3142.98,0,3142.98,-0.0,0,-4,-2601.24,,JK,0
TXN-01479,2026-02-11,SALE,INV-2602-1479,Rongai Home & Agro Supplies,Kiserian,Phone Order,Retail,CUS-1092,,Building Materials,Galvanized Roofing Sheet 3m,4,1124.0,0.08,4496.0,4136.32,939.86,3759.44,376.88,,0,4136.32,0,4136.32,-0.0,0,-4,-3759.44,,AM,0
TXN-01778,2026-05-02,SALE,INV-2605-1778,Rongai Home & Agro Supplies,Kiserian,Phone Order,Retail,CUS-1058,,Building Materials,Cement 50kg,8,838.56,0.05,6708.48,6373.06,720.69,5765.52,607.54,,0,6373.06,0,6373.06,-0.0,0,-8,-5765.52,,DK,0
TXN-00934,2025-09-19,SALE,INV-2509-0934,Rongai Home & Agro Supplies,Ongata Rongai,Phone Order,Retail,CUS-1093,,Agro Inputs,CAN Fertilizer 50kg,2,5191.8,0,10383.6,10383.6,3840.45,7680.9,2702.7,,0,10383.6,0,10383.6,-0.0,0,-2,-7680.9,,CN,0
TXN-01556,05/03/2026,SALE,INV-2603-1556,Rongai Home & Agro Supplies,Kiserian,Walk-in,Contractor,CUS-1083,,Electrical,Electrical Cable 1.5mm 90m,6,8153.46,0.0639,48920.76,45794.72,6347.81,38086.86,7707.86,,0,0.0,0,0.0,-45794.72,0,-6,-38086.86,,AM,0
TXN-01019,2025-10-11,REFUND,REF-2510-1019,Rongai Home & Agro Supplies,Kiserian,Counter,Retail,CUS-1119,,Electrical,LED Bulb 12W,-1,266.76,0,0,222.18,157.73,0,-222.18,Customer Refund,222.18,0,222.18,0,0,222.18,0,0,refund,AM,0
TXN-00614,2025-06-23,SALE,INV-2506-0614,Rongai Home & Agro Supplies,Ongata Rongai,Phone Order,Retail,CUS-1177,,Hardware,Panga,1,1021.54,0,1021.54,1021.54,543.84,543.84,477.7,,0,1021.54,0,1021.54,-0.0,0,-1,-543.84,,BM,0
TXN-00006,2025-01-02,SALE,INV-2501-0006,Rongai Home & Agro Supplies,Kiserian,WhatsApp,Retail,CUS-1090,,Plumbing,PVC Elbow 20mm,1,75.36,0.02,75.36,73.85,41.92,41.92,31.93,,0,73.85,0,73.85,-0.0,0,-1,-41.92,,JK,0
TXN-00403,2025-04-22,SALE,INV-2504-0403,Rongai Home & Agro Supplies,Kiserian,M-Pesa Till,Farmer,CUS-1137,,Animal Feeds,Chicken Feed 10kg,1,1024.11,0.05,1024.11,972.9,797.45,797.45,175.45,,0,972.9,0,972.9,-0.0,0,-1,-797.45,,AM,0
TXN-00731,2025-07-25,REFUND,REF-2507-0731,Rongai Home & Agro Supplies,Kiserian,Counter,Retail,CUS-1062,,Building Materials,Cement 50kg,-1,742.31,0,0,683.52,670.65,0,-683.52,Customer Refund,683.52,0,683.52,0,0,683.52,0,0,refund,DK,0
TXN-00395,2025-04-20,SALE,INV-2504-0395,Rongai Home & Agro Supplies,Ongata Rongai,Walk-in,Retail,CUS-1060,,Animal Feeds,Mineral Lick 2kg,1,590.15,0.05,590.15,560.64,381.62,381.62,179.02,,0,560.64,0,560.64,-0.0,0,-1,-381.62,,AM,0
TXN-01431,2026-01-28,PURCHASE,GRN-2601-1431,Rongai Home & Agro Supplies,Ongata Rongai,Supplier,,,Mara Distributors,Agro Inputs,Knapsack Sprayer 20L,3,3248.04,0,0,0,3248.04,9744.12,0,Purchase,0,7308.09,2436.03,0,0,0,3,9744.12,,ER,0
TXN-01427,2026-01-27,SALE,INV-2601-1427,Rongai Home & Agro Supplies,Kiserian,WhatsApp,Retail,CUS-1098,,Plumbing,25mm PVC Pipe 6m,1,1118.52,0,1118.52,1118.52,802.93,802.93,315.59,,0,1118.52,0,1118.52,-0.0,0,-1,-802.93,,AM,0
TXN-00398,2025-04-21,SALE,INV-2504-0398,Rongai Home & Agro Supplies,Kiserian,Phone Order,Farmer,CUS-1003,,Agro Inputs,Knapsack Sprayer 20L,1,5014.96,0.03,5014.96,4864.51,3238.87,3238.87,1625.64,,0,4864.51,0,4864.51,-0.0,0,-1,-3238.87,,DK,0
TXN-00475,2025-05-11,SALE,INV-2505-0475,Rongai Home & Agro Supplies,Kiserian,Phone Order,Retail,CUS-1131,,Hardware,Padlock 50mm,3,672.83,0.05,2018.49,1917.57,412.83,1238.49,679.08,,0,1917.57,0,1917.57,-0.0,0,-3,-1238.49,,DK,0
TXN-00733,2025-07-26,SALE,INV-2507-0733,Rongai Home & Agro Supplies,Ongata Rongai,Phone Order,Contractor,CUS-1012,,Paints,20L Emulsion Paint,14,5541.15,0.061,77576.1,72843.96,3921.03,54894.42,17949.54,,0,72843.96,0,72843.96,-0.0,0,-14,-54894.42,,BM,0
TXN-01233,2025-12-08,SALE,INV-2512-1233,Rongai Home & Agro Supplies,Kiserian,Walk-in,Retail,CUS-1073,,Paints,20L Emulsion Paint,1,5186.75,0,5186.75,5186.75,3757.99,3757.99,1428.76,,0,5186.75,0,5186.75,-0.0,0,-1,-3757.99,,JK,0
TXN-00206,28/02/2025,SALE,INV-2502-0206,Rongai Home & Agro Supplies,Ongata Rongai,M-Pesa Till,Retail,CUS-1156,,Plumbing,PVC Tee 20mm,1,90.37,0.03,90.37,87.66,48.73,48.73,38.93,,0,87.66,0,87.66,-0.0,0,-1,-48.73,,BM,0
TXN-01954,2026-06-25,SALE,INV-2606-1954,Rongai Home & Agro Supplies,Kiserian,M-Pesa Till,Contractor,CUS-1114,,Plumbing,PVC Tee 20mm,4,84.12,0.0274,336.48,327.26,52.15,208.6,118.66,,0,0.0,0,0.0,-327.26,0,-4,-208.6,,CN,0
TXN-00083,2025-01-23,CUSTOMER_PAYMENT,RCPT-2501-0083,Rongai Home & Agro Supplies,Ongata Rongai,Collections,Contractor,CUS-1078,,,,0,0,0,0,0,0,0,0,Customer Collection,0,15344.0,0,15344.0,15344.0,0,0,0,Bank Transfer,CN,0
TXN-01320,2025-12-29,SALE,INV-2512-1320,Rongai Home & Agro Supplies,Kiserian,WhatsApp,Institution,CUS-1004,,Paints,Paint Brush 4in,8,184.61,0.0737,1476.88,1368.03,96.9,775.2,592.83,,0,1368.03,0,1368.03,-0.0,0,-8,-775.2,,ER,0
TXN-01526,2026-02-25,SALE,INV-2602-1526,Rongai Home & Agro Supplies,Kiserian,WhatsApp,Institution,CUS-1090,,Plumbing,PVC Elbow 20mm,14,74.03,0.0344,1036.42,1000.77,44.09,617.26,383.51,,0,1000.77,0,1000.77,-0.0,0,-14,-617.26,,ER,0
TXN-00619,2025-06-24,SALE,INV-2506-0619,Rongai Home & Agro Supplies,Kiserian,M-Pesa Till,Contractor,CUS-1045,,Building Materials,Cement 50kg,10,742.32,0.0766,7423.2,6854.58,662.71,6627.1,227.48,,0,6854.58,0,6854.58,-0.0,0,-10,-6627.1,,CN,0
TXN-00279,2025-03-22,SALE,INV-2503-0279,Rongai Home & Agro Supplies,Kiserian,WhatsApp,Retail,CUS-1107,,Electrical,Switch 1 Gang,1,273.74,0.02,273.74,268.27,148.34,148.34,119.93,,0,268.27,0,268.27,-0.0,0,-1,-148.34,,JK,0
TXN-02156,2026-08-24,SALE,INV-2608-2156,Rongai Home & Agro Supplies,Kiserian,Walk-in,Institution,CUS-1150,,Electrical,Switch 1 Gang,14,255.08,0.0344,3571.12,3448.27,166.58,2332.12,1116.15,,0,1724.13,0,1724.13,-1724.14,0,-14,-2332.12,,AM,0
TXN-00543,2025-06-01,CUSTOMER_PAYMENT,RCPT-2506-0543,Rongai Home & Agro Supplies,Kiserian,Collections,Contractor,CUS-1108,,,,0,0,0,0,0,0,0,0,Customer Collection,0,21091.0,0,21091.0,21091.0,0,0,0,Bank Transfer,CN,0
TXN-00904,2025-09-11,SALE,INV-2509-0904,Rongai Home & Agro Supplies,Kiserian,Walk-in,Retail,CUS-1022,,Paints,Paint Brush 4in,3,184.73,0.02,554.19,543.11,98.25,294.75,248.36,,0,543.11,0,543.11,-0.0,0,-3,-294.75,,BM,0
TXN-00221,2025-03-05,SALE,INV-2503-0221,Rongai Home & Agro Supplies,Ongata Rongai,Phone Order,Retail,CUS-1156,,Building Materials,2x2 Timber 12ft,4,550.26,0.01,2201.04,2179.03,375.27,1501.08,677.95,,0,2179.03,0,2179.03,-0.0,0,-4,-1501.08,,BM,0
TXN-01667,2026-04-03,SALE,INV-2604-1667,Rongai Home & Agro Supplies,Ongata Rongai,M-Pesa Till,Retail,CUS-1011,,Paints,Paint Brush 4in,9,180.79,0.03,1627.11,1578.3,108.87,979.83,598.47,,0,1578.3,0,1578.3,-0.0,0,-9,-979.83,,BM,0
TXN-01628,2026-03-24,SALE,INV-2603-1628,Rongai Home & Agro Supplies,Kiserian,Walk-in,Contractor,CUS-1135,,Hardware,Wheelbarrow Heavy Duty,5,7656.33,0.0548,38281.65,36183.82,5433.79,27168.95,9014.87,,0,36183.82,0,36183.82,-0.0,0,-5,-27168.95,,BM,0
TXN-01721,17/04/2026,SALE,INV-2604-1721,Rongai Home & Agro Supplies,Kiserian,WhatsApp,Contractor,CUS-1020,,Plumbing,25mm PVC Pipe 6m,3,1069.29,0.1014,3207.87,2882.59,845.66,2536.98,345.61,,0,1153.04,0,1153.04,-1729.55,0,-3,-2536.98,,ER,0
TXN-01919,15/06/2026,SALE,INV-2606-1919,Rongai Home & Agro Supplies,Ongata Rongai,Credit Customer,Contractor,CUS-1101,,Plumbing,20mm PVC Pipe 6m,5,799.16,0.0634,3995.8,3742.47,634.3,3171.5,570.97,,0,1871.23,0,1871.23,-1871.24,0,-5,-3171.5,,ER,0
TXN-02091,2026-08-04,SALE,INV-2608-2091,Rongai Home & Agro Supplies,Ongata Rongai,Phone Order,Retail,CUS-1042,,Paints,Paint Brush 4in,1,185.7,0.03,185.7,180.13,108.94,108.94,71.19,,0,180.13,0,180.13,-0.0,0,-1,-108.94,,JK,0
TXN-01128,2025-11-10,SALE,INV-2511-1128,Rongai Home & Agro Supplies,Kiserian,Walk-in,Retail,CUS-1034,,Paints,Paint Brush 4in,1,179.2,0.08,179.2,164.86,92.92,92.92,71.94,,0,164.86,0,164.86,-0.0,0,-1,-92.92,,BM,0
TXN-01530,2026-02-26,SALE,INV-2602-1530,Rongai Home & Agro Supplies,Ongata Rongai,Phone Order,Contractor,CUS-1127,,Agro Inputs,Maize Seed 2kg,5,593.86,0.0345,2969.3,2866.86,453.6,2268.0,598.86,,0,2866.86,0,2866.86,-0.0,0,-5,-2268.0,,BM,0
TXN-01708,2026-04-14,SALE,INV-2604-1708,Rongai Home & Agro Supplies,Ongata Rongai,Credit Customer,Institution,CUS-1040,,Plumbing,PVC Elbow 20mm,6,71.64,0.0917,429.84,390.42,47.47,284.82,105.6,,0,0.0,0,0.0,-390.42,0,-6,-284.82,,ER,0
TXN-00355,2025-04-10,SALE,INV-2504-0355,Rongai Home & Agro Supplies,Ongata Rongai,Walk-in,Retail,CUS-1059,,Building Materials,Cement 50kg,5,791.93,0.01,3959.65,3920.05,668.74,3343.7,576.35,,0,3920.05,0,3920.05,-0.0,0,-5,-3343.7,,ER,0
TXN-01781,2026-05-04,SALE,INV-2605-1781,Rongai Home & Agro Supplies,Kiserian,M-Pesa Till,Retail,CUS-1001,,Plumbing,20mm PVC Pipe 6m,4,782.33,0.08,3129.32,2878.97,658.7,2634.8,244.17,,0,2878.97,0,2878.97,-0.0,0,-4,-2634.8,,ER,0
TXN-00419,2025-04-25,SALE,INV-2504-0419,Rongai Home & Agro Supplies,Ongata Rongai,WhatsApp,Farmer,CUS-1185,,Building Materials,Binding Wire 25kg,2,4153.81,0.05,8307.62,7892.24,3411.83,6823.66,1068.58,,0,7892.24,0,7892.24,-0.0,0,-2,-6823.66,,DK,0
TXN-00791,2025-08-12,SALE,INV-2508-0791,Rongai Home & Agro Supplies,Kiserian,M-Pesa Till,Farmer,CUS-1127,,Building Materials,Cement 50kg,2,754.99,0.08,1509.98,1389.18,632.7,1265.4,123.78,,0,1389.18,0,1389.18,-0.0,0,-2,-1265.4,,ER,0
TXN-00722,2025-07-23,PURCHASE,GRN-2507-0722,Rongai Home & Agro Supplies,Kiserian,Supplier,,,Nairobi Electrical Mart,Building Materials,Cement 50kg,22,670.54,0,0,0,670.54,14751.88,0,Purchase,0,0.0,14751.88,0,0,0,22,14751.88,,ER,0
TXN-00292,2025-03-26,SALE,INV-2503-0292,Rongai Home & Agro Supplies,Ongata Rongai,Credit Customer,Contractor,CUS-1096,,Building Materials,2x2 Timber 12ft,14,503.83,0.068,7053.62,6573.97,367.17,5140.38,1433.59,,0,0.0,0,0.0,-6573.97,0,-14,-5140.38,,BM,0
TXN-00192,2025-02-25,SALE,INV-2502-0192,Rongai Home & Agro Supplies,Kiserian,Walk-in,Retail,CUS-1100,,Plumbing,PVC Tee 20mm,1,87.1,0.05,87.1,82.74,46.96,46.96,35.78,,0,82.74,0,82.74,-0.0,0,-1,-46.96,,BM,0
TXN-00452,2025-05-04,CUSTOMER_PAYMENT,RCPT-2505-0452,Rongai Home & Agro Supplies,Ongata Rongai,Collections,Contractor,CUS-1073,,,,0,0,0,0,0,0,0,0,Customer Collection,0,4345.0,0,4345.0,4345.0,0,0,0,M-PESA,CN,0
TXN-01135,2025-11-12,SALE,INV-2511-1135,Rongai Home & Agro Supplies,Ongata Rongai,Walk-in,Retail,CUS-1098,,Agro Inputs,Maize Seed 2kg,3,606.49,0,1819.47,1819.47,445.75,1337.25,482.22,,0,1819.47,0,1819.47,-0.0,0,-3,-1337.25,,BM,0
TXN-02233,2026-01-11,SUPPLIER_PAYMENT,SP-2601-2233,Rongai Home & Agro Supplies,Ongata Rongai,Supplier,,,Mara Distributors,,,0,0,0,0,0,0,0,0,Supplier Payment,0,0,11119.0,0,0,0,0,0,M-PESA,ER,0
TXN-00300,2025-03-28,SALE,INV-2503-0300,Rongai Home & Agro Supplies,Kiserian,M-Pesa Till,Retail,CUS-1185,,Animal Feeds,Mineral Lick 2kg,2,658.16,0,1316.32,1316.32,390.33,780.66,535.66,,0,1316.32,0,1316.32,-0.0,0,-2,-780.66,,BM,0
TXN-00537,2025-05-30,SALE,INV-2505-0537,Rongai Home & Agro Supplies,Ongata Rongai,WhatsApp,Retail,CUS-1073,,Electrical,Socket 13A,1,402.98,0.02,402.98,394.92,229.71,229.71,165.21,,0,394.92,0,394.92,-0.0,0,-1,-229.71,,AM,0
TXN-01246,2025-12-11,SALE,INV-2512-1246,Rongai Home & Agro Supplies,Ongata Rongai,Walk-in,Institution,CUS-1028,,Building Materials,2x2 Timber 12ft,3,494.37,0.0602,1483.11,1393.83,382.34,1147.02,246.81,,0,348.46,0,348.46,-1045.37,0,-3,-1147.02,,BM,1
TXN-01215,2025-12-03,SALE,INV-2512-1215,Rongai Home & Agro Supplies,Ongata Rongai,Walk-in,Farmer,CUS-1160,,Animal Feeds,Chicken Feed 10kg,1,937.09,0,937.09,937.09,750.33,750.33,186.76,,0,937.09,0,937.09,-0.0,0,-1,-750.33,,JK,0
TXN-00685,2025-07-12,CUSTOMER_PAYMENT,RCPT-2507-0685,Rongai Home & Agro Supplies,Ongata Rongai,Collections,Contractor,CUS-1096,,,,0,0,0,0,0,0,0,0,Customer Collection,0,19731.0,0,19731.0,19731.0,0,0,0,Mpesa,AM,0
TXN-01094,2025-10-31,SALE,INV-2510-1094,Rongai Home & Agro Supplies,Kiserian,WhatsApp,Contractor,CUS-1103,,Agro Inputs,Maize Seed 2kg,4,628.98,0.067,2515.92,2347.35,440.72,1762.88,584.47,,0,586.84,0,586.84,-1760.51,0,-4,-1762.88,,BM,0
TXN-02072,2026-07-30,SALE,INV-2607-2072,Rongai Home & Agro Supplies,Ongata Rongai,M-Pesa Till,Contractor,CUS-1105,,Plumbing,PVC Tee 20mm,5,82.61,0.0413,413.05,395.99,55.08,275.4,120.59,,0,0.0,0,0.0,-395.99,0,-5,-275.4,,DK,0
TXN-00654,2025-07-03,EXPENSE,EXP-2507-0654,Rongai Home & Agro Supplies,Kiserian,Back Office,,,,,,0,0,0,0,0,0,0,0,Internet,4000,0,4000,0,0,0,0,0,M-PESA,ER,0
TXN-00234,2025-03-08,SALE,INV-2503-0234,Rongai Home & Agro Supplies,Kiserian,Phone Order,Retail,CUS-1027,,Animal Feeds,Chicken Feed 10kg,1,955.74,0,955.74,955.74,753.81,753.81,201.93,,0,955.74,0,955.74,-0.0,0,-1,-753.81,,JK,0
TXN-01057,2025-10-22,SALE,INV-2510-1057,Rongai Home & Agro Supplies,Kiserian,Phone Order,Retail,CUS-1095,,Electrical,LED Bulb 12W,7,267.58,0.05,1873.06,1779.41,156.41,1094.87,684.54,,0,1779.41,0,1779.41,-0.0,0,-7,-1094.87,,BM,0
TXN-00533,2025-05-29,SALE,INV-2505-0533,Rongai Home & Agro Supplies,Ongata Rongai,WhatsApp,Farmer,CUS-1074,,Hardware,Panga,1,911.39,0.08,911.39,838.48,575.96,575.96,262.52,,0,838.48,0,838.48,-0.0,0,-1,-575.96,,AM,0
TXN-00957,2025-09-26,SALE,INV-2509-0957,Rongai Home & Agro Supplies,Ongata Rongai,Phone Order,Retail,CUS-1139,,Paints,Gloss Paint 4L,1,2469.37,0,2469.37,2469.37,1823.42,1823.42,645.95,,0,2469.37,0,2469.37,-0.0,0,-1,-1823.42,,CN,0
TXN-02083,2026-08-02,EXPENSE,EXP-2608-2083,Rongai Home & Agro Supplies,Kiserian,Back Office,,,,,,0,0,0,0,0,0,0,0,Transport,12222.26,0,12222.26,0,0,0,0,0,M-PESA,JK,0
TXN-00422,2025-04-25,CUSTOMER_PAYMENT,RCPT-2504-0422,Rongai Home & Agro Supplies,Ongata Rongai,Collections,Contractor,CUS-1055,,,,0,0,0,0,0,0,0,0,Customer Collection,0,20552.0,0,20552.0,20552.0,0,0,0,M-PESA,JK,0
TXN-00697,2025-07-17,SALE,INV-2507-0697,Rongai Home & Agro Supplies,Ongata Rongai,,Contractor,CUS-1073,,Building Materials,Cement 50kg,8,838.72,0.0788,6709.76,6181.03,667.51,5340.08,840.95,,0,6181.03,0,6181.03,-0.0,0,-8,-5340.08,,BM,0
TXN-01893,2026-06-06,EXPENSE,EXP-2606-1893,Rongai Home & Agro Supplies,Ongata Rongai,Back Office,,,,,,0,0,0,0,0,0,0,0,Marketing,12428.99,0,12428.99,0,0,0,0,0,Cash,ER,0
TXN-01316,2025-12-27,SALE,INV-2512-1316,Rongai Home & Agro Supplies,Kiserian,Walk-in,Farmer,CUS-1146,,Household,Jerrycan 20L,1,764.46,0.03,764.46,741.53,500.07,500.07,241.46,,0,741.53,0,741.53,-0.0,0,-1,-500.07,,DK,0
TXN-01035,2025-10-15,PURCHASE,GRN-2510-1035,Rongai Home & Agro Supplies,Kiserian,Supplier,,,Nairobi Electrical Mart,Electrical,Switch 1 Gang,13,145.17,0,0,0,145.17,1887.21,0,Purchase,0,1887.21,0.0,0,0,0,13,1887.21,,DK,0
TXN-01163,2025-11-20,SALE,INV-2511-1163,Rongai Home & Agro Supplies,Ongata Rongai,Phone Order,Retail,CUS-1131,,Building Materials,Galvanized Roofing Sheet 3m,4,1242.45,0.05,4969.8,4721.31,868.03,3472.12,1249.19,,0,4721.31,0,4721.31,-0.0,0,-4,-3472.12,,DK,0
TXN-00319,2025-04-01,CUSTOMER_PAYMENT,RCPT-2504-0319,Rongai Home & Agro Supplies,Kiserian,Collections,Contractor,CUS-1041,,,,0,0,0,0,0,0,0,0,Customer Collection,0,8006.0,0,8006.0,8006.0,0,0,0,Mpesa,BM,0
TXN-00669,2025-07-08,CUSTOMER_PAYMENT,RCPT-2507-0669,Rongai Home & Agro Supplies,Ongata Rongai,Collections,Contractor,CUS-1021,,,,0,0,0,0,0,0,0,0,Customer Collection,0,15268.0,0,15268.0,15268.0,0,0,0,Mpesa,ER,0
TXN-01217,2025-12-03,PURCHASE,GRN-2512-1217,Rongai Home & Agro Supplies,Ongata Rongai,Supplier,,,Eastlands Hardware Wholesalers,Plumbing,PVC Tee 20mm,10,48.48,0,0,0,48.48,484.8,0,Purchase,0,169.68,315.12,0,0,0,10,484.8,,ER,0
TXN-01750,2026-04-24,PURCHASE,GRN-2604-1750,Rongai Home & Agro Supplies,Kiserian,Supplier,,,Mara Distributors,Plumbing,PVC Tee 20mm,7,50.25,0,0,0,50.25,351.75,0,Purchase,0,351.75,0.0,0,0,0,7,351.75,,DK,0
TXN-01615,2026-03-20,SALE,INV-2603-1615,Rongai Home & Agro Supplies,Kiserian,Walk-in,Institution,CUS-1149,,Building Materials,Damp Proof Course 20m,12,1240.87,0.0268,14890.44,14491.38,903.65,10843.8,3647.58,,0,14491.38,0,14491.38,-0.0,0,-12,-10843.8,,CN,0
TXN-01375,2026-01-12,SALE,INV-2601-1375,Rongai Home & Agro Supplies,Kiserian,Phone Order,Retail,CUS-1076,,Plumbing,PVC Tee 20mm,2,86.41,0.01,172.82,171.09,49.4,98.8,72.29,,0,171.09,0,171.09,-0.0,0,-2,-98.8,,BM,0
TXN-00346,2025-04-07,EXPENSE,EXP-2504-0346,Rongai Home & Agro Supplies,Ongata Rongai,Back Office,,,,,,0,0,0,0,0,0,0,0,Staff Salaries,81575,0,81575,0,0,0,0,0,Bank Transfer,BM,0
TXN-01092,2025-10-31,SALE,INV-2510-1092,Rongai Home & Agro Supplies,Kiserian,Phone Order,Retail,CUS-1018,,Building Materials,Galvanized Roofing Sheet 3m,2,1137.84,0.01,2275.68,2252.92,894.24,1788.48,464.44,,0,2252.92,0,2252.92,-0.0,0,-2,-1788.48,,ER,0
TXN-01835,2026-05-20,SALE,INV-2605-1835,Rongai Home & Agro Supplies,Ongata Rongai,Walk-in,Retail,CUS-1003,,Electrical,LED Bulb 12W,1,301.66,0.05,301.66,286.58,171.03,171.03,115.55,,0,286.58,0,286.58,-0.0,0,-1,-171.03,,JK,0
TXN-01068,2025-10-24,SALE,INV-2510-1068,Rongai Home & Agro Supplies,Kiserian,M-Pesa Till,Retail,CUS-1046,,Plumbing,20mm PVC Pipe 6m,4,833.67,0.01,3334.68,3301.33,579.87,2319.48,981.85,,0,3301.33,0,3301.33,-0.0,0,-4,-2319.48,,AM,1
TXN-02258,2025-03-04,SUPPLIER_PAYMENT,SP-2503-2258,Rongai Home & Agro Supplies,Kiserian,Supplier,,,Mara Distributors,,,0,0,0,0,0,0,0,0,Supplier Payment,0,0,51488.0,0,0,0,0,0,M-PESA,AM,0
TXN-01654,2026-03-31,SALE,INV-2603-1654,Rongai Home & Agro Supplies,Kiserian,M-Pesa Till,Reseller,CUS-1079,,Hardware,Hammer 16oz,7,906.69,0.0551,6346.83,5997.12,524.01,3668.07,2329.05,,0,2998.56,0,2998.56,-2998.56,0,-7,-3668.07,,AM,0
TXN-01953,2026-06-25,SALE,INV-2606-1953,Rongai Home & Agro Supplies,Kiserian,M-Pesa Till,Reseller,CUS-1140,,Electrical,LED Bulb 12W,9,301.25,0.0809,2711.25,2491.91,165.67,1491.03,1000.88,,0,2491.91,0,2491.91,-0.0,0,-9,-1491.03,,CN,0
TXN-01490,2026-02-16,SALE,INV-2602-1490,Rongai Home & Agro Supplies,Ongata Rongai,WhatsApp,Retail,CUS-1172,,Electrical,LED Bulb 12W,9,293.44,0.02,2640.96,2588.14,169.96,1529.64,1058.5,,0,2588.14,0,2588.14,-0.0,0,-9,-1529.64,,ER,0
TXN-00519,2025-05-25,SALE,INV-2505-0519,Rongai Home & Agro Supplies,Kiserian,WhatsApp,Retail,CUS-1128,,Animal Feeds,Chicken Feed 10kg,5,1004.93,0,5024.65,5024.65,793.08,3965.4,1059.25,,0,5024.65,0,5024.65,-0.0,0,-5,-3965.4,,BM,0
TXN-01040,2025-10-16,EXPENSE,EXP-2510-1040,Rongai Home & Agro Supplies,Kiserian,Back Office,,,,,,0,0,0,0,0,0,0,0,Miscellaneous,3149,0,3149,0,0,0,0,0,M-PESA,ER,0
TXN-01296,2025-12-22,EXPENSE,EXP-2512-1296,Rongai Home & Agro Supplies,Kiserian,Back Office,,,,,,0,0,0,0,0,0,0,0,Security,7757,0,7757,0,0,0,0,0,M-PESA,ER,0
TXN-02028,2026-07-17,PURCHASE,GRN-2607-2028,Rongai Home & Agro Supplies,Ongata Rongai,Supplier,,,Nairobi Electrical Mart,Plumbing,PVC Tee 20mm,6,54.28,0,0,0,54.28,325.68,0,Purchase,0,113.99,211.69,0,0,0,6,325.68,,CN,0
TXN-02151,2026-08-21,EXPENSE,EXP-2608-2151,Rongai Home & Agro Supplies,Kiserian,Back Office,,,,,,0,0,0,0,0,0,0,0,Transport,5308.92,0,5308.92,0,0,0,0,0,Cash,ER,0
TXN-02006,2026-07-10,SALE,INV-2607-2006,Rongai Home & Agro Supplies,Ongata Rongai,WhatsApp,Institution,CUS-1179,,Agro Inputs,DAP Fertilizer 50kg,10,5891.79,0.05,58917.9,55972.0,4829.17,48291.7,7680.3,,0,27986.0,0,27986.0,-27986.0,0,-10,-48291.7,,CN,0
TXN-01583,2026-03-13,SALE,INV-2603-1583,Rongai Home & Agro Supplies,Kiserian,M-Pesa Till,Reseller,CUS-1054,,Building Materials,Cement 50kg,12,816.22,0.0531,9794.64,9274.54,670.3,8043.6,1230.94,,0,2318.64,0,2318.64,-6955.9,0,-12,-8043.6,,DK,1
TXN-01211,2025-12-02,SALE,INV-2512-1211,Rongai Home & Agro Supplies,Ongata Rongai,WhatsApp,Farmer,CUS-1100,,Paints,Paint Brush 4in,1,193.08,0.03,193.08,187.29,98.46,98.46,88.83,,0,187.29,0,187.29,-0.0,0,-1,-98.46,,AM,1
TXN-00074,2025-01-21,SALE,INV-2501-0074,Rongai Home & Agro Supplies,Kiserian,M-Pesa Till,Retail,CUS-1160,,Animal Feeds,Chicken Feed 10kg,3,1046.73,0.03,3140.19,3045.98,786.58,2359.74,686.24,,0,3045.98,0,3045.98,-0.0,0,-3,-2359.74,,AM,0
TXN-00132,2025-02-07,SALE,INV-2502-0132,Rongai Home & Agro Supplies,Kiserian,Phone Order,Retail,CUS-1137,,Animal Feeds,Mineral Lick 2kg,1,623.47,0.08,623.47,573.59,403.47,403.47,170.12,,0,573.59,0,573.59,-0.0,0,-1,-403.47,,DK,0
TXN-00928,2025-09-18,SALE,INV-2509-0928,Rongai Home & Agro Supplies,Ongata Rongai,Phone Order,Institution,CUS-1160,,Agro Inputs,Foliar Feed 1L,12,930.78,0.0339,11169.36,10790.72,595.58,7146.96,3643.76,,0,4316.29,0,4316.29,-6474.43,0,-12,-7146.96,,DK,0
TXN-01161,2025-11-19,PURCHASE,GRN-2511-1161,Rongai Home & Agro Supplies,Kiserian,Supplier,,,Nairobi Electrical Mart,Animal Feeds,Chicken Feed 10kg,3,728.49,0,0,0,728.49,2185.47,0,Purchase,0,2185.47,0.0,0,0,0,3,2185.47,,DK,0
TXN-00380,2025-04-16,SALE,INV-2504-0380,Rongai Home & Agro Supplies,Ongata Rongai,Walk-in,Retail,CUS-1029,,Plumbing,20mm PVC Pipe 6m,2,873.55,0.02,1747.1,1712.16,614.57,1229.14,483.02,,0,1712.16,0,1712.16,-0.0,0,-2,-1229.14,,ER,0
TXN-00339,2025-04-06,SALE,INV-2504-0339,Rongai Home & Agro Supplies,Kiserian,Phone Order,Farmer,CUS-1038,,Building Materials,Cement 50kg,4,746.35,0.02,2985.4,2925.69,669.54,2678.16,247.53,,0,2925.69,0,2925.69,-0.0,0,-4,-2678.16,,BM,0
TXN-00798,2025-08-13,PURCHASE,GRN-2508-0798,Rongai Home & Agro Supplies,Ongata Rongai,Supplier,,,AgroLink Kenya,Hardware,Panga,3,534.32,0,0,0,534.32,1602.96,0,Purchase,0,561.04,1041.92,0,0,0,3,1602.96,,BM,0
TXN-00297,2025-03-27,SALE,INV-2503-0297,Rongai Home & Agro Supplies,Kiserian,Credit Customer,Reseller,CUS-1132,,Plumbing,Basin Tap Chrome,3,1509.73,0.0629,4529.19,4244.3,963.7,2891.1,1353.2,,0,2122.15,0,2122.15,-2122.15,0,-3,-2891.1,,CN,0
TXN-01285,2025-12-19,EXPENSE,EXP-2512-1285,Rongai Home & Agro Supplies,Ongata Rongai,Back Office,,,,,,0,0,0,0,0,0,0,0,Rent,45000,0,45000,0,0,0,0,0,Cash,ER,0
TXN-01716,2026-04-16,SALE,INV-2604-1716,Rongai Home & Agro Supplies,Kiserian,WhatsApp,Retail,CUS-1093,,Animal Feeds,Mineral Lick 2kg,2,645.32,0.08,1290.64,1187.39,436.28,872.56,314.83,,0,1187.39,0,1187.39,-0.0,0,-2,-872.56,,DK,0
TXN-00110,2025-02-01,REFUND,REF-2502-0110,Rongai Home & Agro Supplies,Ongata Rongai,Counter,Farmer,CUS-1090,,Building Materials,Cement 50kg,-1,805.34,0,0,687.23,642.87,0,-687.23,Customer Refund,687.23,0,687.23,0,0,687.23,0,0,refund,BM,0
TXN-00715,2025-07-21,CUSTOMER_PAYMENT,RCPT-2507-0715,Rongai Home & Agro Supplies,Kiserian,Collections,Contractor,CUS-1090,,,,0,0,0,0,0,0,0,0,Customer Collection,0,20478.0,0,20478.0,20478.0,0,0,0,Bank Transfer,JK,0
TXN-00048,2025-01-15,REFUND,REF-2501-0048,Rongai Home & Agro Supplies,Ongata Rongai,Counter,Farmer,CUS-1061,,Plumbing,PVC Tee 20mm,-1,84.51,0,0,68.61,47.79,0,-68.61,Customer Refund,68.61,0,68.61,0,0,68.61,0,0,refund,BM,0
TXN-01610,2026-03-19,SALE,INV-2603-1610,Rongai Home & Agro Supplies,Ongata Rongai,Phone Order,Farmer,CUS-1147,,Plumbing,25mm PVC Pipe 6m,1,1032.68,0.05,1032.68,981.05,816.25,816.25,164.8,,0,981.05,0,981.05,-0.0,0,-1,-816.25,,BM,0
TXN-02020,2026-07-15,SALE,INV-2607-2020,Rongai Home & Agro Supplies,Kiserian,Phone Order,Farmer,CUS-1135,,Animal Feeds,Mineral Lick 2kg,1,593.93,0.01,593.93,587.99,438.97,438.97,149.02,,0,587.99,0,587.99,-0.0,0,-1,-438.97,,AM,0
TXN-01814,2026-05-14,SALE,INV-2605-1814,Rongai Home & Agro Supplies,Ongata Rongai,Walk-in,Retail,CUS-1131,,Plumbing,PVC Elbow 20mm,5,73.86,0.08,369.3,339.76,47.33,236.65,103.11,,0,339.76,0,339.76,-0.0,0,-5,-236.65,,DK,0
TXN-01513,2026-02-21,SALE,INV-2602-1513,Rongai Home & Agro Supplies,Ongata Rongai,WhatsApp,Farmer,CUS-1042,,Building Materials,Galvanized Roofing Sheet 3m,1,1247.96,0.01,1247.96,1235.48,959.77,959.77,275.71,,0,1235.48,0,1235.48,-0.0,0,-1,-959.77,,JK,0
TXN-00984,2025-10-02,CUSTOMER_PAYMENT,RCPT-2510-0984,Rongai Home & Agro Supplies,Ongata Rongai,Collections,Contractor,CUS-1119,,,,0,0,0,0,0,0,0,0,Customer Collection,0,17486.0,0,17486.0,17486.0,0,0,0,Bank Transfer,BM,0
TXN-01702,2026-04-13,SALE,INV-2604-1702,Rongai Home & Agro Supplies,Ongata Rongai,M-Pesa Till,Farmer,CUS-1050,,Agro Inputs,Foliar Feed 1L,1,929.26,0.05,929.26,882.8,704.4,704.4,178.4,,0,882.8,0,882.8,-0.0,0,-1,-704.4,,CN,0
TXN-02253,2026-08-03,SUPPLIER_PAYMENT,SP-2608-2253,Rongai Home & Agro Supplies,Kiserian,Supplier,,,Mara Distributors,,,0,0,0,0,0,0,0,0,Supplier Payment,0,0,27638.0,0,0,0,0,0,M-PESA,AM,0
TXN-00545,2025-06-02,SALE,INV-2506-0545,Rongai Home & Agro Supplies,Ongata Rongai,Walk-in,Contractor,CUS-1133,,Plumbing,PVC Tee 20mm,5,89.64,0.0465,448.2,427.36,49.1,245.5,181.86,,0,427.36,0,427.36,-0.0,0,-5,-245.5,,CN,0
TXN-01764,2026-04-28,SALE,INV-2604-1764,Rongai Home & Agro Supplies,Ongata Rongai,Phone Order,Retail,CUS-1091,,Paints,Gloss Paint 4L,1,2512.89,0.05,2512.89,2387.25,1880.06,1880.06,507.19,,0,2387.25,0,2387.25,-0.0,0,-1,-1880.06,,JK,0
TXN-00714,2025-07-21,PURCHASE,GRN-2507-0714,Rongai Home & Agro Supplies,Kiserian,Supplier,,,Rift Valley Cement Depot,Electrical,Socket 13A,5,226.5,0,0,0,226.5,1132.5,0,Purchase,0,1132.5,0.0,0,0,0,5,1132.5,,DK,0
TXN-02182,2026-08-31,EXPENSE,EXP-2608-2182,Rongai Home & Agro Supplies,Kiserian,Back Office,,,,,,0,0,0,0,0,0,0,0,Miscellaneous,6317.05,0,6317.05,0,0,0,0,0,Cash,BM,0
TXN-00775,2025-08-07,EXPENSE,EXP-2508-0775,Rongai Home & Agro Supplies,Kiserian,Back Office,,,,,,0,0,0,0,0,0,0,0,Repairs,9828,0,9828,0,0,0,0,0,Bank Transfer,CN,0
TXN-01277,2025-12-18,SALE,INV-2512-1277,Rongai Home & Agro Supplies,Kiserian,Walk-in,Retail,CUS-1065,,Animal Feeds,Chicken Feed 10kg,1,956.87,0.08,956.87,880.32,762.87,762.87,117.45,,0,880.32,0,880.32,-0.0,0,-1,-762.87,,DK,0
TXN-00005,2025-01-02,SALE,INV-2501-0005,Rongai Home & Agro Supplies,Kiserian,Phone Order,Retail,CUS-1180,,Hardware,Spade Steel,1,1288.65,0.08,1288.65,1185.56,786.13,786.13,399.43,,0,1185.56,0,1185.56,-0.0,0,-1,-786.13,,JK,0
TXN-02032,2026-07-20,SALE,INV-2607-2032,Rongai Home & Agro Supplies,Ongata Rongai,Walk-in,Retail,CUS-1143,,Paints,Gloss Paint 4L,2,2508.56,0.08,5017.12,4615.75,1993.53,3987.06,628.69,,0,4615.75,0,4615.75,-0.0,0,-2,-3987.06,,DK,0
TXN-02174,2026-08-28,SALE,INV-2608-2174,Rongai Home & Agro Supplies,Ongata Rongai,Walk-in,Farmer,CUS-1107,,Paints,Paint Brush 4in,1,188.51,0.03,188.51,182.85,107.74,107.74,75.11,,0,182.85,0,182.85,-0.0,0,-1,-107.74,,BM,0
TXN-01174,2025-11-22,SALE,INV-2511-1174,Rongai Home & Agro Supplies,Kiserian,Phone Order,Retail,CUS-1064,,Plumbing,PVC Tee 20mm,1,81.44,0,81.44,81.44,47.76,47.76,33.68,,0,81.44,0,81.44,-0.0,0,-1,-47.76,,DK,0
TXN-00448,2025-05-02,EXPENSE,EXP-2505-0448,Rongai Home & Agro Supplies,Kiserian,Back Office,,,,,,0,0,0,0,0,0,0,0,Miscellaneous,1273,0,1273,0,0,0,0,0,M-PESA,CN,0
TXN-00210,2025-03-01,SALE,INV-2503-0210,Rongai Home & Agro Supplies,Kiserian,Walk-in,Farmer,CUS-1029,,Plumbing,PVC Elbow 20mm,6,78.25,0.05,469.5,446.02,44.49,266.94,179.08,,0,446.02,0,446.02,-0.0,0,-6,-266.94,,BM,0
TXN-01634,2026-03-25,SALE,INV-2603-1634,Rongai Home & Agro Supplies,Ongata Rongai,M-Pesa Till,Contractor,CUS-1068,,Paints,20L Emulsion Paint,11,5544.91,0.0757,60994.01,56376.76,3930.45,43234.95,13141.81,,0,56376.76,0,56376.76,-0.0,0,-11,-43234.95,,BM,0
TXN-01051,2025-10-20,SALE,INV-2510-1051,Rongai Home & Agro Supplies,Ongata Rongai,Walk-in,Reseller,CUS-1065,,Building Materials,Cement 50kg,12,787.52,0.0453,9450.24,9022.14,634.07,7608.84,1413.3,,0,9022.14,0,9022.14,-0.0,0,-12,-7608.84,,ER,0
TXN-00102,2025-01-30,SALE,INV-2501-0102,Rongai Home & Agro Supplies,Kiserian,Phone Order,Farmer,CUS-1099,,Plumbing,PVC Elbow 20mm,3,79.21,0.08,237.63,218.62,44.44,133.32,85.3,,0,218.62,0,218.62,-0.0,0,-3,-133.32,,JK,0
TXN-00168,2025-02-18,SALE,INV-2502-0168,Rongai Home & Agro Supplies,Ongata Rongai,Phone Order,Retail,CUS-1160,,Building Materials,Binding Wire 25kg,1,4228.66,0.01,4228.66,4186.37,3309.73,3309.73,876.64,,0,4186.37,0,4186.37,-0.0,0,-1,-3309.73,,JK,1
TXN-02246,2025-08-16,SUPPLIER_PAYMENT,SP-2508-2246,Rongai Home & Agro Supplies,Ongata Rongai,Supplier,,,AgroLink Kenya,,,0,0,0,0,0,0,0,0,Supplier Payment,0,0,9317.0,0,0,0,0,0,Bank Transfer,AM,0
TXN-01047,2025-10-19,SALE,INV-2510-1047,Rongai Home & Agro Supplies,Ongata Rongai,Walk-in,Farmer,CUS-1066,,Plumbing,PVC Tee 20mm,2,85.19,0.02,170.38,166.97,48.42,96.84,70.13,,0,166.97,0,166.97,-0.0,0,-2,-96.84,,BM,0
TXN-00445,2025-05-02,SALE,INV-2505-0445,Rongai Home & Agro Supplies,Ongata Rongai,Walk-in,Farmer,CUS-1061,,Building Materials,Cement 50kg,10,825.77,0.08,8257.7,7597.08,658.32,6583.2,1013.88,,0,7597.08,0,7597.08,-0.0,0,-10,-6583.2,,AM,0
TXN-00240,2025-03-10,PURCHASE,GRN-2503-0240,Rongai Home & Agro Supplies,Kiserian,Supplier,,,Rift Valley Cement Depot,Building Materials,Cement 50kg,33,645.47,0,0,0,645.47,21300.51,0,Purchase,0,21300.51,0.0,0,0,0,33,21300.51,,DK,0
TXN-00917,2025-09-15,PURCHASE,GRN-2509-0917,Rongai Home & Agro Supplies,Ongata Rongai,Supplier,,,Mara Distributors,Plumbing,PVC Tee 20mm,3,46.67,0,0,0,46.67,140.01,0,Purchase,0,0.0,140.01,0,0,0,3,140.01,,BM,0
TXN-01858,2026-05-28,SALE,INV-2605-1858,Rongai Home & Agro Supplies,Kiserian,Walk-in,Retail,CUS-1007,,Plumbing,PVC Tee 20mm,1,84.22,0,84.22,84.22,51.41,51.41,32.81,,0,84.22,0,84.22,-0.0,0,-1,-51.41,,ER,0
TXN-00601,2025-06-19,SALE,INV-2506-0601,Rongai Home & Agro Supplies,Kiserian,Walk-in,Retail,CUS-1015,,Plumbing,25mm PVC Pipe 6m,1,1040.76,0.03,1040.76,1009.54,765.31,765.31,244.23,,0,1009.54,0,1009.54,-0.0,0,-1,-765.31,,JK,0
TXN-00652,03/07/2025,SALE,INV-2507-0652,Rongai Home & Agro Supplies,Kiserian,WhatsApp,Retail,CUS-1173,,Plumbing,PVC Tee 20mm,1,89.19,0.03,89.19,86.51,46.83,46.83,39.68,,0,86.51,0,86.51,-0.0,0,-1,-46.83,,AM,0
TXN-01077,2025-10-27,SALE,INV-2510-1077,Rongai Home & Agro Supplies,Ongata Rongai,Phone Order,Retail,CUS-1072,,Building Materials,Cement 50kg,8,743.7,0.02,5949.6,5830.61,649.56,5196.48,634.13,,0,5830.61,0,5830.61,-0.0,0,-8,-5196.48,,DK,0
TXN-02040,2026-07-22,SALE,INV-2607-2040,Rongai Home & Agro Supplies,Kiserian,Walk-in,Contractor,CUS-1021,,Electrical,Socket 13A,4,413.44,0.0782,1653.76,1524.44,251.45,1005.8,518.64,,0,1524.44,0,1524.44,-0.0,0,-4,-1005.8,,AM,0
TXN-00908,2025-09-12,SALE,INV-2509-0908,Rongai Home & Agro Supplies,Kiserian,WhatsApp,Retail,CUS-1020,,Paints,Paint Brush 4in,11,170.06,0,1870.66,1870.66,98.69,1085.59,785.07,,0,1870.66,0,1870.66,-0.0,0,-11,-1085.59,,CN,0
TXN-00208,2025-02-28,PURCHASE,GRN-2502-0208,Rongai Home & Agro Supplies,Ongata Rongai,Supplier,,,Rift Valley Cement Depot,Electrical,LED Bulb 12W,3,149.51,0,0,0,149.51,448.53,0,Purchase,0,224.26,224.27,0,0,0,3,448.53,,ER,0
TXN-01008,2025-10-08,PURCHASE,GRN-2510-1008,Rongai Home & Agro Supplies,Ongata Rongai,Supplier,,,Mara Distributors,Electrical,Socket 13A,10,220.67,0,0,0,220.67,2206.7,0,Purchase,0,0.0,2206.7,0,0,0,10,2206.7,,AM,0
TXN-00109,2025-02-01,SALE,INV-2502-0109,Rongai Home & Agro Supplies,Ongata Rongai,M-Pesa Till,Farmer,CUS-1001,,Building Materials,Cement 50kg,1,805.34,0.02,805.34,789.23,642.87,642.87,146.36,,0,789.23,0,789.23,-0.0,0,-1,-642.87,,BM,0
TXN-01498,2026-02-17,EXPENSE,EXP-2602-1498,Rongai Home & Agro Supplies,Kiserian,Back Office,,,,,,0,0,0,0,0,0,0,0,Repairs,15240,0,15240,0,0,0,0,0,Cash,BM,0
TXN-01546,2026-03-03,SALE,INV-2603-1546,Rongai Home & Agro Supplies,Ongata Rongai,Walk-in,Farmer,CUS-1023,,Agro Inputs,Foliar Feed 1L,1,934.66,0.08,934.66,859.89,668.81,668.81,191.08,,0,859.89,0,859.89,-0.0,0,-1,-668.81,,BM,0
TXN-02123,13/08/2026,SALE,INV-2608-2123,Rongai Home & Agro Supplies,Kiserian,Phone Order,Contractor,CUS-1090,,Building Materials,2x2 Timber 12ft,8,527.25,0.0858,4218.0,3856.1,413.87,3310.96,545.14,,0,1928.05,0,1928.05,-1928.05,0,-8,-3310.96,,AM,0
TXN-00209,2025-03-01,SALE,INV-2503-0209,Rongai Home & Agro Supplies,Ongata Rongai,M-Pesa Till,Retail,CUS-1083,,Agro Inputs,Maize Seed 2kg,3,632.11,0.02,1896.33,1858.4,431.2,1293.6,564.8,,0,1858.4,0,1858.4,-0.0,0,-3,-1293.6,,BM,0
TXN-01224,2025-12-05,SALE,INV-2512-1224,Rongai Home & Agro Supplies,Ongata Rongai,Phone Order,Retail,CUS-1180,,Plumbing,PVC Elbow 20mm,1,75.82,0,75.82,75.82,43.0,43.0,32.82,,0,75.82,0,75.82,-0.0,0,-1,-43.0,,CN,0
TXN-01119,2025-11-06,SALE,INV-2511-1119,Rongai Home & Agro Supplies,Ongata Rongai,Phone Order,Farmer,CUS-1018,,Electrical,Electrical Cable 1.5mm 90m,1,8069.48,0.03,8069.48,7827.4,6204.74,6204.74,1622.66,,0,7827.4,0,7827.4,-0.0,0,-1,-6204.74,,ER,0
TXN-00364,2025-04-12,SALE,INV-2504-0364,Rongai Home & Agro Supplies,Ongata Rongai,Phone Order,Farmer,CUS-1070,,Animal Feeds,Chicken Feed 10kg,2,1058.27,0.08,2116.54,1947.22,796.53,1593.06,354.16,,0,1947.22,0,1947.22,-0.0,0,-2,-1593.06,,BM,0
TXN-00139,2025-02-09,SALE,INV-2502-0139,Rongai Home & Agro Supplies,Ongata Rongai,Phone Order,Retail,CUS-1160,,Agro Inputs,DAP Fertilizer 50kg,2,5313.36,0.05,10626.72,10095.38,4373.85,8747.7,1347.68,,0,10095.38,0,10095.38,-0.0,0,-2,-8747.7,,ER,0
TXN-01405,2026-01-21,SALE,INV-2601-1405,Rongai Home & Agro Supplies,Ongata Rongai,WhatsApp,Reseller,CUS-1139,,Plumbing,PVC Elbow 20mm,10,77.59,0.0216,775.9,759.14,46.3,463.0,296.14,,0,303.66,0,303.66,-455.48,0,-10,-463.0,,JK,0
TXN-01274,2025-12-17,SALE,INV-2512-1274,Rongai Home & Agro Supplies,Ongata Rongai,M-Pesa Till,Institution,CUS-1043,,Hardware,Spade Steel,10,1262.04,0.036,12620.4,12166.07,769.26,7692.6,4473.47,,0,12166.07,0,12166.07,-0.0,0,-10,-7692.6,,JK,0
TXN-01773,2026-04-30,SALE,INV-2604-1773,Rongai Home & Agro Supplies,Kiserian,M-Pesa Till,Retail,CUS-1045,,Electrical,LED Bulb 12W,1,297.68,0.08,297.68,273.87,167.0,167.0,106.87,,0,273.87,0,273.87,-0.0,0,-1,-167.0,,DK,0
TXN-02173,2026-08-28,SALE,INV-2608-2173,Rongai Home & Agro Supplies,Kiserian,WhatsApp,Retail,CUS-1169,,Building Materials,Damp Proof Course 20m,3,1314.55,0,3943.65,3943.65,947.88,2843.64,1100.01,,0,3943.65,0,3943.65,-0.0,0,-3,-2843.64,,ER,0
TXN-00166,2025-02-17,SALE,INV-2502-0166,Rongai Home & Agro Supplies,Ongata Rongai,Phone Order,Institution,CUS-1024,,Hardware,Padlock 50mm,10,730.71,0.0726,7307.1,6776.6,410.06,4100.6,2676.0,,0,2710.64,0,2710.64,-4065.96,0,-10,-4100.6,,JK,0
TXN-00609,2025-06-21,SALE,INV-2506-0609,Rongai Home & Agro Supplies,Kiserian,Credit Customer,Contractor,CUS-1088,,Plumbing,PVC Elbow 20mm,9,75.31,0.0648,677.79,633.87,42.69,384.21,249.66,,0,158.47,0,158.47,-475.4,0,-9,-384.21,,ER,0
TXN-01941,2026-06-22,SALE,INV-2606-1941,Rongai Home & Agro Supplies,Ongata Rongai,WhatsApp,Retail,CUS-1073,,Building Materials,2x2 Timber 12ft,1,542.37,0.08,542.37,498.98,422.13,422.13,76.85,,0,498.98,0,498.98,-0.0,0,-1,-422.13,,ER,0
TXN-00180,2025-02-21,SALE,INV-2502-0180,Rongai Home & Agro Supplies,Kiserian,WhatsApp,Contractor,CUS-1113,,Agro Inputs,CAN Fertilizer 50kg,8,5123.56,0.0479,40988.48,39025.13,4034.39,32275.12,6750.01,,0,9756.28,0,9756.28,-29268.85,0,-8,-32275.12,,CN,0
TXN-00698,2025-07-17,SALE,INV-2507-0698,Rongai Home & Agro Supplies,Kiserian,M-Pesa Till,Farmer,CUS-1009,,Building Materials,Cement 50kg,2,747.24,0.01,1494.48,1479.54,672.0,1344.0,135.54,,0,1479.54,0,1479.54,-0.0,0,-2,-1344.0,,CN,0
TXN-00625,2025-06-25,PURCHASE,GRN-2506-0625,Rongai Home & Agro Supplies,Ongata Rongai,Supplier,,,Eastlands Hardware Wholesalers,Building Materials,Galvanized Roofing Sheet 3m,13,923.63,0,0,0,923.63,12007.19,0,Purchase,0,0.0,12007.19,0,0,0,13,12007.19,,AM,0
TXN-00752,2025-08-01,EXPENSE,EXP-2508-0752,Rongai Home & Agro Supplies,Ongata Rongai,Back Office,,,,,,0,0,0,0,0,0,0,0,Rent,52000,0,52000,0,0,0,0,0,Bank Transfer,JK,0
TXN-00661,2025-07-06,SALE,INV-2507-0661,Rongai Home & Agro Supplies,Kiserian,M-Pesa Till,Retail,CUS-1035,,Electrical,Socket 13A,1,371.3,0.01,371.3,367.59,213.8,213.8,153.79,,0,367.59,0,367.59,-0.0,0,-1,-213.8,,BM,0
TXN-01192,2025-11-27,SALE,INV-2511-1192,Rongai Home & Agro Supplies,Kiserian,Phone Order,Farmer,CUS-1117,,Building Materials,Cement 50kg,10,740.63,0,7406.3,7406.3,635.65,6356.5,1049.8,,0,7406.3,0,7406.3,-0.0,0,-10,-6356.5,,DK,0
TXN-00236,2025-03-10,SALE,INV-2503-0236,Rongai Home & Agro Supplies,Ongata Rongai,M-Pesa Till,Contractor,CUS-1018,,Electrical,Switch 1 Gang,5,253.95,0.0374,1269.75,1222.26,144.91,724.55,497.71,,0,1222.26,0,1222.26,-0.0,0,-5,-724.55,,DK,0
TXN-01691,2026-04-10,SALE,INV-2604-1691,Rongai Home & Agro Supplies,Ongata Rongai,Walk-in,Retail,CUS-1182,,Electrical,Switch 1 Gang,1,254.07,0.02,254.07,248.99,163.33,163.33,85.66,,0,248.99,0,248.99,-0.0,0,-1,-163.33,,ER,0
TXN-00245,2025-03-12,SALE,INV-2503-0245,Rongai Home & Agro Supplies,Kiserian,Walk-in,Farmer,CUS-1046,,Electrical,Socket 13A,1,385.4,0.08,385.4,354.57,229.89,229.89,124.68,,0,354.57,0,354.57,-0.0,0,-1,-229.89,,DK,0
TXN-00880,2025-09-05,SALE,INV-2509-0880,Rongai Home & Agro Supplies,Kiserian,Walk-in,Retail,CUS-1114,,Plumbing,PVC Tee 20mm,2,90.28,0.02,180.56,176.95,47.52,95.04,81.91,,0,176.95,0,176.95,-0.0,0,-2,-95.04,,JK,0
TXN-01115,2025-11-05,SALE,INV-2511-1115,Rongai Home & Agro Supplies,Kiserian,Phone Order,Institution,CUS-1101,,Electrical,Socket 13A,3,399.3,0.0508,1197.9,1137.05,228.14,684.42,452.63,,0,0.0,0,0.0,-1137.05,0,-3,-684.42,,CN,0
TXN-01193,2025-11-27,SALE,INV-2511-1193,Rongai Home & Agro Supplies,Ongata Rongai,M-Pesa Till,Reseller,CUS-1089,,Household,Jerrycan 20L,4,766.46,0.0423,3065.84,2936.15,505.49,2021.96,914.19,,0,1174.46,0,1174.46,-1761.69,0,-4,-2021.96,,ER,0
TXN-02003,2026-07-09,SALE,INV-2607-2003,Rongai Home & Agro Supplies,Kiserian,Walk-in,Retail,CUS-1073,,Building Materials,Cement 50kg,2,824.23,0.08,1648.46,1516.58,711.82,1423.64,92.94,,0,1516.58,0,1516.58,-0.0,0,-2,-1423.64,,AM,0
TXN-01384,2026-01-14,SALE,INV-2601-1384,Rongai Home & Agro Supplies,Kiserian,WhatsApp,Retail,CUS-1105,,Building Materials,Cement 50kg,3,808.39,0.01,2425.17,2400.92,676.49,2029.47,371.45,,0,2400.92,0,2400.92,-0.0,0,-3,-2029.47,,BM,0
TXN-01570,2026-03-09,PURCHASE,GRN-2603-1570,Rongai Home & Agro Supplies,Ongata Rongai,Supplier,,,Eastlands Hardware Wholesalers,Paints,Gloss Paint 4L,5,1810.75,0,0,0,1810.75,9053.75,0,Purchase,0,0.0,9053.75,0,0,0,5,9053.75,,AM,0
TXN-00621,2025-06-24,SALE,INV-2506-0621,Rongai Home & Agro Supplies,Kiserian,Walk-in,Reseller,CUS-1077,,Building Materials,Cement 50kg,8,758.41,0.0596,6067.28,5705.67,648.81,5190.48,515.19,,0,5705.67,0,5705.67,-0.0,0,-8,-5190.48,,DK,0
TXN-01279,2025-12-18,SALE,INV-2512-1279,Rongai Home & Agro Supplies,Kiserian,M-Pesa Till,Farmer,CUS-1117,,Agro Inputs,Foliar Feed 1L,2,1055.51,0.08,2111.02,1942.14,636.74,1273.48,668.66,,0,1942.14,0,1942.14,-0.0,0,-2,-1273.48,,BM,0
TXN-00077,2025-01-22,REFUND,REF-2501-0077,Rongai Home & Agro Supplies,Ongata Rongai,Counter,Farmer,CUS-1124,,Plumbing,PVC Elbow 20mm,-1,70.59,0,0,68.72,42.64,0,-68.72,Customer Refund,68.72,0,68.72,0,0,68.72,0,0,refund,JK,0
TXN-01557,2026-03-05,CUSTOMER_PAYMENT,RCPT-2603-1557,Rongai Home & Agro Supplies,Ongata Rongai,Collections,Contractor,CUS-1059,,,,0,0,0,0,0,0,0,0,Customer Collection,0,11502.0,0,11502.0,11502.0,0,0,0,Bank Transfer,DK,0
TXN-00725,24-07-2025,SALE,INV-2507-0725,Rongai Home & Agro Supplies,Ongata Rongai,WhatsApp,Retail,CUS-1051,,Hardware,Panga,3,991.89,0.02,2975.67,2916.16,547.93,1643.79,1272.37,,0,2916.16,0,2916.16,-0.0,0,-3,-1643.79,,AM,0
TXN-01979,2026-07-03,SALE,INV-2607-1979,Rongai Home & Agro Supplies,Kiserian,Walk-in,Retail,CUS-1137,,Hardware,Padlock 50mm,1,704.1,0,704.1,704.1,445.72,445.72,258.38,,0,704.1,0,704.1,-0.0,0,-1,-445.72,,ER,0
TXN-01137,2025-11-12,PURCHASE,GRN-2511-1137,Rongai Home & Agro Supplies,Ongata Rongai,Supplier,,,Rift Valley Cement Depot,Plumbing,PVC Elbow 20mm,21,44.55,0,0,0,44.55,935.55,0,Purchase,0,935.55,0.0,0,0,0,21,935.55,,BM,0
TXN-01999,2026-07-08,SALE,INV-2607-1999,Rongai Home & Agro Supplies,Kiserian,M-Pesa Till,Institution,CUS-1105,,Agro Inputs,Knapsack Sprayer 20L,8,4564.82,0.1131,36518.56,32388.31,3585.33,28682.64,3705.67,,0,32388.31,0,32388.31,-0.0,0,-8,-28682.64,,ER,0
TXN-00275,2025-03-21,SALE,INV-2503-0275,Rongai Home & Agro Supplies,Ongata Rongai,Walk-in,Contractor,CUS-1014,,Building Materials,2x2 Timber 12ft,5,531.86,0.0536,2659.3,2516.76,387.05,1935.25,581.51,,0,1006.7,0,1006.7,-1510.06,0,-5,-1935.25,,BM,0
TXN-00696,2025-07-16,EXPENSE,EXP-2507-0696,Rongai Home & Agro Supplies,Ongata Rongai,Back Office,,,,,,0,0,0,0,0,0,0,0,Bank Charges,3287,0,3287,0,0,0,0,0,M-PESA,BM,0
TXN-00411,2025-04-24,SALE,INV-2504-0411,Rongai Home & Agro Supplies,Kiserian,M-Pesa Till,Retail,CUS-1023,,Building Materials,Cement 50kg,2,802.47,0,1604.94,1604.94,652.75,1305.5,299.44,,0,1604.94,0,1604.94,-0.0,0,-2,-1305.5,,ER,0
TXN-00420,2025-04-25,PURCHASE,GRN-2504-0420,Rongai Home & Agro Supplies,Ongata Rongai,Supplier,,,Mara Distributors,Plumbing,25mm PVC Pipe 6m,3,760.01,0,0,0,760.01,2280.03,0,Purchase,0,2280.03,0.0,0,0,0,3,2280.03,,JK,0
TXN-00314,2025-03-31,EXPENSE,EXP-2503-0314,Rongai Home & Agro Supplies,Ongata Rongai,Back Office,,,,,,0,0,0,0,0,0,0,0,Bank Charges,1428,0,1428,0,0,0,0,0,Bank Transfer,ER,0
TXN-00918,2025-09-15,EXPENSE,EXP-2509-0918,Rongai Home & Agro Supplies,Kiserian,Back Office,,,,,,0,0,0,0,0,0,0,0,Marketing,8767,0,8767,0,0,0,0,0,M-PESA,JK,0
TXN-00560,2025-06-06,SALE,INV-2506-0560,Rongai Home & Agro Supplies,Kiserian,WhatsApp,Retail,CUS-1176,,Electrical,LED Bulb 12W,4,287.78,0.02,1151.12,1128.1,158.95,635.8,492.3,,0,1128.1,0,1128.1,-0.0,0,-4,-635.8,,ER,0
TXN-02109,2026-08-08,SALE,INV-2608-2109,Rongai Home & Agro Supplies,Kiserian,Walk-in,Institution,CUS-1131,,Paints,Paint Brush 4in,14,179.77,0.0777,2516.78,2321.23,105.51,1477.14,844.09,,0,1160.62,0,1160.62,-1160.61,0,-14,-1477.14,,ER,0
TXN-00250,2025-03-13,SALE,INV-2503-0250,Rongai Home & Agro Supplies,Kiserian,WhatsApp,Retail,CUS-1065,,Hardware,Panga,2,911.84,0.03,1823.68,1768.97,586.1,1172.2,596.77,,0,1768.97,0,1768.97,-0.0,0,-2,-1172.2,,BM,0
TXN-00456,2025-05-06,SALE,INV-2505-0456,Rongai Home & Agro Supplies,Ongata Rongai,Phone Order,Retail,CUS-1040,,Hardware,Panga,1,898.31,0.02,898.31,880.34,544.33,544.33,336.01,,0,880.34,0,880.34,-0.0,0,-1,-544.33,,BM,1
TXN-01172,2025-11-21,PURCHASE,GRN-2511-1172,Rongai Home & Agro Supplies,Kiserian,Supplier,,,Rift Valley Cement Depot,Building Materials,Cement 50kg,19,674.78,0,0,0,674.78,12820.82,0,Purchase,0,4487.29,8333.53,0,0,0,19,12820.82,,AM,0
TXN-01205,2025-12-01,SALE,INV-2512-1205,Rongai Home & Agro Supplies,Ongata Rongai,Walk-in,Retail,CUS-1033,,Plumbing,PVC Tee 20mm,5,82.69,0.03,413.45,401.05,48.19,240.95,160.1,,0,401.05,0,401.05,-0.0,0,-5,-240.95,,CN,0
TXN-00397,2025-04-20,CUSTOMER_PAYMENT,RCPT-2504-0397,Rongai Home & Agro Supplies,Ongata Rongai,Collections,Contractor,CUS-1086,,,,0,0,0,0,0,0,0,0,Customer Collection,0,11730.0,0,11730.0,11730.0,0,0,0,Bank Transfer,AM,0
TXN-01226,2025-12-05,SALE,INV-2512-1226,Rongai Home & Agro Supplies,Ongata Rongai,Walk-in,Retail,CUS-1015,,Building Materials,2x2 Timber 12ft,1,521.3,0.02,521.3,510.87,367.47,367.47,143.4,,0,510.87,0,510.87,-0.0,0,-1,-367.47,,AM,0
TXN-02239,2025-08-29,SUPPLIER_PAYMENT,SP-2508-2239,Rongai Home & Agro Supplies,Ongata Rongai,Supplier,,,Rift Valley Cement Depot,,,0,0,0,0,0,0,0,0,Supplier Payment,0,0,44922.0,0,0,0,0,0,Cash,BM,0
TXN-00930,2025-09-18,SALE,INV-2509-0930,Rongai Home & Agro Supplies,Kiserian,Walk-in,Retail,CUS-1080,,Plumbing,20mm PVC Pipe 6m,4,796.45,0,3185.8,3185.8,592.69,2370.76,815.04,,0,3185.8,0,3185.8,-0.0,0,-4,-2370.76,,ER,0
TXN-02257,2025-08-28,SUPPLIER_PAYMENT,SP-2508-2257,Rongai Home & Agro Supplies,Ongata Rongai,Supplier,,,AgroLink Kenya,,,0,0,0,0,0,0,0,0,Supplier Payment,0,0,20955.0,0,0,0,0,0,Bank Transfer,ER,0
TXN-01154,2025-11-17,SALE,INV-2511-1154,Rongai Home & Agro Supplies,Ongata Rongai,M-Pesa Till,Reseller,CUS-1120,,Electrical,Socket 13A,9,404.13,0.0601,3637.17,3418.58,222.82,2005.38,1413.2,,0,3418.58,0,3418.58,-0.0,0,-9,-2005.38,,ER,0
TXN-02025,2026-07-17,SALE,INV-2607-2025,Rongai Home & Agro Supplies,Ongata Rongai,Walk-in,Retail,CUS-1166,,Plumbing,PVC Tee 20mm,3,83.5,0.03,250.5,242.98,51.26,153.78,89.2,,0,242.98,0,242.98,-0.0,0,-3,-153.78,,DK,0
TXN-00727,2025-07-24,EXPENSE,EXP-2507-0727,Rongai Home & Agro Supplies,Ongata Rongai,Back Office,,,,,,0,0,0,0,0,0,0,0,Repairs,15556,0,15556,0,0,0,0,0,M-PESA,ER,
TXN-01793,2026-05-07,SALE,INV-2605-1793,Rongai Home & Agro Supplies,Kiserian,Walk-in,Reseller,CUS-1161,,Electrical,Switch 1 Gang,8,272.3,0.117,2178.4,1923.53,161.65,1293.2,630.33,,0,961.76,0,961.76,-961.77,0,-8,-1293.2,,AM,0
TXN-00726,2025-07-24,SALE,INV-2507-0726,Rongai Home & Agro Supplies,Kiserian,Walk-in,Retail,CUS-1183,,Building Materials,2x2 Timber 12ft,1,533.71,0,533.71,533.71,388.29,388.29,145.42,,0,533.71,0,533.71,-0.0,0,-1,-388.29,,CN,0
TXN-00954,2025-09-24,PURCHASE,GRN-2509-0954,Rongai Home & Agro Supplies,Kiserian,Supplier,,,Mara Distributors,Building Materials,Cement 50kg,47,627.14,0,0,0,627.14,29475.58,0,Purchase,0,0.0,29475.58,0,0,0,47,29475.58,,CN,0
TXN-02104,2026-08-07,SALE,INV-2608-2104,Rongai Home & Agro Supplies,Kiserian,Phone Order,Retail,CUS-1106,,Building Materials,2x2 Timber 12ft,8,493.92,0,3951.36,3951.36,424.76,3398.08,553.28,,0,3951.36,0,3951.36,-0.0,0,-8,-3398.08,,BM,0
TXN-01783,2026-05-04,SALE,INV-2605-1783,Rongai Home & Agro Supplies,Ongata Rongai,Walk-in,Retail,CUS-1102,,Agro Inputs,Foliar Feed 1L,1,924.5,0,924.5,924.5,666.47,666.47,258.03,,0,924.5,0,924.5,-0.0,0,-1,-666.47,,DK,0
TXN-01794,2026-05-07,REFUND,REF-2605-1794,Rongai Home & Agro Supplies,Kiserian,Counter,Reseller,CUS-1120,,Electrical,Switch 1 Gang,-1,272.3,0,0,219.32,161.65,0,-219.32,Customer Refund,219.32,0,219.32,0,0,219.32,0,0,refund,ER,0
TXN-00944,2025-09-22,PURCHASE,GRN-2509-0944,Rongai Home & Agro Supplies,Kiserian,Supplier,,,Nairobi Electrical Mart,Hardware,Panga,5,559.12,0,0,0,559.12,2795.6,0,Purchase,0,978.46,1817.14,0,0,0,5,2795.6,,ER,0
TXN-01850,2026-05-25,PURCHASE,GRN-2605-1850,Rongai Home & Agro Supplies,Ongata Rongai,Supplier,,,Rift Valley Cement Depot,Household,Jerrycan 20L,3,549.8,0,0,0,549.8,1649.4,0,Purchase,0,1649.4,0.0,0,0,0,3,1649.4,,CN,0
TXN-00770,2025-08-06,PURCHASE,GRN-2508-0770,Rongai Home & Agro Supplies,Ongata Rongai,Supplier,,,Mara Distributors,Building Materials,2x2 Timber 12ft,6,376.48,0,0,0,376.48,2258.88,0,Purchase,0,790.61,1468.27,0,0,0,6,2258.88,,DK,0
TXN-00108,2025-02-01,SALE,INV-2502-0108,Rongai Home & Agro Supplies,Kiserian,M-Pesa Till,Contractor,CUS-1131,,Building Materials,Cement 50kg,13,815.92,0.0547,10606.96,10026.76,650.09,8451.17,1575.59,,0,2506.69,0,2506.69,-7520.07,0,-13,-8451.17,,DK,0
TXN-00963,2025-09-27,SALE,INV-2509-0963,Rongai Home & Agro Supplies,Ongata Rongai,Walk-in,Retail,CUS-1035,,Electrical,Socket 13A,1,405.04,0.08,405.04,372.64,226.85,226.85,145.79,,0,372.64,0,372.64,-0.0,0,-1,-226.85,,JK,0
TXN-00228,2025-03-07,SALE,INV-2503-0228,Rongai Home & Agro Supplies,Ongata Rongai,Phone Order,Retail,CUS-1153,,Building Materials,Cement 50kg,2,734.91,0.01,1469.82,1455.12,658.28,1316.56,138.56,,0,1455.12,0,1455.12,-0.0,0,-2,-1316.56,,JK,0
TXN-02157,2026-08-24,SALE,INV-2608-2157,Rongai Home & Agro Supplies,Kiserian,WhatsApp,Farmer,CUS-1023,,Electrical,Socket 13A,2,410.27,0.03,820.54,795.92,237.61,475.22,320.7,,0,795.92,0,795.92,-0.0,0,-2,-475.22,,BM,0
TXN-02045,2026-07-23,REFUND,REF-2607-2045,Rongai Home & Agro Supplies,Kiserian,Counter,Farmer,CUS-1050,,Paints,Paint Brush 4in,-1,182.21,0,0,168.29,101.81,0,-168.29,Customer Refund,168.29,0,168.29,0,0,168.29,0,0,refund,BM,0
TXN-00947,23-09-2025,SALE,INV-2509-0947,Rongai Home & Agro Supplies,Ongata Rongai,M-Pesa Till,Farmer,CUS-1082,,Agro Inputs,Maize Seed 2kg,2,585.01,0.05,1170.02,1111.52,453.96,907.92,203.6,,0,1111.52,0,1111.52,-0.0,0,-2,-907.92,,BM,0
TXN-00050,2025-01-15,PURCHASE,GRN-2501-0050,Rongai Home & Agro Supplies,Ongata Rongai,Supplier,,,Nairobi Electrical Mart,Paints,Paint Brush 4in,5,91.89,0,0,0,91.89,459.45,0,Purchase,0,344.59,114.86,0,0,0,5,459.45,,AM,0
TXN-01756,2026-04-27,SALE,INV-2604-1756,Rongai Home & Agro Supplies,Kiserian,M-Pesa Till,Institution,CUS-1180,,Hardware,Hammer 16oz,9,871.44,0.0883,7842.96,7150.43,560.28,5042.52,2107.91,,0,7150.43,0,7150.43,-0.0,0,-9,-5042.52,,DK,0
TXN-01015,2025-10-10,SALE,INV-2510-1015,Rongai Home & Agro Supplies,Ongata Rongai,WhatsApp,Retail,CUS-1049,,Plumbing,20mm PVC Pipe 6m,2,784.82,0.01,1569.64,1553.94,590.64,1181.28,372.66,,0,1553.94,0,1553.94,-0.0,0,-2,-1181.28,,ER,0
TXN-01619,2026-03-21,SALE,INV-2603-1619,Rongai Home & Agro Supplies,Kiserian,Walk-in,Retail,CUS-1049,,Plumbing,PVC Elbow 20mm,8,72.44,0,579.52,579.52,45.19,361.52,218.0,,0,579.52,0,579.52,-0.0,0,-8,-361.52,,ER,0
TXN-00751,2025-08-01,PURCHASE,GRN-2508-0751,Rongai Home & Agro Supplies,Ongata Rongai,Supplier,,,Mara Distributors,Animal Feeds,Chicken Feed 10kg,38,781.49,0,0,0,781.49,29696.62,0,Purchase,0,14848.31,14848.31,0,0,0,38,29696.62,,BM,0
TXN-01485,2026-02-13,SALE,INV-2602-1485,Rongai Home & Agro Supplies,Kiserian,Phone Order,Farmer,CUS-1129,,Hardware,Panga,1,965.75,0.08,965.75,888.49,574.71,574.71,313.78,,0,888.49,0,888.49,-0.0,0,-1,-574.71,,ER,0
TXN-00599,2025-06-18,EXPENSE,EXP-2506-0599,Rongai Home & Agro Supplies,Kiserian,Back Office,,,,,,0,0,0,0,0,0,0,0,Miscellaneous,1688,0,1688,0,0,0,0,0,M-PESA,CN,0
TXN-01347,2026-01-05,SALE,INV-2601-1347,Rongai Home & Agro Supplies,Ongata Rongai,Walk-in,Retail,CUS-1073,,Building Materials,Cement 50kg,9,745.76,0.08,6711.84,6174.89,677.28,6095.52,79.37,,0,6174.89,0,6174.89,-0.0,0,-9,-6095.52,,DK,0
TXN-00927,2025-09-17,PURCHASE,GRN-2509-0927,Rongai Home & Agro Supplies,Ongata Rongai,Supplier,,,Mara Distributors,Building Materials,Cement 50kg,4,657.22,0,0,0,657.22,2628.88,0,Purchase,0,2628.88,0.0,0,0,0,4,2628.88,,AM,0
TXN-00981,2025-10-02,SALE,INV-2510-0981,Rongai Home & Agro Supplies,Ongata Rongai,Phone Order,Reseller,CUS-1135,,Paints,Gloss Paint 4L,8,2375.03,0.0349,19000.24,18337.13,1826.32,14610.56,3726.57,,0,7334.85,0,7334.85,-11002.28,0,-8,-14610.56,,CN,0
TXN-01340,2026-01-02,CUSTOMER_PAYMENT,RCPT-2601-1340,Rongai Home & Agro Supplies,Kiserian,Collections,Contractor,CUS-1036,,,,0,0,0,0,0,0,0,0,Customer Collection,0,5256.0,0,5256.0,5256.0,0,0,0,Mpesa,AM,0
TXN-00203,2025-02-27,SALE,INV-2502-0203,Rongai Home & Agro Supplies,Kiserian,M-Pesa Till,Retail,CUS-1130,,Agro Inputs,Knapsack Sprayer 20L,1,4845.64,0.05,4845.64,4603.36,3207.05,3207.05,1396.31,,0,4603.36,0,4603.36,-0.0,0,-1,-3207.05,,JK,0
TXN-00441,2025-05-01,SALE,INV-2505-0441,Rongai Home & Agro Supplies,Kiserian,Phone Order,Reseller,CUS-1111,,Plumbing,Basin Tap Chrome,5,1526.71,0.0766,7633.55,7048.82,959.75,4798.75,2250.07,,0,3524.41,0,3524.41,-3524.41,0,-5,-4798.75,,AM,0
TXN-01624,2026-03-23,SALE,INV-2603-1624,Rongai Home & Agro Supplies,Kiserian,M-Pesa Till,Retail,CUS-1151,,Agro Inputs,DAP Fertilizer 50kg,4,5765.51,0,23062.04,23062.04,4599.41,18397.64,4664.4,,0,23062.04,0,23062.04,-0.0,0,-4,-18397.64,,ER,0
TXN-00334,2025-04-04,PURCHASE,GRN-2504-0334,Rongai Home & Agro Supplies,Kiserian,Supplier,,,Eastlands Hardware Wholesalers,Building Materials,Cement 50kg,173,648.56,0,0,0,648.56,112200.88,0,Purchase,0,39270.31,72930.57,0,0,0,173,112200.88,,CN,0
TXN-00915,2025-09-15,SALE,INV-2509-0915,Rongai Home & Agro Supplies,Kiserian,Phone Order,Contractor,CUS-1141,,Plumbing,20mm PVC Pipe 6m,12,879.14,0.0314,10549.68,10218.42,578.88,6946.56,3271.86,,0,10218.42,0,10218.42,-0.0,0,-12,-6946.56,,JK,0
TXN-01220,2025-12-04,SALE,INV-2512-1220,Rongai Home & Agro Supplies,Ongata Rongai,Phone Order,Contractor,CUS-1104,,Building Materials,2x2 Timber 12ft,4,509.22,0.0746,2036.88,1884.93,379.4,1517.6,367.33,,0,1884.93,0,1884.93,-0.0,0,-4,-1517.6,,AM,0
TXN-01263,2025-12-15,SALE,INV-2512-1263,Rongai Home & Agro Supplies,Kiserian,Walk-in,Farmer,CUS-1003,,Household,Jerrycan 20L,1,796.63,0.02,796.63,780.7,478.81,478.81,301.89,,0,780.7,0,780.7,-0.0,0,-1,-478.81,,CN,0
TXN-01911,2026-06-11,EXPENSE,EXP-2606-1911,Rongai Home & Agro Supplies,Kiserian,Back Office,,,,,,0,0,0,0,0,0,0,0,Marketing,4820.33,0,4820.33,0,0,0,0,0,Bank Transfer,CN,0
TXN-01502,2026-02-19,SALE,INV-2602-1502,Rongai Home & Agro Supplies,Kiserian,M-Pesa Till,Retail,CUS-1074,,Plumbing,PVC Tee 20mm,5,89.33,0,446.65,446.65,51.37,256.85,189.8,,0,446.65,0,446.65,-0.0,0,-5,-256.85,,JK,0
TXN-00207,2025-02-28,SALE,INV-2502-0207,Rongai Home & Agro Supplies,Ongata Rongai,M-Pesa Till,Retail,CUS-1009,,Paints,Paint Brush 4in,3,186.03,0.05,558.09,530.19,95.37,286.11,244.08,,0,530.19,0,530.19,-0.0,0,-3,-286.11,,JK,0
TXN-01735,2026-04-21,SALE,INV-2604-1735,Rongai Home & Agro Supplies,Kiserian,WhatsApp,Farmer,CUS-1164,,Electrical,LED Bulb 12W,8,269.27,0.05,2154.16,2046.45,173.6,1388.8,657.65,,0,2046.45,0,2046.45,-0.0,0,-8,-1388.8,,JK,0
TXN-01841,2026-05-21,CUSTOMER_PAYMENT,RCPT-2605-1841,Rongai Home & Agro Supplies,Kiserian,Collections,Contractor,CUS-1075,,,,0,0,0,0,0,0,0,0,Customer Collection,0,9545.0,0,9545.0,9545.0,0,0,0,Mpesa,JK,0
TXN-01080,2025-10-28,SALE,INV-2510-1080,Rongai Home & Agro Supplies,Kiserian,Phone Order,Retail,CUS-1104,,Building Materials,Cement 50kg,18,774.34,0,13938.12,13938.12,647.6,11656.8,2281.32,,0,13938.12,0,13938.12,-0.0,0,-18,-11656.8,,ER,0
TXN-01381,2026-01-13,EXPENSE,EXP-2601-1381,Rongai Home & Agro Supplies,Kiserian,Back Office,,,,,,0,0,0,0,0,0,0,0,Internet,4000,0,4000,0,0,0,0,0,Cash,AM,0
TXN-01521,2026-02-24,SALE,INV-2602-1521,Rongai Home & Agro Supplies,Kiserian,M-Pesa Till,Institution,CUS-1070,,Building material,Galvanized Roofing Sheet 3m,10,1192.28,0.0272,11922.8,11598.5,944.61,9446.1,2152.4,,0,2899.62,0,2899.62,-8698.88,0,-10,-9446.1,,DK,0
TXN-00442,01/05/2025,SALE,INV-2505-0442,Rongai Home & Agro Supplies,Ongata Rongai,Walk-in,Retail,CUS-1109,,Electrical,Switch 1 Gang,2,257.36,0,514.72,514.72,140.81,281.62,233.1,,0,514.72,0,514.72,-0.0,0,-2,-281.62,,DK,0
TXN-00171,2025-02-19,SALE,INV-2502-0171,Rongai Home & Agro Supplies,Kiserian,M-Pesa Till,Retail,CUS-1180,,Animal Feeds,Chicken Feed 10kg,1,1017.56,0.01,1017.56,1007.38,786.4,786.4,220.98,,0,1007.38,0,1007.38,-0.0,0,-1,-786.4,,BM,0
TXN-00465,2025-05-08,SALE,INV-2505-0465,Rongai Home & Agro Supplies,Kiserian,Walk-in,Farmer,CUS-1183,,Plumbing,PVC Tee 20mm,1,89.14,0,89.14,89.14,46.98,46.98,42.16,,0,89.14,0,89.14,-0.0,0,-1,-46.98,,ER,0
TXN-02095,2026-08-05,PURCHASE,GRN-2608-2095,Rongai Home & Agro Supplies,Kiserian,Supplier,,,Eastlands Hardware Wholesalers,Electrical,Switch 1 Gang,3,160.25,0,0,0,160.25,480.75,0,Purchase,0,0.0,480.75,0,0,0,3,480.75,,BM,0
TXN-01741,2026-04-22,SALE,INV-2604-1741,Rongai Home & Agro Supplies,Ongata Rongai,Phone Order,Retail,CUS-1089,,Electrical,Switch 1 Gang,7,250.84,0.01,1755.88,1738.32,164.35,1150.45,587.87,,0,1738.32,0,1738.32,-0.0,0,-7,-1150.45,,CN,0
TXN-01031,2025-10-15,SALE,INV-2510-1031,Rongai Home & Agro Supplies,Kiserian,WhatsApp,Retail,CUS-1176,,Plumbing,20mm PVC Pipe 6m,1,833.0,0.08,833.0,766.36,613.87,613.87,152.49,,0,766.36,0,766.36,-0.0,0,-1,-613.87,,DK,0
TXN-01804,2026-05-11,SALE,INV-2605-1804,Rongai Home & Agro Supplies,Kiserian,Walk-in,Farmer,CUS-1087,,Hardware,Padlock 50mm,1,726.95,0.05,726.95,690.6,451.79,451.79,238.81,,0,690.6,0,690.6,-0.0,0,-1,-451.79,,CN,0
TXN-01360,2026-01-07,PURCHASE,GRN-2601-1360,Rongai Home & Agro Supplies,Ongata Rongai,Supplier,,,AgroLink Kenya,Electrical,Electrical Cable 1.5mm 90m,3,6102.86,0,0,0,6102.86,18308.58,0,Purchase,0,6408.0,11900.58,0,0,0,3,18308.58,,BM,0
TXN-01948,2026-06-24,SALE,INV-2606-1948,Rongai Home & Agro Supplies,Ongata Rongai,Phone Order,Retail,CUS-1016,,Building Materials,2x2 Timber 12ft,6,508.71,0.02,3052.26,2991.21,425.43,2552.58,438.63,,0,2991.21,0,2991.21,-0.0,0,-6,-2552.58,,CN,0
TXN-01760,2026-04-27,CUSTOMER_PAYMENT,RCPT-2604-1760,Rongai Home & Agro Supplies,Kiserian,Collections,Contractor,CUS-1093,,,,0,0,0,0,0,0,0,0,Customer Collection,0,20590.0,0,20590.0,20590.0,0,0,0,Mpesa,DK,0
TXN-00149,2025-02-12,SALE,INV-2502-0149,Rongai Home & Agro Supplies,Kiserian,Walk-in,Retail,CUS-1012,,Building Materials,Galvanized Roofing Sheet 3m,1,1142.97,0.08,1142.97,1051.53,876.23,876.23,175.3,,0,1051.53,0,1051.53,-0.0,0,-1,-876.23,,AM,1
TXN-02143,2026-08-19,SALE,INV-2608-2143,Rongai Home & Agro Supplies,Kiserian,M-Pesa Till,Farmer,CUS-1067,,Building Materials,Cement 50kg,15,740.88,0.01,11113.2,11002.07,694.52,10417.8,584.27,,0,11002.07,0,11002.07,-0.0,0,-15,-10417.8,,ER,0
TXN-01075,2025-10-27,SALE,INV-2510-1075,Rongai Home & Agro Supplies,Ongata Rongai,Phone Order,Contractor,,,Building Materials,Cement 50kg,10,827.96,0.0532,8279.6,7839.13,677.1,6771.0,1068.13,,0,1959.78,0,1959.78,-5879.35,0,-10,-6771.0,,AM,0
TXN-00783,2025-08-09,SALE,INV-2508-0783,Rongai Home & Agro Supplies,Ongata Rongai,Walk-in,Farmer,CUS-1026,,Animal Feeds,Chicken Feed 10kg,1,972.8,0.03,972.8,943.62,753.38,753.38,190.24,,0,943.62,0,943.62,-0.0,0,-1,-753.38,,JK,0
TXN-01194,2025-11-28,SALE,INV-2511-1194,Rongai Home & Agro Supplies,Ongata Rongai,M-Pesa Till,Retail,CUS-1030,,Building Materials,Galvanized Roofing Sheet 3m,1,1117.91,0,1117.91,1117.91,887.56,887.56,230.35,,0,1117.91,0,1117.91,-0.0,0,-1,-887.56,,ER,0
TXN-01212,2025-12-03,SALE,INV-2512-1212,Rongai Home & Agro Supplies,Kiserian,Phone Order,Retail,CUS-1011,,Paints,Paint Brush 4in,1,183.45,0.03,183.45,177.95,98.29,98.29,79.66,,0,177.95,0,177.95,-0.0,0,-1,-98.29,,BM,0
TXN-00900,2025-09-10,EXPENSE,EXP-2509-0900,Rongai Home & Agro Supplies,Ongata Rongai,Back Office,,,,,,0,0,0,0,0,0,0,0,Rent,50000,0,50000,0,0,0,0,0,Bank Transfer,JK,0
TXN-01436,2026-01-30,SALE,INV-2601-1436,Rongai Home & Agro Supplies,Kiserian,M-Pesa Till,Contractor,CUS-1001,,Hardware,Hammer 16oz,5,876.27,0.0348,4381.35,4228.88,537.72,2688.6,1540.28,,0,4228.88,0,4228.88,-0.0,0,-5,-2688.6,,DK,0
TXN-00796,13/08/2025,SALE,INV-2508-0796,Rongai Home & Agro Supplies,Kiserian,Phone Order,Retail,CUS-1164,,Plumbing,PVC Tee 20mm,1,80.22,0.02,80.22,78.62,49.97,49.97,28.65,,0,78.62,0,78.62,-0.0,0,-1,-49.97,,ER,0
TXN-01917,2026-06-14,SALE,INV-2606-1917,Rongai Home & Agro Supplies,Ongata Rongai,Walk-in,Retail,CUS-1164,,Paints,Gloss Paint 4L,1,2627.72,0.02,2627.72,2575.17,2004.09,2004.09,571.08,,0,2575.17,0,2575.17,-0.0,0,-1,-2004.09,,JK,0
TXN-01073,2025-10-25,SALE,INV-2510-1073,Rongai Home & Agro Supplies,Kiserian,M-Pesa Till,Retail,CUS-1171,,Building Materials,Cement 50kg,14,823.41,0,11527.74,11527.74,641.31,8978.34,2549.4,,0,11527.74,0,11527.74,-0.0,0,-14,-8978.34,,AM,0
TXN-00524,2025-05-27,SALE,INV-2505-0524,Rongai Home & Agro Supplies,Kiserian,WhatsApp,Farmer,CUS-1131,,Paints,20L Emulsion Paint,1,5564.91,0,5564.91,5564.91,3949.32,3949.32,1615.59,,0,5564.91,0,5564.91,-0.0,0,-1,-3949.32,,BM,0
TXN-00802,2025-08-15,SALE,INV-2508-0802,Rongai Home & Agro Supplies,Kiserian,M-Pesa Till,Farmer,CUS-1031,,Electrical,Switch 1 Gang,2,259.44,0,518.88,518.88,146.45,292.9,225.98,,0,518.88,0,518.88,-0.0,0,-2,-292.9,,ER,0
TXN-02111,2026-08-10,SALE,INV-2608-2111,Rongai Home & Agro Supplies,Ongata Rongai,M-Pesa Till,Retail,CUS-1017,,Plumbing,PVC Tee 20mm,3,89.46,0.01,268.38,265.7,52.93,158.79,106.91,,0,265.7,0,265.7,-0.0,0,-3,-158.79,,BM,0
TXN-00383,2025-04-17,SALE,INV-2504-0383,Rongai Home & Agro Supplies,Ongata Rongai,WhatsApp,Retail,CUS-1001,,Building Materials,Cement 50kg,7,831.52,0.02,5820.64,5704.23,676.27,4733.89,970.34,,0,5704.23,0,5704.23,-0.0,0,-7,-4733.89,,JK,0
TXN-02134,2026-08-16,SALE,INV-2608-2134,Rongai Home & Agro Supplies,Ongata Rongai,WhatsApp,Retail,CUS-1029,,Plumbing,20mm PVC Pipe 6m,1,803.67,0.03,803.67,779.56,658.07,658.07,121.49,,0,779.56,0,779.56,-0.0,0,-1,-658.07,,AM,0
TXN-01817,2026-05-15,SALE,INV-2605-1817,Rongai Home & Agro Supplies,Ongata Rongai,WhatsApp,Retail,CUS-1180,,Building Materials,Cement 50kg,14,803.83,0,11253.62,11253.62,729.32,10210.48,1043.14,,0,11253.62,0,11253.62,-0.0,0,-14,-10210.48,,AM,0
TXN-01791,2026-05-06,PURCHASE,GRN-2605-1791,Rongai Home & Agro Supplies,Kiserian,Supplier,,,Mara Distributors,Electrical,Switch 1 Gang,28,151.92,0,0,0,151.92,4253.76,0,Purchase,0,4253.76,0.0,0,0,0,28,4253.76,,CN,0
TXN-00903,2025-09-11,SALE,INV-2509-0903,Rongai Home & Agro Supplies,Ongata Rongai,Walk-in,Farmer,CUS-1012,,Paints,Paint Brush 4in,1,185.78,0.01,185.78,183.92,94.33,94.33,89.59,,0,183.92,0,183.92,-0.0,0,-1,-94.33,,BM,0
TXN-00194,2025-02-25,SALE,INV-2502-0194,Rongai Home & Agro Supplies,Kiserian,Phone Order,Retail,CUS-1182,,Building Materials,Galvanized Roofing Sheet 3m,1,1208.38,0.05,1208.38,1147.96,879.39,879.39,268.57,,0,1147.96,0,1147.96,-0.0,0,-1,-879.39,,ER,0
TXN-00311,2025-03-31,SALE,INV-2503-0311,Rongai Home & Agro Supplies,Ongata Rongai,Phone Order,Contractor,CUS-1158,,Electrical,LED Bulb 12W,11,300.89,0.08,3309.79,3045.01,161.76,1779.36,1265.65,,0,3045.01,0,3045.01,-0.0,0,-11,-1779.36,,DK,0
TXN-00589,2025-06-16,SALE,INV-2506-0589,Rongai Home & Agro Supplies,Kiserian,M-Pesa Till,Farmer,CUS-1034,,Agro Inputs,Maize Seed 2kg,3,626.19,0.05,1878.57,1784.64,460.35,1381.05,403.59,,0,1784.64,0,1784.64,-0.0,0,-3,-1381.05,,BM,0
TXN-00004,2025-01-01,PURCHASE,GRN-2501-0004,Rongai Home & Agro Supplies,Kiserian,Supplier,,,Nairobi Electrical Mart,Building Materials,Cement 50kg,3,649.18,0,0,0,649.18,1947.54,0,Purchase,0,1460.65,486.89,0,0,0,3,1947.54,,BM,0
TXN-00174,20-02-2025,SALE,INV-2502-0174,Rongai Home & Agro Supplies,Kiserian,Walk-in,Retail,CUS-1030,,Building Materials,Galvanized Roofing Sheet 3m,2,1171.35,0.01,2342.7,2319.27,883.31,1766.62,552.65,,0,2319.27,0,2319.27,-0.0,0,-2,-1766.62,,BM,0
TXN-00309,2025-03-30,CUSTOMER_PAYMENT,RCPT-2503-0309,Rongai Home & Agro Supplies,Ongata Rongai,Collections,Contractor,CUS-1078,,,,0,0,0,0,0,0,0,0,Customer Collection,0,19237.0,0,19237.0,19237.0,0,0,0,M-PESA,AM,0
TXN-01782,2026-05-04,SALE,INV-2605-1782,Rongai Home & Agro Supplies,Kiserian,Phone Order,Contractor,CUS-1117,,Hardware,Panga,4,1002.15,0.1174,4008.6,3537.99,641.89,2567.56,970.43,,0,1768.99,0,1768.99,-1769.0,0,-4,-2567.56,,DK,0
TXN-01100,2025-11-01,SALE,INV-2511-1100,Rongai Home & Agro Supplies,Ongata Rongai,Walk-in,Retail,CUS-1043,,Building Materials,Galvanized Roofing Sheet 3m,1,1270.45,0,1270.45,1270.45,891.39,891.39,379.06,,0,1270.45,0,1270.45,-0.0,0,-1,-891.39,,DK,0
TXN-00920,2025-09-16,SALE,INV-2509-0920,Rongai Home & Agro Supplies,Ongata Rongai,M-Pesa Till,Farmer,CUS-1092,,Plumbing,25mm PVC Pipe 6m,1,1101.33,0.08,1101.33,1013.22,785.66,785.66,227.56,,0,1013.22,0,1013.22,-0.0,0,-1,-785.66,,BM,0
TXN-01639,26-03-2026,SALE,INV-2603-1639,Rongai Home & Agro Supplies,Ongata Rongai,Phone Order,Institution,CUS-1029,,Plumbing,PVC Elbow 20mm,9,72.18,0.0493,649.62,617.59,47.06,423.54,194.05,,0,617.59,0,617.59,-0.0,0,-9,-423.54,,DK,0
TXN-00591,2025-06-16,SALE,INV-2506-0591,Rongai Home & Agro Supplies,Ongata Rongai,Walk-in,Reseller,CUS-1008,,Animal Feeds,Chicken Feed 10kg,4,1021.33,0.0533,4085.32,3867.57,791.44,3165.76,701.81,,0,3867.57,0,3867.57,-0.0,0,-4,-3165.76,,AM,0
TXN-00424,2025-04-26,SALE,INV-2504-0424,Rongai Home & Agro Supplies,Kiserian,Phone Order,Farmer,CUS-1106,,Paints,Gloss Paint 4L,1,2421.17,0,2421.17,2421.17,1807.41,1807.41,613.76,,0,2421.17,0,2421.17,-0.0,0,-1,-1807.41,,BM,0
TXN-02094,2026-08-05,SALE,INV-2608-2094,Rongai Home & Agro Supplies,Kiserian,WhatsApp,Retail,CUS-1028,,Building Materials,Damp Proof Course 20m,1,1275.22,0,1275.22,1275.22,992.23,992.23,282.99,,0,1275.22,0,1275.22,-0.0,0,-1,-992.23,,AM,0
TXN-02005,2026-07-10,SALE,INV-2607-2005,Rongai Home & Agro Supplies,Ongata Rongai,M-Pesa Till,Retail,CUS-1059,,Agro Inputs,DAP Fertilizer 50kg,2,5283.46,0.08,10566.92,9721.57,4878.11,9756.22,-34.65,,0,9721.57,0,9721.57,-0.0,0,-2,-9756.22,,BM,0
TXN-01674,2026-04-04,CUSTOMER_PAYMENT,RCPT-2604-1674,Rongai Home & Agro Supplies,Ongata Rongai,Collections,Contractor,CUS-1054,,,,0,0,0,0,0,0,0,0,Customer Collection,0,9402.0,0,9402.0,9402.0,0,0,0,Mpesa,ER,0
TXN-00871,2025-09-03,SALE,INV-2509-0871,Rongai Home & Agro Supplies,Ongata Rongai,WhatsApp,Contractor,CUS-1019,,Paints,Paint Brush 4in,4,183.49,0.0352,733.96,708.12,99.69,398.76,309.36,,0,708.12,0,708.12,-0.0,0,-4,-398.76,,AM,0
TXN-00131,2025-02-06,SALE,INV-2502-0131,Rongai Home & Agro Supplies,Kiserian,Phone Order,Institution,CUS-1130,,Building Materials,Cement 50kg,14,812.65,0.0221,11377.1,11125.67,678.33,9496.62,1629.05,,0,0.0,0,0.0,-11125.67,0,-14,-9496.62,,JK,0
TXN-00955,2025-09-25,SALE,INV-2509-0955,Rongai Home & Agro Supplies,Ongata Rongai,M-Pesa Till,Retail,CUS-1042,,Plumbing,PVC Elbow 20mm,1,78.2,0.05,78.2,74.29,42.87,42.87,31.42,,0,74.29,0,74.29,-0.0,0,-1,-42.87,,AM,0
TXN-01225,2025-12-05,SALE,INV-2512-1225,Rongai Home & Agro Supplies,Kiserian,WhatsApp,Contractor,CUS-1031,,Plumbing,25mm PVC Pipe 6m,7,999.27,0.0789,6994.89,6442.99,794.82,5563.74,879.25,,0,6442.99,0,6442.99,-0.0,0,-7,-5563.74,,BM,0
TXN-01722,2026-04-17,SALE,INV-2604-1722,Rongai Home & Agro Supplies,Ongata Rongai,WhatsApp,Retail,CUS-1160,,Building Materials,Galvanized Roofing Sheet 3m,1,1142.61,0.02,1142.61,1119.76,1000.21,1000.21,119.55,,0,1119.76,0,1119.76,-0.0,0,-1,-1000.21,,CN,0
TXN-01758,2026-04-27,SALE,INV-2604-1758,Rongai Home & Agro Supplies,Ongata Rongai,Phone Order,Farmer,CUS-1123,,Electrical,Switch 1 Gang,2,270.07,0.01,540.14,534.74,164.61,329.22,205.52,,0,534.74,0,534.74,-0.0,0,-2,-329.22,,CN,0
TXN-01106,2025-11-03,SALE,INV-2511-1106,Rongai Home & Agro Supplies,Ongata Rongai,M-Pesa Till,Retail,CUS-1118,,Hardware,Hammer 16oz,2,892.15,0,1784.3,1784.3,529.58,1059.16,725.14,,0,1784.3,0,1784.3,-0.0,0,-2,-1059.16,,CN,0
TXN-01831,2026-05-19,SALE,INV-2605-1831,Rongai Home & Agro Supplies,Kiserian,WhatsApp,Reseller,CUS-1009,,Animal Feeds,Chicken Feed 10kg,4,1006.06,0.0337,4024.24,3888.62,848.9,3395.6,493.02,,0,3888.62,0,3888.62,-0.0,0,-4,-3395.6,,AM,0
TXN-00563,2025-06-06,PURCHASE,GRN-2506-0563,Rongai Home & Agro Supplies,Kiserian,Supplier,,,Eastlands Hardware Wholesalers,Plumbing,PVC Tee 20mm,3,46.22,0,0,0,46.22,138.66,0,Purchase,0,48.53,90.13,0,0,0,3,138.66,,AM,0
TXN-01670,2026-04-03,EXPENSE,EXP-2604-1670,Rongai Home & Agro Supplies,Ongata Rongai,Back Office,,,,,,0,0,0,0,0,0,0,0,Security,13109.73,0,13109.73,0,0,0,0,0,M-PESA,JK,0
TXN-01720,2026-04-16,EXPENSE,EXP-2604-1720,Rongai Home & Agro Supplies,Kiserian,Back Office,,,,,,0,0,0,0,0,0,0,0,Miscellaneous,3028.15,0,3028.15,0,0,0,0,0,Cash,DK,0
TXN-01108,2025-11-03,PURCHASE,GRN-2511-1108,Rongai Home & Agro Supplies,Kiserian,Supplier,,,Nairobi Electrical Mart,Agro Inputs,CAN Fertilizer 50kg,18,3725.99,0,0,0,3725.99,67067.82,0,Purchase,0,33533.91,33533.91,0,0,0,18,67067.82,,BM,0
TXN-01689,2026-04-09,SALE,INV-2604-1689,Rongai Home & Agro Supplies,Kiserian,WhatsApp,Retail,CUS-1036,,Building Materials,2x2 Timber 12ft,1,498.23,0.05,498.23,473.32,397.0,397.0,76.32,,0,473.32,0,473.32,-0.0,0,-1,-397.0,,BM,0
TXN-01805,2026-05-11,SALE,INV-2605-1805,Rongai Home & Agro Supplies,Ongata Rongai,M-Pesa Till,Retail,CUS-1035,,Paints,Paint Brush 4in,1,183.3,0,183.3,183.3,107.96,107.96,75.34,,0,183.3,0,183.3,-0.0,0,-1,-107.96,,DK,0
TXN-00317,2025-04-01,SALE,INV-2504-0317,Rongai Home & Agro Supplies,Ongata Rongai,Walk-in,Retail,CUS-1155,,Hardware,Spade Steel,3,1344.14,0,4032.42,4032.42,761.65,2284.95,1747.47,,0,4032.42,0,4032.42,-0.0,0,-3,-2284.95,,AM,0
TXN-01862,2026-05-29,SALE,INV-2605-1862,Rongai Home & Agro Supplies,Kiserian,Walk-in,Farmer,CUS-1087,,Building Materials,Cement 50kg,1,824.86,0,824.86,824.86,709.53,709.53,115.33,,0,824.86,0,824.86,-0.0,0,-1,-709.53,,BM,0
TXN-01658,2026-03-31,EXPENSE,EXP-2603-1658,Rongai Home & Agro Supplies,Kiserian,Back Office,,,,,,0,0,0,0,0,0,0,0,Transport,8645,0,8645,0,0,0,0,0,Cash,AM,0
TXN-00505,2025-05-20,SALE,INV-2505-0505,Rongai Home & Agro Supplies,Kiserian,Walk-in,Farmer,CUS-1120,,Building Materials,Cement 50kg,6,825.07,0.01,4950.42,4900.92,642.75,3856.5,1044.42,,0,4900.92,0,4900.92,-0.0,0,-6,-3856.5,,BM,0
TXN-01016,2025-10-10,SALE,INV-2510-1016,Rongai Home & Agro Supplies,Kiserian,Walk-in,Farmer,CUS-1140,,Hardware,Padlock 50mm,1,667.53,0.08,667.53,614.13,417.28,417.28,196.85,,0,614.13,0,614.13,-0.0,0,-1,-417.28,,BM,1
TXN-01595,2026-03-16,SALE,INV-2603-1595,Rongai Home & Agro Supplies,Kiserian,Phone Order,Retail,CUS-1150,,Electrical,LED Bulb 12W,1,285.71,0.05,285.71,271.42,158.1,158.1,113.32,,0,271.42,0,271.42,-0.0,0,-1,-158.1,,AM,0
TXN-01333,2025-12-31,PURCHASE,GRN-2512-1333,Rongai Home & Agro Supplies,Ongata Rongai,Supplier,,,Rift Valley Cement Depot,Plumbing,PVC Elbow 20mm,11,43.46,0,0,0,43.46,478.06,0,Purchase,0,0.0,478.06,0,0,0,11,478.06,,ER,0
TXN-00958,2025-09-26,SALE,INV-2509-0958,Rongai Home & Agro Supplies,Kiserian,WhatsApp,Retail,CUS-1135,,Electrical,Switch 1 Gang,1,269.63,0.02,269.63,264.24,151.97,151.97,112.27,,0,264.24,0,264.24,-0.0,0,-1,-151.97,,DK,0
TXN-00827,2025-08-21,SALE,INV-2508-0827,Rongai Home & Agro Supplies,Kiserian,Walk-in,Retail,CUS-1174,,Plumbing,PVC Tee 20mm,3,83.32,0.01,249.96,247.46,48.64,145.92,101.54,,0,247.46,0,247.46,-0.0,0,-3,-145.92,,CN,0
TXN-02158,2026-08-24,SALE,INV-2608-2158,Rongai Home & Agro Supplies,Kiserian,M-Pesa Till,Retail,CUS-1148,,Paints,20L Emulsion Paint,1,5228.4,0,5228.4,5228.4,4289.77,4289.77,938.63,,0,5228.4,0,5228.4,-0.0,0,-1,-4289.77,,DK,0
TXN-01404,2026-01-20,CUSTOMER_PAYMENT,RCPT-2601-1404,Rongai Home & Agro Supplies,Ongata Rongai,Collections,Contractor,CUS-1036,,,,0,0,0,0,0,0,0,0,Customer Collection,0,21190.0,0,21190.0,21190.0,0,0,0,Bank Transfer,JK,0
TXN-01151,2025-11-17,SALE,INV-2511-1151,Rongai Home & Agro Supplies,Kiserian,WhatsApp,Retail,CUS-1033,,Building Materials,Cement 50kg,8,784.61,0,6276.88,6276.88,658.34,5266.72,1010.16,,0,6276.88,0,6276.88,-0.0,0,-8,-5266.72,,CN,0
TXN-00035,2025-01-10,SALE,INV-2501-0035,Rongai Home & Agro Supplies,Ongata Rongai,Walk-in,Retail,CUS-1119,,Agro Inputs,DAP Fertilizer 50kg,1,6015.4,0.02,6015.4,5895.09,4384.16,4384.16,1510.93,,0,5895.09,0,5895.09,-0.0,0,-1,-4384.16,,JK,0
TXN-01554,2026-03-05,SALE,INV-2603-1554,Rongai Home & Agro Supplies,Ongata Rongai,Walk-in,Institution,CUS-1042,,Building Materials,Binding Wire 25kg,3,4384.47,0.0702,13153.41,12230.04,3437.71,10313.13,1916.91,,0,12230.04,0,12230.04,-0.0,0,-3,-10313.13,,AM,0
TXN-00813,2025-08-18,SALE,INV-2508-0813,Rongai Home & Agro Supplies,Ongata Rongai,WhatsApp,Retail,CUS-1127,,Plumbing,20mm PVC Pipe 6m,2,800.49,0.03,1600.98,1552.95,579.99,1159.98,392.97,,0,1552.95,0,1552.95,-0.0,0,-2,-1159.98,,DK,0
TXN-00347,2025-04-08,SALE,INV-2504-0347,Rongai Home & Agro Supplies,Ongata Rongai,Phone Order,Retail,CUS-1031,,Animal Feeds,Chicken Feed 10kg,1,930.4,0,930.4,930.4,746.0,746.0,184.4,,0,930.4,0,930.4,-0.0,0,-1,-746.0,,ER,0
TXN-02016,2026-07-14,SALE,INV-2607-2016,Rongai Home & Agro Supplies,Ongata Rongai,M-Pesa Till,Retail,CUS-1003,,Plumbing,PVC Elbow 20mm,6,76.76,0.01,460.56,455.95,46.63,279.78,176.17,,0,455.95,0,455.95,-0.0,0,-6,-279.78,,JK,0
TXN-01228,2025-12-06,SALE,INV-2512-1228,Rongai Home & Agro Supplies,Kiserian,Walk-in,Retail,CUS-1095,,Electrical,LED Bulb 12W,1,286.56,0.02,286.56,280.83,153.96,153.96,126.87,,0,280.83,0,280.83,-0.0,0,-1,-153.96,,JK,0
TXN-02024,2026-07-16,SALE,INV-2607-2024,Rongai Home & Agro Supplies,Ongata Rongai,WhatsApp,Retail,CUS-1141,,Agro Inputs,Foliar Feed 1L,2,990.02,0,1980.04,1980.04,666.38,1332.76,647.28,,0,1980.04,0,1980.04,-0.0,0,-2,-1332.76,,AM,0
TXN-00266,2025-03-18,EXPENSE,EXP-2503-0266,Rongai Home & Agro Supplies,Ongata Rongai,Back Office,,,,,,0,0,0,0,0,0,0,0,Rent,50000,0,50000,0,0,0,0,0,Bank Transfer,DK,0
TXN-01223,2025-12-05,SALE,INV-2512-1223,Rongai Home & Agro Supplies,Ongata Rongai,Walk-in,Contractor,CUS-1083,,Building Materials,Galvanized Roofing Sheet 3m,9,1173.75,0.0711,10563.75,9812.67,868.64,7817.76,1994.91,,0,9812.67,0,9812.67,-0.0,0,-9,-7817.76,,BM,0
TXN-00369,2025-04-14,SALE,INV-2504-0369,Rongai Home & Agro Supplies,Ongata Rongai,M-Pesa Till,Retail,CUS-1163,,Agro Inputs,Maize Seed 2kg,1,651.99,0,651.99,651.99,434.78,434.78,217.21,,0,651.99,0,651.99,-0.0,0,-1,-434.78,,ER,0
TXN-01559,2026-03-06,SALE,INV-2603-1559,Rongai Home & Agro Supplies,Kiserian,M-Pesa Till,Contractor,CUS-1036,,Agro Inputs,Foliar Feed 1L,8,1057.5,0.0576,8460.0,7972.7,656.68,5253.44,2719.26,,0,0.0,0,0.0,-7972.7,0,-8,-5253.44,,BM,0
TXN-01988,2026-07-06,SALE,INV-2607-1988,Rongai Home & Agro Supplies,Ongata Rongai,WhatsApp,Farmer,CUS-1063,,Agro Inputs,CAN Fertilizer 50kg,1,4835.83,0.01,4835.83,4787.47,4460.56,4460.56,326.91,,0,4787.47,0,4787.47,-0.0,0,-1,-4460.56,,JK,0
TXN-00446,2025-05-02,SALE,INV-2505-0446,Rongai Home & Agro Supplies,Ongata Rongai,Credit Customer,Contractor,CUS-1137,,Plumbing,PVC Tee 20mm,14,87.4,0.0689,1223.6,1139.29,49.03,686.42,452.87,,0,284.82,0,284.82,-854.47,0,-14,-686.42,,BM,0
TXN-00539,2025-05-31,SALE,INV-2505-0539,Rongai Home & Agro Supplies,Ongata Rongai,Phone Order,Reseller,CUS-1118,,Paints,Paint Brush 4in,9,188.21,0.0325,1693.89,1638.84,95.03,855.27,783.57,,0,1638.84,0,1638.84,-0.0,0,-9,-855.27,,DK,0
TXN-00019,2025-01-05,SALE,INV-2501-0019,Rongai Home & Agro Supplies,Kiserian,M-Pesa Till,Contractor,CUS-1162,,Agro Inputs,Maize Seed 2kg,13,640.11,0.0609,8321.43,7814.65,434.44,5647.72,2166.93,,0,3125.86,0,3125.86,-4688.79,0,-13,-5647.72,,JK,0
TXN-01816,2026-05-14,SALE,INV-2605-1816,Rongai Home & Agro Supplies,Kiserian,M-Pesa Till,Contractor,CUS-1021,,Building Materials,Galvanized Roofing Sheet 3m,12,1252.5,0.0461,15030.0,14337.12,987.8,11853.6,2483.52,,0,5734.85,0,5734.85,-8602.27,0,-12,-11853.6,,DK,0
TXN-00884,2025-09-06,SALE,INV-2509-0884,Rongai Home & Agro Supplies,Ongata Rongai,WhatsApp,Farmer,CUS-1094,,Animal Feeds,Mineral Lick 2kg,1,634.81,0,634.81,634.81,405.67,405.67,229.14,,0,634.81,0,634.81,-0.0,0,-1,-405.67,,CN,0
TXN-02103,2026-08-07,SALE,INV-2608-2103,Rongai Home & Agro Supplies,Kiserian,M-Pesa Till,Retail,CUS-1006,,Plumbing,Basin Tap Chrome,1,1392.74,0.03,1392.74,1350.96,1011.64,1011.64,339.32,,0,1350.96,0,1350.96,-0.0,0,-1,-1011.64,,JK,0
TXN-01986,2026-07-05,SALE,INV-2607-1986,Rongai Home & Agro Supplies,Ongata Rongai,M-Pesa Till,Farmer,CUS-1009,,Building Materials,Cement 50kg,3,829.04,0.01,2487.12,2462.25,703.28,2109.84,352.41,,0,2462.25,0,2462.25,-0.0,0,-3,-2109.84,,CN,0
TXN-01167,2025-11-20,EXPENSE,EXP-2511-1167,Rongai Home & Agro Supplies,Kiserian,Back Office,,,,,,0,0,0,0,0,0,0,0,Repairs,5832,0,5832,0,0,0,0,0,Cash,JK,0
TXN-01235,2025-12-08,PURCHASE,GRN-2512-1235,Rongai Home & Agro Supplies,Kiserian,Supplier,,,Nairobi Electrical Mart,Electrical,Socket 13A,4,227.9,0,0,0,227.9,911.6,0,Purchase,0,455.8,455.8,0,0,0,4,911.6,,DK,0
TXN-01642,2026-03-27,SALE,INV-2603-1642,Rongai Home & Agro Supplies,Kiserian,Phone Order,Retail,CUS-1009,,Building Materials,2x2 Timber 12ft,1,496.46,0.08,496.46,456.74,382.78,382.78,73.96,,0,456.74,0,456.74,-0.0,0,-1,-382.78,,DK,0
TXN-00065,2025-01-18,EXPENSE,EXP-2501-0065,Rongai Home & Agro Supplies,Kiserian,Back Office,,,,,,0,0,0,0,0,0,0,0,Miscellaneous,7275,0,7275,0,0,0,0,0,M-PESA,DK,0
TXN-02106,2026-08-07,EXPENSE,EXP-2608-2106,Rongai Home & Agro Supplies,Ongata Rongai,Back Office,,,,,,0,0,0,0,0,0,0,0,Transport,5061.98,0,5061.98,0,0,0,0,0,M-PESA,DK,0
TXN-00291,2025-03-26,SALE,INV-2503-0291,Rongai Home & Agro Supplies,Kiserian,WhatsApp,Retail,CUS-1014,,Plumbing,PVC Tee 20mm,2,91.23,0.03,182.46,176.99,48.55,97.1,79.89,,0,176.99,0,176.99,-0.0,0,-2,-97.1,,ER,1
TXN-01329,2025-12-31,SALE,INV-2512-1329,Rongai Home & Agro Supplies,Kiserian,WhatsApp,Reseller,CUS-1181,,Building Materials,Cement 50kg,7,778.52,0.0321,5449.64,5274.71,656.51,4595.57,679.14,,0,1318.68,0,1318.68,-3956.03,0,-7,-4595.57,,AM,0
TXN-01103,2025-11-02,SALE,INV-2511-1103,Rongai Home & Agro Supplies,Kiserian,M-Pesa Till,Farmer,CUS-1039,,Plumbing,PVC Elbow 20mm,1,80.69,0,80.69,80.69,41.75,41.75,38.94,,0,80.69,0,80.69,-0.0,0,-1,-41.75,,DK,0
TXN-00431,2025-04-29,SALE,INV-2504-0431,Rongai Home & Agro Supplies,Kiserian,WhatsApp,Farmer,CUS-1162,,Animal Feeds,Chicken Feed 10kg,3,1031.65,0,3094.95,3094.95,757.54,2272.62,822.33,,0,3094.95,0,3094.95,-0.0,0,-3,-2272.62,,JK,0
TXN-00212,2025-03-03,SALE,INV-2503-0212,Rongai Home & Agro Supplies,Ongata Rongai,Phone Order,Institution,CUS-1061,,Electrical,Switch 1 Gang,9,273.77,0.0395,2463.93,2366.6,141.14,1270.26,1096.34,,0,2366.6,0,2366.6,-0.0,0,-9,-1270.26,,JK,0
TXN-02041,2026-07-22,SALE,INV-2607-2041,Rongai Home & Agro Supplies,Kiserian,Credit Customer,Contractor,CUS-1048,,Agro Inputs,Maize Seed 2kg,12,658.91,0.0717,7906.92,7339.99,485.98,5831.76,1508.23,,0,0.0,0,0.0,-7339.99,0,-12,-5831.76,,DK,0
TXN-01264,2025-12-15,SALE,INV-2512-1264,Rongai Home & Agro Supplies,Kiserian,Credit Customer,Institution,CUS-1066,,Animal Feeds,Chicken Feed 10kg,5,977.92,0.0725,4889.6,4535.1,766.59,3832.95,702.15,,0,1814.04,0,1814.04,-2721.06,0,-5,-3832.95,,JK,0
TXN-02139,2026-08-18,SALE,INV-2608-2139,Rongai Home & Agro Supplies,Kiserian,Walk-in,Farmer,CUS-1138,,Building Materials,Galvanized Roofing Sheet 3m,1,1172.7,0,1172.7,1172.7,979.42,979.42,193.28,,0,1172.7,0,1172.7,-0.0,0,-1,-979.42,,BM,0
TXN-00719,2025-07-23,SALE,INV-2507-0719,Rongai Home & Agro Supplies,Ongata Rongai,WhatsApp,Contractor,CUS-1019,,Paints,Gloss Paint 4L,8,2350.85,0.0654,18806.8,17576.84,1758.47,14067.76,3509.08,,0,17576.84,0,17576.84,-0.0,0,-8,-14067.76,,CN,0
TXN-00658,2025-07-04,PURCHASE,GRN-2507-0658,Rongai Home & Agro Supplies,Ongata Rongai,Supplier,,,Eastlands Hardware Wholesalers,Hardware,Hammer 16oz,5,499.34,0,0,0,499.34,2496.7,0,Purchase,0,1872.52,624.18,0,0,0,5,2496.7,,CN,0
TXN-01981,2026-07-03,SALE,INV-2607-1981,Rongai Home & Agro Supplies,Ongata Rongai,Phone Order,Retail,CUS-1036,,Plumbing,PVC Elbow 20mm,1,76.5,0.02,76.5,74.97,46.78,46.78,28.19,,0,74.97,0,74.97,-0.0,0,-1,-46.78,,BM,0
TXN-01184,2025-11-25,SALE,INV-2511-1184,Rongai Home & Agro Supplies,Kiserian,WhatsApp,Retail,CUS-1017,,Electrical,Switch 1 Gang,1,271.02,0.03,271.02,262.89,145.39,145.39,117.5,,0,262.89,0,262.89,-0.0,0,-1,-145.39,,JK,0
TXN-00993,2025-10-04,EXPENSE,EXP-2510-0993,Rongai Home & Agro Supplies,Kiserian,Back Office,,,,,,0,0,0,0,0,0,0,0,Security,8192,0,8192,0,0,0,0,0,M-PESA,CN,0
TXN-02008,2026-07-11,SALE,INV-2607-2008,Rongai Home & Agro Supplies,Kiserian,M-Pesa Till,Contractor,CUS-1147,,Plumbing,PVC Elbow 20mm,8,79.23,0.0839,633.84,580.66,48.9,391.2,189.46,,0,290.33,0,290.33,-290.33,0,-8,-391.2,,BM,0
TXN-01779,2026-05-02,SALE,INV-2605-1779,Rongai Home & Agro Supplies,Ongata Rongai,Phone Order,Retail,CUS-1066,,Paints,Paint Brush 4in,2,183.44,0.08,366.88,337.53,104.33,208.66,128.87,,0,337.53,0,337.53,-0.0,0,-2,-208.66,,DK,0
TXN-00096,2025-01-29,SALE,INV-2501-0096,Rongai Home & Agro Supplies,Kiserian,WhatsApp,Retail,CUS-1120,,Building material,2x2 Timber 12ft,2,536.35,0.08,1072.7,986.88,368.67,737.34,249.54,,0,986.88,0,986.88,-0.0,0,-2,-737.34,,JK,0
TXN-00438,2025-04-30,SALE,INV-2504-0438,Rongai Home & Agro Supplies,Ongata Rongai,Walk-in,Institution,CUS-1118,,Building Materials,Galvanized Roofing Sheet 3m,11,1224.85,0.0511,13473.35,12784.86,911.35,10024.85,2760.01,,0,12784.86,0,12784.86,-0.0,0,-11,-10024.85,,CN,0
TXN-00990,2025-10-04,SALE,INV-2510-0990,Rongai Home & Agro Supplies,Kiserian,Walk-in,Farmer,CUS-1050,,Electrical,LED Bulb 12W,1,265.58,0.08,265.58,244.33,153.85,153.85,90.48,,0,244.33,0,244.33,-0.0,0,-1,-153.85,,DK,1
TXN-00466,08-05-2025,SALE,INV-2505-0466,Rongai Home & Agro Supplies,Kiserian,M-Pesa Till,Retail,CUS-1109,,Animal Feeds,Chicken Feed 10kg,2,963.82,0.03,1927.64,1869.81,744.84,1489.68,380.13,,0,1869.81,0,1869.81,-0.0,0,-2,-1489.68,,BM,0
TXN-00568,2025-06-09,SALE,INV-2506-0568,Rongai Home & Agro Supplies,Kiserian,M-Pesa Till,Retail,CUS-1097,,Building Materials,Cement 50kg,1,796.69,0.03,796.69,772.79,672.54,672.54,100.25,,0,772.79,0,772.79,-0.0,0,-1,-672.54,,JK,0
TXN-00400,2025-04-21,SALE,INV-2504-0400,Rongai Home & Agro Supplies,Ongata Rongai,WhatsApp,Farmer,CUS-1087,,Building Materials,Galvanized Roofing Sheet 3m,1,1162.95,0,1162.95,1162.95,933.21,933.21,229.74,,0,1162.95,0,1162.95,-0.0,0,-1,-933.21,,JK,0
TXN-00117,2025-02-03,PURCHASE,GRN-2502-0117,Rongai Home & Agro Supplies,Kiserian,Supplier,,,Rift Valley Cement Depot,Hardware,Hammer 16oz,13,520.46,0,0,0,520.46,6765.98,0,Purchase,0,0.0,6765.98,0,0,0,13,6765.98,,AM,0
TXN-00257,2025-03-15,SALE,INV-2503-0257,Rongai Home & Agro Supplies,Ongata Rongai,Phone Order,Retail,CUS-1110,,Electrical,Socket 13A,1,376.31,0.05,376.31,357.49,222.78,222.78,134.71,,0,357.49,0,357.49,-0.0,0,-1,-222.78,,JK,0
TXN-00851,2025-08-28,REFUND,REF-2508-0851,Rongai Home & Agro Supplies,Ongata Rongai,Counter,Retail,CUS-1002,,Plumbing,PVC Elbow 20mm,-1,76.29,0,0,66.6,43.6,0,-66.6,Customer Refund,66.6,0,66.6,0,0,66.6,0,0,refund,AM,0
TXN-01127,2025-11-10,SALE,INV-2511-1127,Rongai Home & Agro Supplies,Kiserian,M-Pesa Till,Retail,CUS-1104,,Household,Jerrycan 20L,2,817.9,0,1635.8,1635.8,510.06,1020.12,615.68,,0,1635.8,0,1635.8,-0.0,0,-2,-1020.12,,BM,0
TXN-01861,2026-05-28,SALE,INV-2605-1861,Rongai Home & Agro Supplies,Kiserian,Phone Order,Contractor,CUS-1030,,Building Materials,Cement 50kg,16,753.26,0.0634,12052.16,11288.05,706.34,11301.44,-13.39,,0,11288.05,0,11288.05,-0.0,0,-16,-11301.44,,BM,0
TXN-00089,2025-01-25,SALE,INV-2501-0089,Rongai Home & Agro Supplies,Ongata Rongai,WhatsApp,Farmer,CUS-1180,,Electrical,Switch 1 Gang,1,264.24,0,264.24,264.24,143.23,143.23,121.01,,0,264.24,0,264.24,-0.0,0,-1,-143.23,,ER,0
TXN-02067,2026-07-29,SALE,INV-2607-2067,Rongai Home & Agro Supplies,Ongata Rongai,Phone Order,Retail,CUS-1073,,Animal Feeds,Chicken Feed 10kg,1,949.31,0.01,949.31,939.82,813.94,813.94,125.88,,0,939.82,0,939.82,-0.0,0,-1,-813.94,,AM,0
TXN-01715,2026-04-15,CUSTOMER_PAYMENT,RCPT-2604-1715,Rongai Home & Agro Supplies,Ongata Rongai,Collections,Contractor,CUS-1089,,,,0,0,0,0,0,0,0,0,Customer Collection,0,12428.0,0,12428.0,12428.0,0,0,0,M-PESA,DK,0
TXN-01594,2026-03-15,SALE,INV-2603-1594,Rongai Home & Agro Supplies,Kiserian,Walk-in,Contractor,CUS-1173,,Agro Inputs,Foliar Feed 1L,3,1056.57,0.0779,3169.71,2922.79,626.12,1878.36,1044.43,,0,1169.12,0,1169.12,-1753.67,0,-3,-1878.36,,CN,0
TXN-01181,2025-11-24,SALE,INV-2511-1181,Rongai Home & Agro Supplies,Ongata Rongai,Walk-in,Farmer,CUS-1036,,Electrical,LED Bulb 12W,1,269.54,0,269.54,269.54,162.73,162.73,106.81,,0,269.54,0,269.54,-0.0,0,-1,-162.73,,DK,0
TXN-00034,2025-01-10,SALE,INV-2501-0034,Rongai Home & Agro Supplies,Ongata Rongai,Walk-in,Contractor,CUS-1073,,Paints,20L Emulsion Paint,4,5023.26,0.0283,20093.04,19524.41,3931.37,15725.48,3798.93,,0,19524.41,0,19524.41,-0.0,0,-4,-15725.48,,AM,0
TXN-02102,2026-08-06,EXPENSE,EXP-2608-2102,Rongai Home & Agro Supplies,Kiserian,Back Office,,,,,,0,0,0,0,0,0,0,0,Electricity,13180.15,0,13180.15,0,0,0,0,0,Bank Transfer,ER,0
TXN-01322,2025-12-29,SALE,INV-2512-1322,Rongai Home & Agro Supplies,Kiserian,M-Pesa Till,Retail,CUS-1055,,Building Materials,Galvanized Roofing Sheet 3m,1,1164.0,0,1164.0,1164.0,897.75,897.75,266.25,,0,1164.0,0,1164.0,-0.0,0,-1,-897.75,,DK,0
TXN-00113,2025-02-03,SALE,INV-2502-0113,Rongai Home & Agro Supplies,Ongata Rongai,Phone Order,Contractor,CUS-1095,,Building Materials,Cement 50kg,9,825.73,0.027,7431.57,7230.92,648.55,5836.95,1393.97,,0,7230.92,0,7230.92,-0.0,0,-9,-5836.95,,AM,0
TXN-00960,2025-09-26,SALE,INV-2509-0960,Rongai Home & Agro Supplies,Kiserian,M-Pesa Till,Institution,CUS-1142,,Plumbing,Basin Tap Chrome,9,1390.66,0.04,12515.94,12015.3,906.92,8162.28,3853.02,,0,12015.3,0,12015.3,-0.0,0,-9,-8162.28,,DK,0
TXN-00771,2025-08-07,SALE,INV-2508-0771,Rongai Home & Agro Supplies,Ongata Rongai,Walk-in,Retail,CUS-1010,,Electrical,Switch 1 Gang,1,280.18,0.08,280.18,257.77,146.51,146.51,111.26,,0,257.77,0,257.77,-0.0,0,-1,-146.51,,AM,0
TXN-00159,2025-02-14,SALE,INV-2502-0159,Rongai Home & Agro Supplies,Kiserian,WhatsApp,Farmer,CUS-1126,,Agro Inputs,CAN Fertilizer 50kg,1,5447.72,0.03,5447.72,5284.29,3857.68,3857.68,1426.61,,0,5284.29,0,5284.29,-0.0,0,-1,-3857.68,,AM,0
TXN-00067,2025-01-19,EXPENSE,EXP-2501-0067,Rongai Home & Agro Supplies,Kiserian,Back Office,,,,,,0,0,0,0,0,0,0,0,Security,10414,0,10414,0,0,0,0,0,M-PESA,JK,0
TXN-00651,2025-07-03,SALE,INV-2507-0651,Rongai Home & Agro Supplies,Kiserian,Phone Order,Contractor,CUS-1156,,Building Materials,Galvanized Roofing Sheet 3m,9,1170.65,0.066,10535.85,9840.48,926.89,8342.01,1498.47,,0,0.0,0,0.0,-9840.48,0,-9,-8342.01,,CN,0
TXN-02249,2025-05-04,SUPPLIER_PAYMENT,SP-2505-2249,Rongai Home & Agro Supplies,Kiserian,Supplier,,,AgroLink Kenya,,,0,0,0,0,0,0,0,0,Supplier Payment,0,0,12023.0,0,0,0,0,0,Bank Transfer,BM,0
TXN-01738,2026-04-22,SALE,INV-2604-1738,Rongai Home & Agro Supplies,Kiserian,Walk-in,Institution,CUS-1123,,Electrical,LED Bulb 12W,5,292.06,0.0792,1460.3,1344.64,176.04,880.2,464.44,,0,672.32,0,672.32,-672.32,0,-5,-880.2,,DK,0
TXN-00553,2025-06-04,SALE,INV-2506-0553,Rongai Home & Agro Supplies,Ongata Rongai,Credit Customer,Contractor,CUS-1003,,Plumbing,PVC Elbow 20mm,6,74.11,0.0372,444.66,428.12,42.49,254.94,173.18,,0,171.25,0,171.25,-256.87,0,-6,-254.94,,BM,0
TXN-00847,2025-08-27,PURCHASE,GRN-2508-0847,Rongai Home & Agro Supplies,Kiserian,Supplier,,,AgroLink Kenya,Plumbing,PVC Tee 20mm,11,47.69,0,0,0,47.69,524.59,0,Purchase,0,393.44,131.15,0,0,0,11,524.59,,DK,0
TXN-01944,2026-06-23,SALE,INV-2606-1944,Rongai Home & Agro Supplies,Ongata Rongai,Walk-in,Reseller,CUS-1071,,Electrical,Socket 13A,7,406.22,0.0254,2843.54,2771.31,237.33,1661.31,1110.0,,0,0.0,0,0.0,-2771.31,0,-7,-1661.31,,ER,0
TXN-00092,2025-01-27,PURCHASE,GRN-2501-0092,Rongai Home & Agro Supplies,Ongata Rongai,Supplier,,,Nairobi Electrical Mart,Agro Inputs,Foliar Feed 1L,3,593.86,0,0,0,593.86,1781.58,0,Purchase,0,0.0,1781.58,0,0,0,3,1781.58,,BM,0
TXN-00216,2025-03-04,SALE,INV-2503-0216,Rongai Home & Agro Supplies,Kiserian,Walk-in,Retail,CUS-1071,,Plumbing,20mm PVC Pipe 6m,2,808.71,0,1617.42,1617.42,618.68,1237.36,380.06,,0,1617.42,0,1617.42,-0.0,0,-2,-1237.36,,DK,0
TXN-01085,2025-10-29,CUSTOMER_PAYMENT,RCPT-2510-1085,Rongai Home & Agro Supplies,Kiserian,Collections,Contractor,CUS-1084,,,,0,0,0,0,0,0,0,0,Customer Collection,0,17127.0,0,17127.0,17127.0,0,0,0,M-PESA,BM,0
TXN-01900,2026-06-09,SALE,INV-2606-1900,Rongai Home & Agro Supplies,Ongata Rongai,Phone Order,Reseller,CUS-1181,,Electrical,LED Bulb 12W,8,272.98,0.0318,2183.84,2114.39,167.87,1342.96,771.43,,0,0.0,0,0.0,-2114.39,0,-8,-1342.96,,AM,0
TXN-01616,2026-03-20,PURCHASE,GRN-2603-1616,Rongai Home & Agro Supplies,Kiserian,Supplier,,,Nairobi Electrical Mart,Electrical,Socket 13A,4,234.04,0,0,0,234.04,936.16,0,Purchase,0,936.16,0.0,0,0,0,4,936.16,,DK,0
TXN-02066,2026-07-29,SALE,INV-2607-2066,Rongai Home & Agro Supplies,Kiserian,Phone Order,Contractor,CUS-1043,,Plumbing,PVC Elbow 20mm,10,76.98,0.0493,769.8,731.85,48.35,483.5,248.35,,0,292.74,0,292.74,-439.11,0,-10,-483.5,,ER,0
TXN-01284,2025-12-19,PURCHASE,GRN-2512-1284,Rongai Home & Agro Supplies,Ongata Rongai,Supplier,,,Nairobi Electrical Mart,Plumbing,25mm PVC Pipe 6m,11,786.1,0,0,0,786.1,8647.1,0,Purchase,0,4323.55,4323.55,0,0,0,11,8647.1,,ER,0
TXN-00607,2025-06-20,SALE,INV-2506-0607,Rongai Home & Agro Supplies,Ongata Rongai,Walk-in,Retail,CUS-1154,,Electrical,Socket 13A,1,420.62,0,420.62,420.62,223.37,223.37,197.25,,0,420.62,0,420.62,-0.0,0,-1,-223.37,,BM,0
TXN-00845,2025-08-27,SALE,INV-2508-0845,Rongai Home & Agro Supplies,Ongata Rongai,Credit Customer,Contractor,CUS-1022,,Electrical,Socket 13A,4,372.6,0.0765,1490.4,1376.38,215.34,861.36,515.02,,0,344.1,0,344.1,-1032.28,0,-4,-861.36,,JK,0
TXN-01656,2026-03-31,SALE,INV-2603-1656,Rongai Home & Agro Supplies,Ongata Rongai,WhatsApp,Reseller,CUS-1024,,Electrical,LED Bulb 12W,14,265.68,0.0296,3719.52,3609.42,165.74,2320.36,1289.06,,0,902.36,0,902.36,-2707.06,0,-14,-2320.36,,AM,0
TXN-01295,2025-12-22,PURCHASE,GRN-2512-1295,Rongai Home & Agro Supplies,Ongata Rongai,Supplier,,,AgroLink Kenya,Animal Feeds,Dairy Meal 25kg,3,1981.74,0,0,0,1981.74,5945.22,0,Purchase,0,2972.61,2972.61,0,0,0,3,5945.22,,DK,0
TXN-01309,2025-12-25,SALE,INV-2512-1309,Rongai Home & Agro Supplies,Kiserian,M-Pesa Till,Contractor,CUS-1066,,Plumbing,PVC Tee 20mm,8,86.87,0.0496,694.96,660.49,48.86,390.88,269.61,,0,264.2,0,264.2,-396.29,0,-8,-390.88,,CN,0
TXN-01259,2025-12-14,SALE,,Rongai Home & Agro Supplies,Ongata Rongai,M-Pesa Till,Retail,CUS-1177,,Plumbing,PVC Elbow 20mm,2,79.84,0.01,159.68,158.08,42.11,84.22,73.86,,0,158.08,0,158.08,-0.0,0,-2,-84.22,,JK,0
TXN-00518,2025-05-24,EXPENSE,EXP-2505-0518,Rongai Home & Agro Supplies,Kiserian,Back Office,,,,,,0,0,0,0,0,0,0,0,Repairs,12676,0,12676,0,0,0,0,0,Cash,ER,0
TXN-00876,2025-09-04,SALE,INV-2509-0876,Rongai Home & Agro Supplies,Ongata Rongai,Walk-in,Contractor,CUS-1011,,Animal Feeds,Mineral Lick 2kg,6,631.48,0.048,3788.88,3607.01,386.73,2320.38,1286.63,,0,901.75,0,901.75,-2705.26,0,-6,-2320.38,,ER,0
TXN-00830,2025-08-22,SALE,INV-2508-0830,Rongai Home & Agro Supplies,Ongata Rongai,M-Pesa Till,Farmer,CUS-1126,,Agro Inputs,Maize Seed 2kg,4,643.18,0.01,2572.72,2546.99,427.33,1709.32,837.67,,0,2546.99,0,2546.99,-0.0,0,-4,-1709.32,,BM,0
TXN-00363,2025-04-11,CUSTOMER_PAYMENT,RCPT-2504-0363,Rongai Home & Agro Supplies,Ongata Rongai,Collections,Contractor,CUS-1013,,,,0,0,0,0,0,0,0,0,Customer Collection,0,13302.0,0,13302.0,13302.0,0,0,0,Mpesa,CN,0
TXN-00538,2025-05-30,PURCHASE,GRN-2505-0538,Rongai Home & Agro Supplies,Kiserian,Supplier,,,Rift Valley Cement Depot,Plumbing,Basin Tap Chrome,3,948.12,0,0,0,948.12,2844.36,0,Purchase,0,2844.36,0.0,0,0,0,3,2844.36,,AM,0
TXN-01191,2025-11-27,SALE,INV-2511-1191,Rongai Home & Agro Supplies,Kiserian,Phone Order,Reseller,CUS-1150,,Building Materials,Cement 50kg,12,739.91,0.0392,8878.92,8530.87,670.59,8047.08,483.79,,0,8530.87,0,8530.87,-0.0,0,-12,-8047.08,,BM,0
TXN-01519,2026-02-23,SALE,INV-2602-1519,Rongai Home & Agro Supplies,Ongata Rongai,Phone Order,Retail,CUS-1005,,Hardware,Panga,1,919.92,0.05,919.92,873.92,599.2,599.2,274.72,,0,873.92,0,873.92,-0.0,0,-1,-599.2,,AM,1
TXN-01580,2026-03-12,EXPENSE,EXP-2603-1580,Rongai Home & Agro Supplies,Kiserian,Back Office,,,,,,0,0,0,0,0,0,0,0,Security,10166,0,10166,0,0,0,0,0,Cash,ER,0
TXN-01014,2025-10-10,SALE,INV-2510-1014,Rongai Home & Agro Supplies,Ongata Rongai,Walk-in,Retail,CUS-1067,,Plumbing,PVC Tee 20mm,8,87.02,0,696.16,696.16,48.12,384.96,311.2,,0,696.16,0,696.16,-0.0,0,-8,-384.96,,DK,0
TXN-01121,2025-11-07,SALE,INV-2511-1121,Rongai Home & Agro Supplies,Ongata Rongai,Phone Order,Reseller,CUS-1147,,Paints,Paint Brush 4in,12,175.45,0.0597,2105.4,1979.71,96.15,1153.8,825.91,,0,1979.71,0,1979.71,-0.0,0,-12,-1153.8,,DK,0
TXN-00941,2025-09-22,SALE,INV-2509-0941,Rongai Home & Agro Supplies,Ongata Rongai,Walk-in,Retail,CUS-1110,,Plumbing,PVC Elbow 20mm,8,74.27,0,594.16,594.16,44.81,358.48,235.68,,0,594.16,0,594.16,-0.0,0,-8,-358.48,,AM,0
TXN-00997,2025-10-06,PURCHASE,GRN-2510-0997,Rongai Home & Agro Supplies,Kiserian,Supplier,,,Mara Distributors,Building Materials,Galvanized Roofing Sheet 3m,4,873.66,0,0,0,873.66,3494.64,0,Purchase,0,1223.12,2271.52,0,0,0,4,3494.64,,DK,0
TXN-00840,2025-08-25,SALE,INV-2508-0840,Rongai Home & Agro Supplies,Ongata Rongai,Credit Customer,Contractor,CUS-1019,,Electrical,Socket 13A,10,374.79,0.0298,3747.9,3636.21,230.81,2308.1,1328.11,,0,909.05,0,909.05,-2727.16,0,-10,-2308.1,,DK,0
TXN-00205,2025-02-28,SALE,INV-2502-0205,Rongai Home & Agro Supplies,Kiserian,WhatsApp,Retail,CUS-1019,,Building Materials,Cement 50kg,2,808.14,0,1616.28,1616.28,659.7,1319.4,296.88,,0,1616.28,0,1616.28,-0.0,0,-2,-1319.4,,DK,0
TXN-02179,2026-08-31,SALE,INV-2608-2179,Rongai Home & Agro Supplies,Ongata Rongai,WhatsApp,Retail,CUS-1038,,Building Materials,Cement 50kg,8,831.07,0.02,6648.56,6515.59,739.59,5916.72,598.87,,0,6515.59,0,6515.59,-0.0,0,-8,-5916.72,,BM,0
TXN-00506,2025-05-21,SALE,INV-2505-0506,Rongai Home & Agro Supplies,Kiserian,Walk-in,Retail,CUS-1038,,Plumbing,Basin Tap Chrome,1,1369.44,0.01,1369.44,1355.75,918.28,918.28,437.47,,0,1355.75,0,1355.75,-0.0,0,-1,-918.28,,CN,0
TXN-01558,2026-03-06,SALE,INV-2603-1558,Rongai Home & Agro Supplies,Kiserian,WhatsApp,Reseller,CUS-1051,,Plumbing,PVC Tee 20mm,11,82.14,0.0717,903.54,838.76,50.81,558.91,279.85,,0,838.76,0,838.76,-0.0,0,-11,-558.91,,ER,0
TXN-00618,2025-06-23,CUSTOMER_PAYMENT,RCPT-2506-0618,Rongai Home & Agro Supplies,Ongata Rongai,Collections,Contractor,CUS-1056,,,,0,0,0,0,0,0,0,0,Customer Collection,0,7532.0,0,7532.0,7532.0,0,0,0,Mpesa,AM,0
TXN-00863,2025-09-01,SALE,INV-2509-0863,Rongai Home & Agro Supplies,Kiserian,M-Pesa Till,Retail,CUS-1150,,Building Materials,Damp Proof Course 20m,1,1208.28,0.08,1208.28,1111.62,889.21,889.21,222.41,,0,1111.62,0,1111.62,-0.0,0,-1,-889.21,,CN,0
TXN-00764,2025-08-05,SALE,INV-2508-0764,Rongai Home & Agro Supplies,Kiserian,WhatsApp,Farmer,CUS-1175,,Paints,Paint Brush 4in,2,176.5,0.03,353.0,342.41,93.85,187.7,154.71,,0,342.41,0,342.41,-0.0,0,-2,-187.7,,ER,0
TXN-00421,2025-04-25,EXPENSE,EXP-2504-0421,Rongai Home & Agro Supplies,Kiserian,Back Office,,,,,,0,0,0,0,0,0,0,0,Bank Charges,2543,0,2543,0,0,0,0,0,Bank Transfer,AM,0
TXN-00985,2025-10-03,SALE,INV-2510-0985,Rongai Home & Agro Supplies,Kiserian,M-Pesa Till,Institution,CUS-1138,,Paints,20L Emulsion Paint,7,5292.78,0.0298,37049.46,35945.39,3795.72,26570.04,9375.35,,0,14378.16,0,14378.16,-21567.23,0,-7,-26570.04,,CN,0
TXN-01697,2026-04-11,SALE,INV-2604-1697,Rongai Home & Agro Supplies,Kiserian,Walk-in,Farmer,CUS-1079,,Electrical,Socket 13A,1,380.54,0,380.54,380.54,239.92,239.92,140.62,,0,380.54,0,380.54,-0.0,0,-1,-239.92,,BM,0
TXN-00672,2025-07-09,SALE,INV-2507-0672,Rongai Home & Agro Supplies,Kiserian,M-Pesa Till,Retail,CUS-1149,,Building Materials,Cement 50kg,3,776.95,0.02,2330.85,2284.23,634.41,1903.23,381.0,,0,2284.23,0,2284.23,-0.0,0,-3,-1903.23,,AM,0
TXN-02000,2026-07-08,PURCHASE,GRN-2607-2000,Rongai Home & Agro Supplies,Ongata Rongai,Supplier,,,Mara Distributors,Building Materials,Cement 50kg,8,678.89,0,0,0,678.89,5431.12,0,Purchase,0,4073.34,1357.78,0,0,0,8,5431.12,,DK,0
TXN-01399,2026-01-19,PURCHASE,GRN-2601-1399,Rongai Home & Agro Supplies,Kiserian,Supplier,,,Rift Valley Cement Depot,Paints,Paint Brush 4in,39,97.41,0,0,0,97.41,3798.99,0,Purchase,0,1899.49,1899.5,0,0,0,39,3798.99,,AM,0
TXN-01412,2026-01-23,SALE,INV-2601-1412,Rongai Home & Agro Supplies,Ongata Rongai,Walk-in,Retail,CUS-1137,,Paints,Gloss Paint 4L,1,2372.36,0.01,2372.36,2348.64,1874.86,1874.86,473.78,,0,2348.64,0,2348.64,-0.0,0,-1,-1874.86,,CN,0
TXN-00333,2025-04-04,SALE,INV-2504-0333,Rongai Home & Agro Supplies,Kiserian,WhatsApp,Farmer,CUS-1109,,Plumbing,Basin Tap Chrome,1,1478.94,0.03,1478.94,1434.57,925.79,925.79,508.78,,0,1434.57,0,1434.57,-0.0,0,-1,-925.79,,AM,0
TXN-02155,2026-08-23,SALE,INV-2608-2155,Rongai Home & Agro Supplies,Kiserian,Phone Order,Retail,CUS-1045,,Agro Inputs,CAN Fertilizer 50kg,1,4998.18,0.08,4998.18,4598.33,4481.18,4481.18,117.15,,0,4598.33,0,4598.33,-0.0,0,-1,-4481.18,,BM,0
TXN-02131,2026-08-15,SALE,INV-2608-2131,Rongai Home & Agro Supplies,Ongata Rongai,Phone Order,Retail,CUS-1163,,Paints,Paint Brush 4in,1,183.01,0,183.01,183.01,104.67,104.67,78.34,,0,183.01,0,183.01,-0.0,0,-1,-104.67,,DK,0
TXN-02014,2026-07-13,SALE,INV-2607-2014,Rongai Home & Agro Supplies,Ongata Rongai,Phone Order,Retail,CUS-1165,,Building Materials,Galvanized Roofing Sheet 3m,5,1154.48,0,5772.4,5772.4,988.27,4941.35,831.05,,0,5772.4,0,5772.4,-0.0,0,-5,-4941.35,,DK,0
TXN-00968,2025-09-29,SALE,INV-2509-0968,Rongai Home & Agro Supplies,Kiserian,Phone Order,Farmer,CUS-1059,,Building Materials,Cement 50kg,3,764.63,0.01,2293.89,2270.95,674.99,2024.97,245.98,,0,2270.95,0,2270.95,-0.0,0,-3,-2024.97,,CN,0
TXN-01851,2026-05-26,SALE,INV-2605-1851,Rongai Home & Agro Supplies,Ongata Rongai,Phone Order,Farmer,CUS-1118,,Agro Inputs,Knapsack Sprayer 20L,1,4490.85,0.03,4490.85,4356.12,3698.13,3698.13,657.99,,0,4356.12,0,4356.12,-0.0,0,-1,-3698.13,,CN,0
TXN-00768,2025-08-06,SALE,INV-2508-0768,Rongai Home & Agro Supplies,Kiserian,Phone Order,Retail,CUS-1105,,Plumbing,20mm PVC Pipe 6m,3,784.47,0.03,2353.41,2282.81,596.58,1789.74,493.07,,0,2282.81,0,2282.81,-0.0,0,-3,-1789.74,,DK,0
TXN-00490,2025-05-15,SALE,INV-2505-0490,Rongai Home & Agro Supplies,Kiserian,Phone Order,Retail,CUS-1165,,Electrical,LED Bulb 12W,11,281.72,0.03,3098.92,3005.95,156.6,1722.6,1283.35,,0,3005.95,0,3005.95,-0.0,0,-11,-1722.6,,ER,0
TXN-00888,2025-09-08,SALE,INV-2509-0888,Rongai Home & Agro Supplies,Kiserian,Walk-in,Retail,CUS-1093,,Plumbing,Basin Tap Chrome,1,1419.54,0.03,1419.54,1376.95,953.82,953.82,423.13,,0,1376.95,0,1376.95,-0.0,0,-1,-953.82,,JK,0
TXN-00862,2025-09-01,SALE,INV-2509-0862,Rongai Home & Agro Supplies,Ongata Rongai,Phone Order,Retail,CUS-1079,,Paints,Paint Brush 4in,1,178.99,0.08,178.99,164.67,99.27,99.27,65.4,,0,164.67,0,164.67,-0.0,0,-1,-99.27,,BM,0
TXN-00576,2025-06-11,PURCHASE,GRN-2506-0576,Rongai Home & Agro Supplies,Ongata Rongai,Supplier,,,Rift Valley Cement Depot,Plumbing,Basin Tap Chrome,3,888.58,0,0,0,888.58,2665.74,0,Purchase,0,933.01,1732.73,0,0,0,3,2665.74,,JK,0
TXN-01044,2025-10-17,EXPENSE,EXP-2510-1044,Rongai Home & Agro Supplies,Kiserian,Back Office,,,,,,0,0,0,0,0,0,0,0,Repairs,12848,0,12848,0,0,0,0,0,Bank Transfer,DK,0
TXN-01020,2025-10-11,SALE,INV-2510-1020,Rongai Home & Agro Supplies,Ongata Rongai,Phone Order,Retail,CUS-1038,,Paints,Paint Brush 4in,2,181.53,0.02,363.06,355.8,98.21,196.42,159.38,,0,355.8,0,355.8,-0.0,0,-2,-196.42,,DK,0
TXN-01652,2026-03-30,SALE,INV-2603-1652,Rongai Home & Agro Supplies,Ongata Rongai,M-Pesa Till,Farmer,CUS-1102,,Agro Inputs,Maize Seed 2kg,3,622.27,0.05,1866.81,1773.47,449.69,1349.07,424.4,,0,1773.47,0,1773.47,-0.0,0,-3,-1349.07,,AM,0
TXN-01883,2026-06-04,SALE,INV-2606-1883,Rongai Home & Agro Supplies,Ongata Rongai,M-Pesa Till,Institution,CUS-1112,,Agro Inputs,Foliar Feed 1L,3,1022.85,0.0777,3068.55,2830.12,668.24,2004.72,825.4,,0,707.53,0,707.53,-2122.59,0,-3,-2004.72,,CN,0
TXN-01579,2026-03-12,SALE,INV-2603-1579,Rongai Home & Agro Supplies,Ongata Rongai,Credit Customer,Institution,CUS-1178,,Building Materials,2x2 Timber 12ft,11,501.67,0.0725,5518.37,5118.29,398.52,4383.72,734.57,,0,2047.32,0,2047.32,-3070.97,0,-11,-4383.72,,BM,0
TXN-01455,2026-02-04,SALE,INV-2602-1455,Rongai Home & Agro Supplies,Ongata Rongai,M-Pesa Till,Farmer,CUS-1160,,Agro Inputs,CAN Fertilizer 50kg,1,5279.42,0.05,5279.42,5015.45,4023.42,4023.42,992.03,,0,5015.45,0,5015.45,-0.0,0,-1,-4023.42,,AM,0
TXN-01480,2026-02-11,SALE,INV-2602-1480,Rongai Home & Agro Supplies,Ongata Rongai,M-Pesa Till,Retail,CUS-1108,,Plumbing,20mm PVC Pipe 6m,1,868.75,0,868.75,868.75,643.55,643.55,225.2,,0,868.75,0,868.75,-0.0,0,-1,-643.55,,DK,0
TXN-00872,2025-09-03,SALE,INV-2509-0872,Rongai Home & Agro Supplies,Ongata Rongai,M-Pesa Till,Contractor,,,Building Materials,Galvanized Roofing Sheet 3m,6,1201.68,0.055,7210.08,6813.53,885.31,5311.86,1501.67,,0,3406.76,0,3406.76,-3406.77,0,-6,-5311.86,,AM,0
TXN-00167,2025-02-17,SALE,INV-2502-0167,Rongai Home & Agro Supplies,Ongata Rongai,Walk-in,Contractor,CUS-1012,,Building Materials,Galvanized Roofing Sheet 3m,14,1174.32,0.0673,16440.48,15334.04,874.37,12241.18,3092.86,,0,15334.04,0,15334.04,-0.0,0,-14,-12241.18,,ER,0
TXN-01097,2025-10-31,PURCHASE,GRN-2510-1097,Rongai Home & Agro Supplies,Ongata Rongai,Supplier,,,Eastlands Hardware Wholesalers,Building Materials,Cement 50kg,45,662.01,0,0,0,662.01,29790.45,0,Purchase,0,10426.66,19363.79,0,0,0,45,29790.45,,JK,0
TXN-01643,2026-03-27,SALE,INV-2603-1643,Rongai Home & Agro Supplies,Ongata Rongai,Walk-in,Contractor,CUS-1006,,Building Materials,2x2 Timber 12ft,14,554.31,0.0679,7760.34,7233.41,390.62,5468.68,1764.73,,0,3616.7,0,3616.7,-3616.71,0,-14,-5468.68,,DK,0
TXN-01271,2025-12-17,SALE,INV-2512-1271,Rongai Home & Agro Supplies,Ongata Rongai,M-Pesa Till,Reseller,CUS-1004,,Paints,Gloss Paint 4L,7,2519.88,0.036,17639.16,17004.15,1778.14,12446.98,4557.17,,0,17004.15,0,17004.15,-0.0,0,-7,-12446.98,,ER,0
TXN-00145,2025-02-10,PURCHASE,GRN-2502-0145,Rongai Home & Agro Supplies,Kiserian,Supplier,,,AgroLink Kenya,Household,Jerrycan 20L,12,509.13,0,0,0,509.13,6109.56,0,Purchase,0,4582.17,1527.39,0,0,0,12,6109.56,,ER,0
TXN-01973,2026-07-01,PURCHASE,GRN-2607-1973,Rongai Home & Agro Supplies,Ongata Rongai,Supplier,,,Mara Distributors,Agro Inputs,Foliar Feed 1L,3,672.67,0,0,0,672.67,2018.01,0,Purchase,0,706.3,1311.71,0,0,0,3,2018.01,,CN,0
TXN-02013,2026-07-13,SALE,INV-2607-2013,Rongai Home & Agro Supplies,Kiserian,Walk-in,Contractor,CUS-1028,,Electrical,Switch 1 Gang,12,267.32,0.0605,3207.84,3013.77,156.16,1873.92,1139.85,,0,1205.51,0,1205.51,-1808.26,0,-12,-1873.92,,JK,0
TXN-01432,29-01-2026,SALE,INV-2601-1432,Rongai Home & Agro Supplies,Ongata Rongai,Phone Order,Retail,CUS-1064,,Electrical,Switch 1 Gang,1,273.39,0.03,273.39,265.19,157.08,157.08,108.11,,0,265.19,0,265.19,-0.0,0,-1,-157.08,,BM,0
TXN-01600,2026-03-17,SALE,INV-2603-1600,Rongai Home & Agro Supplies,Kiserian,WhatsApp,Farmer,CUS-1146,,Paints,Paint Brush 4in,1,177.36,0.03,177.36,172.04,103.57,103.57,68.47,,0,172.04,0,172.04,-0.0,0,-1,-103.57,,CN,0
TXN-00224,2025-03-06,SALE,INV-2503-0224,Rongai Home & Agro Supplies,Kiserian,WhatsApp,Farmer,CUS-1034,,Paints,Paint Brush 4in,1,172.63,0,172.63,172.63,93.98,93.98,78.65,,0,172.63,0,172.63,-0.0,0,-1,-93.98,,DK,0
TXN-01251,2025-12-12,SALE,INV-2512-1251,Rongai Home & Agro Supplies,Ongata Rongai,WhatsApp,Retail,CUS-1053,,Electrical,Socket 13A,1,371.92,0.03,371.92,360.76,213.51,213.51,147.25,,0,360.76,0,360.76,-0.0,0,-1,-213.51,,BM,0
TXN-00198,2025-02-26,SALE,INV-2502-0198,Rongai Home & Agro Supplies,Kiserian,Walk-in,Retail,CUS-1067,,Plumbing,PVC Elbow 20mm,4,79.28,0.08,317.12,291.75,41.79,167.16,124.59,,0,291.75,0,291.75,-0.0,0,-4,-167.16,,AM,0
TXN-01527,2026-02-25,EXPENSE,EXP-2602-1527,Rongai Home & Agro Supplies,Ongata Rongai,Back Office,,,,,,0,0,0,0,0,0,0,0,Rent,50000,0,50000,0,0,0,0,0,Bank Transfer,CN,0
TXN-01622,2026-03-22,SALE,INV-2603-1622,Rongai Home & Agro Supplies,Ongata Rongai,WhatsApp,Contractor,CUS-1033,,Agro Inputs,Maize Seed 2kg,14,605.39,0.0277,8475.46,8240.69,470.21,6582.94,1657.75,,0,2060.17,0,2060.17,-6180.52,0,-14,-6582.94,,ER,0
TXN-00708,2025-07-19,EXPENSE,EXP-2507-0708,Rongai Home & Agro Supplies,Kiserian,Back Office,,,,,,0,0,0,0,0,0,0,0,Miscellaneous,2074,0,2074,0,0,0,0,0,M-PESA,CN,0
TXN-00235,2025-03-08,SALE,INV-2503-0235,Rongai Home & Agro Supplies,Ongata Rongai,M-Pesa Till,Farmer,CUS-1174,,Agro Inputs,Knapsack Sprayer 20L,1,4632.7,0,4632.7,4632.7,3374.13,3374.13,1258.57,,0,4632.7,0,4632.7,-0.0,0,-1,-3374.13,,BM,0
TXN-01240,2025-12-10,SALE,INV-2512-1240,Rongai Home & Agro Supplies,Kiserian,M-Pesa Till,Reseller,CUS-1121,,Plumbing,PVC Tee 20mm,6,82.49,0.0616,494.94,464.45,46.98,281.88,182.57,,0,464.45,0,464.45,-0.0,0,-6,-281.88,,CN,0
TXN-00577,2025-06-12,SALE,INV-2506-0577,Rongai Home & Agro Supplies,Ongata Rongai,M-Pesa Till,Contractor,CUS-1038,,Electrical,Socket 13A,8,397.13,0.0689,3177.04,2958.14,219.81,1758.48,1199.66,,0,2958.14,0,2958.14,-0.0,0,-8,-1758.48,,BM,0
TXN-01884,2026-06-04,SALE,INV-2606-1884,Rongai Home & Agro Supplies,Kiserian,Phone Order,Retail,CUS-1076,,Paints,Gloss Paint 4L,2,2605.67,0.05,5211.34,4950.77,1999.08,3998.16,952.61,,0,4950.77,0,4950.77,-0.0,0,-2,-3998.16,,CN,0
TXN-01672,2026-04-04,SALE,INV-2604-1672,Rongai Home & Agro Supplies,Ongata Rongai,Credit Customer,Contractor,CUS-1027,,Electrical,Switch 1 Gang,9,273.18,0.086,2458.62,2247.18,164.47,1480.23,766.95,,0,561.79,0,561.79,-1685.39,0,-9,-1480.23,,AM,0
TXN-02242,2025-11-08,SUPPLIER_PAYMENT,SP-2511-2242,Rongai Home & Agro Supplies,Kiserian,Supplier,,,Rift Valley Cement Depot,,,0,0,0,0,0,0,0,0,Supplier Payment,0,0,60383.0,0,0,0,0,0,Cash,AM,0
TXN-01477,2026-02-10,EXPENSE,EXP-2602-1477,Rongai Home & Agro Supplies,Kiserian,Back Office,,,,,,0,0,0,0,0,0,0,0,Rent,52000,0,52000,0,0,0,0,0,M-PESA,AM,0
TXN-01837,2026-05-20,SALE,INV-2605-1837,Rongai Home & Agro Supplies,Ongata Rongai,Walk-in,Retail,CUS-1126,,Plumbing,Basin Tap Chrome,1,1458.55,0.01,1458.55,1443.96,1004.58,1004.58,439.38,,0,1443.96,0,1443.96,-0.0,0,-1,-1004.58,,DK,0
TXN-01365,2026-01-09,SALE,INV-2601-1365,Rongai Home & Agro Supplies,Ongata Rongai,Phone Order,Contractor,CUS-1132,,Electrical,Switch 1 Gang,8,245.0,0.0558,1960.0,1850.63,158.17,1265.36,585.27,,0,925.32,0,925.32,-925.31,0,-8,-1265.36,,AM,0
TXN-01067,2025-10-24,SALE,INV-2510-1067,Rongai Home & Agro Supplies,Ongata Rongai,M-Pesa Till,Farmer,CUS-1099,,Hardware,Wheelbarrow Heavy Duty,1,7370.62,0.01,7370.62,7296.91,5234.34,5234.34,2062.57,,0,7296.91,0,7296.91,-0.0,0,-1,-5234.34,,BM,0
TXN-01626,2026-03-23,PURCHASE,GRN-2603-1626,Rongai Home & Agro Supplies,Ongata Rongai,Supplier,,,AgroLink Kenya,Hardware,Padlock 50mm,10,421.65,0,0,0,421.65,4216.5,0,Purchase,0,3162.38,1054.12,0,0,0,10,4216.5,,DK,0
TXN-00105,2025-01-31,SALE,INV-2501-0105,Rongai Home & Agro Supplies,Kiserian,WhatsApp,Retail,CUS-1004,,Electrical,Socket 13A,1,413.12,0.02,413.12,404.86,229.8,229.8,175.06,,0,404.86,0,404.86,-0.0,0,-1,-229.8,,ER,0
TXN-01797,2026-05-08,SALE,INV-2605-1797,Rongai Home & Agro Supplies,Kiserian,M-Pesa Till,Farmer,CUS-1075,,Plumbing,PVC Tee 20mm,2,86.54,0.03,173.08,167.89,53.1,106.2,61.69,,0,167.89,0,167.89,-0.0,0,-2,-106.2,,JK,0
TXN-00781,2025-08-08,CUSTOMER_PAYMENT,RCPT-2508-0781,Rongai Home & Agro Supplies,Ongata Rongai,Collections,Contractor,CUS-1026,,,,0,0,0,0,0,0,0,0,Customer Collection,0,11220.0,0,11220.0,11220.0,0,0,0,Bank Transfer,CN,0
TXN-01354,2026-01-06,SALE,INV-2601-1354,Rongai Home & Agro Supplies,Ongata Rongai,WhatsApp,Retail,CUS-1032,,Paints,Paint Brush 4in,1,175.44,0.02,175.44,171.93,103.96,103.96,67.97,,0,171.93,0,171.93,-0.0,0,-1,-103.96,,JK,0
TXN-01247,2025-12-11,SALE,INV-2512-1247,Rongai Home & Agro Supplies,Kiserian,Phone Order,Reseller,CUS-1010,,Building Materials,2x2 Timber 12ft,6,501.17,0.0345,3007.02,2903.28,369.85,2219.1,684.18,,0,2903.28,0,2903.28,-0.0,0,-6,-2219.1,,JK,0
TXN-01757,2026-04-27,SALE,INV-2604-1757,Rongai Home & Agro Supplies,Kiserian,M-Pesa Till,Retail,CUS-1056,,Building Materials,Cement 50kg,10,780.03,0,7800.3,7800.3,736.72,7367.2,433.1,,0,7800.3,0,7800.3,-0.0,0,-10,-7367.2,,ER,0
TXN-01341,2026-01-03,SALE,INV-2601-1341,Rongai Home & Agro Supplies,Ongata Rongai,M-Pesa Till,Retail,CUS-1108,,Electrical,LED Bulb 12W,2,272.81,0.08,545.62,501.97,158.17,316.34,185.63,,0,501.97,0,501.97,-0.0,0,-2,-316.34,,DK,0
TXN-00716,2025-07-22,SALE,INV-2507-0716,Rongai Home & Agro Supplies,Kiserian,WhatsApp,Retail,CUS-1080,,Agro Inputs,Knapsack Sprayer 20L,1,4712.08,0.01,4712.08,4664.96,3318.08,3318.08,1346.88,,0,4664.96,0,4664.96,-0.0,0,-1,-3318.08,,ER,0
TXN-00492,15/05/2025,SALE,INV-2505-0492,Rongai Home & Agro Supplies,Ongata Rongai,M-Pesa Till,Contractor,CUS-1178,,Agro Inputs,DAP Fertilizer 50kg,6,6030.66,0.0725,36183.96,33560.62,4511.4,27068.4,6492.22,,0,13424.25,0,13424.25,-20136.37,0,-6,-27068.4,,BM,0
TXN-02227,2026-08-23,SUPPLIER_PAYMENT,SP-2608-2227,Rongai Home & Agro Supplies,Kiserian,Supplier,,,Nairobi Electrical Mart,,,0,0,0,0,0,0,0,0,Supplier Payment,0,0,29514.0,0,0,0,0,0,Bank Transfer,JK,0
