transaction_id,transaction_date,transaction_type,document_no,business_name,branch,sales_channel,customer_type,customer_id,supplier_name,product_category,product_name,quantity,unit_price_kes,discount_pct,gross_sales_kes,net_sales_kes,unit_cost_kes,cogs_kes,gross_profit_kes,expense_category,expense_amount_kes,cash_in_kes,cash_out_kes,amount_received_kes,accounts_receivable_change_kes,accounts_payable_change_kes,inventory_qty_change,inventory_value_change_kes,payment_method,salesperson_or_staff,manual_entry_flag
TXN-00001,31/12/2024,PURCHASE,GRN-2412-OPEN-CEMENT,Thika Road Hardware & Agrovet Ltd,,Supplier,,,Opening Stock Balance,Building Materials,Cement 50kg,400,640.0,0.0,0.0,0.0,640.0,256000.0,0.0,Opening Stock,0.0,0.0,256000.0,0.0,0.0,0.0,400,256000.0,,MN,0.0
TXN-00002,2024-12-31,PURCHASE,GRN-2412-OPEN-RIVER,Thika Road Hardware & Agrovet Ltd,Thika Town,Supplier,,,Opening Stock Balance,Building Materials,River Sand (ton),120,1200.0,0.0,0.0,0.0,1200.0,144000.0,0.0,Opening Stock,0.0,0.0,144000.0,0.0,0.0,0.0,120,144000.0,,SK,0.0
TXN-00003,2024-12-31,PURCHASE,GRN-2412-OPEN-HOLLOW,Thika Road Hardware & Agrovet Ltd,Juja,Supplier,,,Opening Stock Balance,Building Materials,Hollow Block 6in,900,55.0,0.0,0.0,0.0,55.0,49500.0,0.0,Opening Stock,0.0,0.0,49500.0,0.0,0.0,0.0,900,49500.0,,TK,0.0
TXN-00004,2024-12-31,PURCHASE,GRN-2412-OPEN-IRONS,Thika Road Hardware & Agrovet Ltd,Thika Town,Supplier,,,Opening Stock Balance,Building Materials,Iron Sheet 3m Gauge30,260,780.0,0.0,0.0,0.0,780.0,202800.0,0.0,Opening Stock,0.0,0.0,202800.0,0.0,0.0,0.0,260,202800.0,,JB,0.0
TXN-00005,2024-12-31,PURCHASE,GRN-2412-OPEN-GLOSS,Thika Road Hardware & Agrovet Ltd,Juja,Supplier,,,Opening Stock Balance,Paints,Gloss Paint 4L,180,1750.0,0.0,0.0,0.0,1750.0,315000.0,0.0,Opening Stock,0.0,0.0,315000.0,0.0,0.0,0.0,180,315000.0,,MN,0.0
TXN-00006,2024-12-31,PURCHASE,GRN-2412-OPEN-EMULSI,Thika Road Hardware & Agrovet Ltd,Juja,Supplier,,,Opening Stock Balance,Paints,Emulsion Paint 4L,200,1400.0,0.0,0.0,0.0,1400.0,280000.0,0.0,Opening Stock,0.0,0.0,280000.0,0.0,0.0,0.0,200,280000.0,,JB,0.0
TXN-00007,2024-12-31,PURCHASE,GRN-2412-OPEN-PAINT,Thika Road Hardware & Agrovet Ltd,Thika Town,Supplier,,,Opening Stock Balance,Paints,Paint Brush 4in,350,95.0,0.0,0.0,0.0,95.0,33250.0,0.0,Opening Stock,0.0,0.0,33250.0,0.0,0.0,0.0,350,33250.0,,PW,0.0
TXN-00008,2024-12-31,PURCHASE,GRN-2412-OPEN-WOODV,Thika Road Hardware & Agrovet Ltd,Juja,Supplier,,,Opening Stock Balance,Paints,Wood Varnish 1L,150,380.0,0.0,0.0,0.0,380.0,57000.0,0.0,Opening Stock,0.0,0.0,57000.0,0.0,0.0,0.0,150,57000.0,,TK,0.0
TXN-00009,2024-12-31,PURCHASE,GRN-2412-OPEN-PVCPI,Thika Road Hardware & Agrovet Ltd,Thika Town,Supplier,,,Opening Stock Balance,Plumbing,PVC Pipe 20mm 3m,300,210.0,0.0,0.0,0.0,210.0,63000.0,0.0,Opening Stock,0.0,0.0,63000.0,0.0,0.0,0.0,300,63000.0,,TK,0.0
TXN-00010,2024-12-31,PURCHASE,GRN-2412-OPEN-PVCTE,Thika Road Hardware & Agrovet Ltd,Juja,Supplier,,,Opening Stock Balance,Plumbing,PVC Tee 20mm,500,45.0,0.0,0.0,0.0,45.0,22500.0,0.0,Opening Stock,0.0,0.0,22500.0,0.0,0.0,0.0,500,22500.0,,PW,0.0
TXN-00011,2024-12-31,PURCHASE,GRN-2412-OPEN-GATEV,Thika Road Hardware & Agrovet Ltd,Juja,Supplier,,,Opening Stock Balance,Plumbing,Gate Valve 1in,150,320.0,0.0,0.0,0.0,320.0,48000.0,0.0,Opening Stock,0.0,0.0,48000.0,0.0,0.0,0.0,150,48000.0,,PW,0.0
TXN-00012,2024-12-31,PURCHASE,GRN-2412-OPEN-WATER,Thika Road Hardware & Agrovet Ltd,Juja,Supplier,,,Opening Stock Balance,Plumbing,Water Tank 1000L,25,8200.0,0.0,0.0,0.0,8200.0,205000.0,0.0,Opening Stock,0.0,0.0,205000.0,0.0,0.0,0.0,25,205000.0,,SK,0.0
TXN-00013,2024-12-31,PURCHASE,GRN-2412-OPEN-LEDBU,Thika Road Hardware & Agrovet Ltd,Thika Town,Supplier,,,Opening Stock Balance,Electrical,LED Bulb 12W,600,150.0,0.0,0.0,0.0,150.0,90000.0,0.0,Opening Stock,0.0,0.0,90000.0,0.0,0.0,0.0,600,90000.0,,JB,0.0
TXN-00014,2024-12-31,PURCHASE,GRN-2412-OPEN-SOCKET,Thika Road Hardware & Agrovet Ltd,Thika Town,Supplier,,,Opening Stock Balance,Electrical,Socket Outlet,400,180.0,0.0,0.0,0.0,180.0,72000.0,0.0,Opening Stock,0.0,0.0,72000.0,0.0,0.0,0.0,400,72000.0,,TK,0.0
TXN-00015,2024-12-31,PURCHASE,GRN-2412-OPEN-ELECTR,Thika Road Hardware & Agrovet Ltd,Thika Town,Supplier,,,Opening Stock Balance,Electrical,Electrical Cable 2.5mm (roll),60,3200.0,0.0,0.0,0.0,3200.0,192000.0,0.0,Opening Stock,0.0,0.0,192000.0,0.0,0.0,0.0,60,192000.0,,JB,0.0
TXN-00016,2024-12-31,PURCHASE,GRN-2412-OPEN-CIRCUI,Thika Road Hardware & Agrovet Ltd,Juja,Supplier,,,Opening Stock Balance,Electrical,Circuit Breaker 20A,120,420.0,0.0,0.0,0.0,420.0,50400.0,0.0,Opening Stock,0.0,0.0,50400.0,0.0,0.0,0.0,120,50400.0,,RA,0.0
TXN-00017,2024-12-31,PURCHASE,GRN-2412-OPEN-DAPFE,Thika Road Hardware & Agrovet Ltd,Thika Town,Supplier,,,Opening Stock Balance,Agro Inputs,DAP Fertilizer 50kg,150,3400.0,0.0,0.0,0.0,3400.0,510000.0,0.0,Opening Stock,0.0,0.0,510000.0,0.0,0.0,0.0,150,510000.0,,SK,0.0
TXN-00018,2024-12-31,PURCHASE,GRN-2412-OPEN-CANFE,Thika Road Hardware & Agrovet Ltd,Juja,Supplier,,,Opening Stock Balance,Agro Inputs,CAN Fertilizer 50kg,150,3100.0,0.0,0.0,0.0,3100.0,465000.0,0.0,Opening Stock,0.0,0.0,465000.0,0.0,0.0,0.0,150,465000.0,,RA,0.0
TXN-00019,2024-12-31,PURCHASE,GRN-2412-OPEN-MAIZE,Thika Road Hardware & Agrovet Ltd,Juja,Supplier,,,Opening Stock Balance,Agro Inputs,Maize Seed 2kg Pack,220,480.0,0.0,0.0,0.0,480.0,105600.0,0.0,Opening Stock,0.0,0.0,105600.0,0.0,0.0,0.0,220,105600.0,,PW,0.0
TXN-00020,2024-12-31,PURCHASE,GRN-2412-OPEN-PESTIC,Thika Road Hardware & Agrovet Ltd,Juja,Supplier,,,Opening Stock Balance,Agro Inputs,Pesticide 1L,180,620.0,0.0,0.0,0.0,620.0,111600.0,0.0,Opening Stock,0.0,0.0,111600.0,0.0,0.0,0.0,180,111600.0,,PW,0.0
TXN-00021,2024-12-31,PURCHASE,GRN-2412-OPEN-CLAWH,Thika Road Hardware & Agrovet Ltd,Thika Town,Supplier,,,Opening Stock Balance,Hardware Tools,Claw Hammer,140,380.0,0.0,0.0,0.0,380.0,53200.0,0.0,Opening Stock,0.0,0.0,53200.0,0.0,0.0,0.0,140,53200.0,,RA,0.0
TXN-00022,2024-12-31,PURCHASE,GRN-2412-OPEN-WHEELB,Thika Road Hardware & Agrovet Ltd,Thika Town,Supplier,,,Opening Stock Balance,Hardware Tools,Wheelbarrow,45,4200.0,0.0,0.0,0.0,4200.0,189000.0,0.0,Opening Stock,0.0,0.0,189000.0,0.0,0.0,0.0,45,189000.0,,RA,0.0
TXN-00023,2024-12-31,PURCHASE,GRN-2412-OPEN-SPADE,Thika Road Hardware & Agrovet Ltd,Thika Town,Supplier,,,Opening Stock Balance,Hardware Tools,Spade,160,520.0,0.0,0.0,0.0,520.0,83200.0,0.0,Opening Stock,0.0,0.0,83200.0,0.0,0.0,0.0,160,83200.0,,MN,0.0
TXN-00024,2024-12-31,PURCHASE,GRN-2412-OPEN-MEASUR,Thika Road Hardware & Agrovet Ltd,Thika Town,Supplier,,,Opening Stock Balance,Hardware Tools,Measuring Tape 5m,200,210.0,0.0,0.0,0.0,210.0,42000.0,0.0,Opening Stock,0.0,0.0,42000.0,0.0,0.0,0.0,200,42000.0,,TK,0.0
TXN-00025,2025-01-01,SALE,INV-2501-0002,Thika Road Hardware & Agrovet Ltd,Juja,M-Pesa Till,Retail,CUS-1127,,Plumbing,PVC Tee 20mm,5,92.33,0.0,461.65,461.65,46.2,231.0,230.65,,0.0,461.65,0.0,461.65,0.0,0.0,-5,-231.0,,PW,0.0
TXN-00026,2025-01-02,SALE,INV-2501-0004,Thika Road Hardware & Agrovet Ltd,Thika Town,Phone Order,Farmer,CUS-1086,,Paints,Gloss Paint 4L,3,2795.72,0.0,8387.16,8387.16,1774.9,5324.7,3062.46,,0.0,8387.16,0.0,8387.16,0.0,0.0,-3,-5324.7,,PW,0.0
TXN-00027,2025-01-02,EXPENSE,EXP-2501-2484,Thika Road Hardware & Agrovet Ltd,Juja,Back Office,,,,,,0,0.0,0.0,0.0,0.0,0.0,0.0,0.0,Repairs,4303.11,0.0,4303.11,0.0,0.0,0.0,0,0.0,M-PESA,SK,0.0
TXN-00028,2025-01-03,SALE,INV-2501-0006,Thika Road Hardware & Agrovet Ltd,Thika Town,M-Pesa Till,Wholesale,CUS-1021,,Building Materials,Iron Sheet 3m Gauge30,5,1224.22,0.02,6121.1,5998.68,775.25,3876.25,2122.43,,0.0,1756.91,0.0,1756.91,4241.77,0.0,-5,-3876.25,,PW,0.0
TXN-00029,2025-01-04,SALE,INV-2501-0008,Thika Road Hardware & Agrovet Ltd,Juja,Counter,Wholesale,CUS-1009,,Building Materials,River Sand (ton),4,1852.03,0.03,7408.12,7185.88,1215.15,4860.6,2325.28,,0.0,7185.88,0.0,7185.88,0.0,0.0,-4,-4860.6,,MN,0.0
TXN-00030,2025-01-04,SALE,INV-2501-0010,Thika Road Hardware & Agrovet Ltd,Juja,Online Order,Retail,CUS-1168,,Paints,Emulsion Paint 4L,3,2485.87,0.02,7457.61,7308.46,1440.92,4322.76,2985.7,,0.0,7308.46,0.0,7308.46,0.0,0.0,-3,-4322.76,,SK,0.0
TXN-00031,2025-01-04,SALE,INV-2501-0012,Thika Road Hardware & Agrovet Ltd,Juja,Online Order,Farmer,CUS-1030,,Building Materials,Iron Sheet 3m Gauge30,10,1156.03,0.0,11560.3,11560.3,768.18,7681.8,3878.5,,0.0,11560.3,0.0,11560.3,0.0,0.0,-10,-7681.8,,RA,0.0
TXN-00032,2025-01-04,SALE,INV-2501-0014,Thika Road Hardware & Agrovet Ltd,Thika Town,M-Pesa Till,Retail,CUS-1036,,Plumbing,Gate Valve 1in,5,556.73,0.0,2783.65,2783.65,327.23,1636.15,1147.5,,0.0,2783.65,0.0,2783.65,0.0,0.0,-5,-1636.15,,TK,0.0
TXN-00033,2025-01-05,SALE,INV-2501-0016,Thika Road Hardware & Agrovet Ltd,Thika Town,Counter,Wholesale,CUS-1081,,Paints,Paint Brush 4in,7,207.04,0.01,1449.28,1434.79,96.77,677.39,757.4,,0.0,962.41,0.0,962.41,472.38,0.0,-7,-677.39,,MN,0.0
TXN-00034,2025-01-05,SALE,INV-2501-0018,Thika Road Hardware & Agrovet Ltd,Thika Town,M-Pesa Till,Retail,CUS-1058,,Building Materials,Iron Sheet 3m Gauge30,10,1238.34,0.0,12383.4,12383.4,780.53,7805.3,4578.1,,0.0,12383.4,0.0,12383.4,0.0,0.0,-10,-7805.3,,MN,0.0
TXN-00035,2025-01-05,SALE,INV-2501-0020,Thika Road Hardware & Agrovet Ltd,Juja,Phone Order,Retail,CUS-1187,,Electrical,LED Bulb 12W,2,326.34,0.0,652.68,652.68,150.98,301.96,350.72,,0.0,652.68,0.0,652.68,0.0,0.0,-2,-301.96,,MN,0.0
TXN-00036,2025-01-05,SALE,INV-2501-0022,Thika Road Hardware & Agrovet Ltd,Thika Town,M-Pesa Till,Retail,CUS-1206,,Building Materials,Cement 50kg,1,1043.49,0.01,1043.49,1033.06,643.77,643.77,389.29,,0.0,1033.06,0.0,1033.06,0.0,0.0,-1,-643.77,,SK,0.0
TXN-00037,2025-01-06,SALE,INV-2501-0024,Thika Road Hardware & Agrovet Ltd,Juja,Online Order,Contractor,CUS-1095,,Plumbing,Gate Valve 1in,7,547.78,0.0,3834.46,3834.46,328.84,2301.88,1532.58,,0.0,3834.46,0.0,3834.46,0.0,0.0,-7,-2301.88,,PW,0.0
TXN-00038,2025-01-06,SALE,INV-2501-0026,Thika Road Hardware & Agrovet Ltd,Thika Town,Online Order,Farmer,CUS-1045,,Plumbing,PVC Pipe 20mm 3m,8,371.15,0.0,2969.2,2969.2,207.05,1656.4,1312.8,,0.0,2969.2,0.0,2969.2,0.0,0.0,-8,-1656.4,,PW,0.0
TXN-00039,2025-01-06,SALE,INV-2501-0028,Thika Road Hardware & Agrovet Ltd,Juja,Online Order,Retail,CUS-1102,,Plumbing,PVC Tee 20mm,1,92.23,0.0,92.23,92.23,44.52,44.52,47.71,,0.0,92.23,0.0,92.23,0.0,0.0,-1,-44.52,,PW,0.0
TXN-00040,2025-01-07,SALE,INV-2501-0030,Thika Road Hardware & Agrovet Ltd,Juja,Counter,Reseller,CUS-1103,,Electrical,Circuit Breaker 20A,3,709.56,0.02,2128.68,2086.11,418.77,1256.31,829.8,,0.0,2086.11,0.0,2086.11,0.0,0.0,-3,-1256.31,,JB,0.0
TXN-00041,2025-01-08,SALE,INV-2501-0032,Thika Road Hardware & Agrovet Ltd,Thika Town,Online Order,Reseller,CUS-1136,,Agro Inputs,CAN Fertilizer 50kg,6,4635.67,0.01,27814.02,27535.88,3070.85,18425.1,9110.78,,0.0,27535.88,0.0,27535.88,0.0,0.0,-6,-18425.1,,TK,0.0
TXN-00042,2025-01-08,SALE,INV-2501-0034,Thika Road Hardware & Agrovet Ltd,Thika Town,M-Pesa Till,Farmer,CUS-1000,,Electrical,Socket Outlet,7,369.28,0.0,2584.96,2584.96,176.96,1238.72,1346.24,,0.0,2584.96,0.0,2584.96,0.0,0.0,-7,-1238.72,,RA,0.0
TXN-00043,2025-01-09,SALE,INV-2501-0036,Thika Road Hardware & Agrovet Ltd,Thika Town,Delivery,Retail,CUS-1139,,Building Materials,Cement 50kg,19,980.46,0.02,18628.74,18256.17,637.41,12110.79,6145.38,,0.0,18256.17,0.0,18256.17,0.0,0.0,-19,-12110.79,,RA,0.0
TXN-00044,2025-01-09,SALE,INV-2501-0038,Thika Road Hardware & Agrovet Ltd,Juja,Counter,Reseller,CUS-1131,,Electrical,Socket Outlet,6,346.12,0.03,2076.72,2014.42,179.48,1076.88,937.54,,0.0,2014.42,0.0,2014.42,0.0,0.0,-6,-1076.88,,PW,0.0
TXN-00045,2025-01-09,SALE,INV-2501-0040,Thika Road Hardware & Agrovet Ltd,Thika Town,Online Order,Retail,CUS-1008,,Agro Inputs,Maize Seed 2kg Pack,5,773.48,0.02,3867.4,3790.05,488.39,2441.95,1348.1,,0.0,3790.05,0.0,3790.05,0.0,0.0,-5,-2441.95,,SK,0.0
TXN-00046,2025-01-09,SALE,INV-2501-0042,Thika Road Hardware & Agrovet Ltd,Juja,M-Pesa Till,Contractor,CUS-1066,,Electrical,Electrical Cable 2.5mm (roll),2,5318.68,0.0,10637.36,10637.36,3254.16,6508.32,4129.04,,0.0,10637.36,0.0,10637.36,0.0,0.0,-2,-6508.32,,PW,0.0
TXN-00047,2025-01-10,SALE,INV-2501-0044,Thika Road Hardware & Agrovet Ltd,Juja,M-Pesa Till,Retail,CUS-1199,,Plumbing,Gate Valve 1in,6,568.95,0.0,3413.7,3413.7,319.08,1914.48,1499.22,,0.0,3413.7,0.0,3413.7,0.0,0.0,-6,-1914.48,,SK,0.0
TXN-00048,2025-01-10,SALE,INV-2501-0046,Thika Road Hardware & Agrovet Ltd,Thika Town,Counter,Farmer,CUS-1020,,Building Materials,River Sand (ton),20,1896.26,0.0,37925.2,37925.2,1215.77,24315.4,13609.8,,0.0,37925.2,0.0,37925.2,0.0,0.0,-20,-24315.4,,JB,0.0
TXN-00049,2025-01-10,REFUND,REF-2501-2479,Thika Road Hardware & Agrovet Ltd,Juja,Counter,Retail,CUS-1168,,Paints,Emulsion Paint 4L,-1,2485.87,0.0,0.0,2436.15,1440.92,0.0,-2436.15,Customer Refund,2436.15,0.0,2436.15,0.0,0.0,0.0,1,1440.92,refund,SK,0.0
TXN-00050,2025-01-10,EXPENSE,EXP-2501-2480,Thika Road Hardware & Agrovet Ltd,Thika Town,Back Office,,,,,,0,0.0,0.0,0.0,0.0,0.0,0.0,0.0,Rent,21343.46,0.0,21343.46,0.0,0.0,0.0,0,0.0,Bank Transfer,PW,0.0
TXN-00051,2025-01-12,SALE,INV-2501-0048,Thika Road Hardware & Agrovet Ltd,Juja,Counter,Contractor,CUS-1171,,Building Materials,River Sand (ton),4,1942.18,0.0,7768.72,7768.72,1216.07,4864.28,2904.44,,0.0,2622.54,0.0,2622.54,5146.18,0.0,-4,-4864.28,,MN,0.0
TXN-00052,2025-01-12,SALE,INV-2501-0050,Thika Road Hardware & Agrovet Ltd,Juja,Online Order,Farmer,CUS-1200,,Electrical,Socket Outlet,8,334.1,0.0,2672.8,2672.8,182.71,1461.68,1211.12,,0.0,2672.8,0.0,2672.8,0.0,0.0,-8,-1461.68,,TK,0.0
TXN-00053,2025-01-13,SALE,INV-2501-0052,Thika Road Hardware & Agrovet Ltd,Juja,Counter,Wholesale,CUS-1137,,Building Materials,Hollow Block 6in,8,91.27,0.03,730.16,708.26,55.0,440.0,268.26,,0.0,708.26,0.0,708.26,0.0,0.0,-8,-440.0,,TK,0.0
TXN-00054,2025-01-14,SALE,INV-2501-0054,Thika Road Hardware & Agrovet Ltd,Juja,M-Pesa Till,Contractor,CUS-1134,,Agro Inputs,CAN Fertilizer 50kg,8,4459.13,0.03,35673.04,34602.85,3170.37,25362.96,9239.89,,0.0,16342.03,0.0,16342.03,18260.82,0.0,-8,-25362.96,,SK,0.0
TXN-00055,2025-01-15,SALE,INV-2501-0056,Thika Road Hardware & Agrovet Ltd,Thika Town,Delivery,Contractor,CUS-1053,,Paints,Paint Brush 4in,7,220.68,0.02,1544.76,1513.86,97.11,679.77,834.09,,0.0,1513.86,0.0,1513.86,0.0,0.0,-7,-679.77,,JB,0.0
TXN-00056,2025-01-15,SALE,INV-2501-0058,Thika Road Hardware & Agrovet Ltd,Juja,Phone Order,Farmer,CUS-1105,,Agro Inputs,Pesticide 1L,1,1060.01,0.0,1060.01,1060.01,627.59,627.59,432.42,,0.0,1060.01,0.0,1060.01,0.0,0.0,-1,-627.59,,MN,0.0
TXN-00057,2025-01-15,SALE,INV-2501-0060,Thika Road Hardware & Agrovet Ltd,Juja,Counter,Retail,CUS-1090,,Plumbing,PVC Tee 20mm,3,90.06,0.01,270.18,267.48,46.04,138.12,129.36,,0.0,267.48,0.0,267.48,0.0,0.0,-3,-138.12,,SK,0.0
TXN-00058,2025-01-15,EXPENSE,EXP-2501-2481,Thika Road Hardware & Agrovet Ltd,Thika Town,Back Office,,,,,,0,0.0,0.0,0.0,0.0,0.0,0.0,0.0,Rent,29838.4,0.0,29838.4,0.0,0.0,0.0,0,0.0,Bank Transfer,JB,0.0
TXN-00059,2025-01-17,SALE,INV-2501-0062,Thika Road Hardware & Agrovet Ltd,Juja,Counter,Retail,CUS-1175,,Paints,Gloss Paint 4L,4,3061.84,0.0,12247.36,12247.36,1782.75,7131.0,5116.36,,0.0,12247.36,0.0,12247.36,0.0,0.0,-4,-7131.0,,PW,0.0
TXN-00060,2025-01-17,SALE,INV-2501-0064,Thika Road Hardware & Agrovet Ltd,Juja,Online Order,Farmer,CUS-1042,,Hardware Tools,Wheelbarrow,3,6409.86,0.0,19229.58,19229.58,4246.13,12738.39,6491.19,,0.0,19229.58,0.0,19229.58,0.0,0.0,-3,-12738.39,,MN,0.0
TXN-00061,2025-01-18,SALE,INV-2501-0066,Thika Road Hardware & Agrovet Ltd,Thika Town,Delivery,Farmer,CUS-1030,,Building Materials,Iron Sheet 3m Gauge30,23,1229.88,0.0,28287.24,28287.24,798.91,18374.93,9912.31,,0.0,28287.24,0.0,28287.24,0.0,0.0,-23,-18374.93,,SK,0.0
TXN-00062,2025-01-18,STOCK_ADJUSTMENT,ADJ-2501-2487,Thika Road Hardware & Agrovet Ltd,Thika Town,Stock Count,,,,Plumbing,PVC Pipe 20mm 3m,-5,0.0,0.0,0.0,0.0,0.0,0.0,0.0,Stock Adjustment,0.0,0.0,0.0,0.0,0.0,0.0,-5,-1050.0,Manual count variance,TK,0.0
TXN-00063,2025-01-19,SALE,INV-2501-0068,Thika Road Hardware & Agrovet Ltd,Thika Town,Delivery,Retail,CUS-1038,,Agro Inputs,DAP Fertilizer 50kg,5,4862.45,0.0,24312.25,24312.25,3417.13,17085.65,7226.6,,0.0,24312.25,0.0,24312.25,0.0,0.0,-5,-17085.65,,RA,0.0
TXN-00064,2025-01-19,SALE,INV-2501-0070,Thika Road Hardware & Agrovet Ltd,Thika Town,Phone Order,Wholesale,CUS-1219,,Hardware Tools,Spade,1,936.18,0.0,936.18,936.18,528.52,528.52,407.66,,0.0,936.18,0.0,936.18,0.0,0.0,-1,-528.52,,MN,0.0
TXN-00065,2025-01-19,SALE,INV-2501-0072,Thika Road Hardware & Agrovet Ltd,Juja,Online Order,Reseller,CUS-1011,,Paints,Emulsion Paint 4L,2,2423.77,0.0,4847.54,4847.54,1427.12,2854.24,1993.3,,0.0,4847.54,0.0,4847.54,0.0,0.0,-2,-2854.24,,JB,0.0
TXN-00066,2025-01-21,SALE,INV-2501-0074,Thika Road Hardware & Agrovet Ltd,Thika Town,Online Order,Retail,CUS-1070,,Paints,Wood Varnish 1L,4,692.09,0.01,2768.36,2740.68,381.73,1526.92,1213.76,,0.0,2740.68,0.0,2740.68,0.0,0.0,-4,-1526.92,,MN,0.0
TXN-00067,2025-01-21,SUPPLIER_PAYMENT,SP-2501-2485,Thika Road Hardware & Agrovet Ltd,Juja,Supplier,,,Bamburi Cement Depot,,,0,0.0,0.0,0.0,0.0,0.0,0.0,0.0,Supplier Payment,0.0,0.0,30048.76,0.0,0.0,-30048.76,0,0.0,Bank Transfer,JB,0.0
TXN-00068,2025-01-22,SALE,INV-2501-0076,Thika Road Hardware & Agrovet Ltd,Thika Town,M-Pesa Till,Wholesale,CUS-1021,,Agro Inputs,DAP Fertilizer 50kg,8,4692.66,0.0,37541.28,37541.28,3343.48,26747.84,10793.44,,0.0,7517.99,0.0,7517.99,30023.29,0.0,-8,-26747.84,,JB,0.0
TXN-00069,2025-01-22,CUSTOMER_PAYMENT,RCPT-2501-2666,Thika Road Hardware & Agrovet Ltd,Thika Town,Collections,Wholesale,CUS-1081,,,,0,0.0,0.0,0.0,0.0,0.0,0.0,0.0,Customer Collection,0.0,389.88,0.0,389.88,389.88,0.0,0,0.0,M-PESA,RA,0.0
TXN-00070,2025-01-24,SALE,INV-2501-0078,Thika Road Hardware & Agrovet Ltd,Thika Town,Online Order,Contractor,CUS-1143,,Building Materials,Iron Sheet 3m Gauge30,9,1234.8,0.0,11113.2,11113.2,770.13,6931.17,4182.03,,0.0,11113.2,0.0,11113.2,0.0,0.0,-9,-6931.17,,TK,0.0
TXN-00071,2025-01-24,SALE,INV-2501-0080,Thika Road Hardware & Agrovet Ltd,Thika Town,Delivery,Farmer,CUS-1020,,Agro Inputs,Maize Seed 2kg Pack,1,767.98,0.0,767.98,767.98,476.58,476.58,291.4,,0.0,767.98,0.0,767.98,0.0,0.0,-1,-476.58,,MN,0.0
TXN-00072,2025-01-25,EXPENSE,EXP-2501-2482,Thika Road Hardware & Agrovet Ltd,Thika Town,Back Office,,,,,,0,0.0,0.0,0.0,0.0,0.0,0.0,0.0,Marketing,1997.63,0.0,1997.63,0.0,0.0,0.0,0,0.0,M-PESA,MN,0.0
TXN-00073,2025-01-26,SALE,INV-2501-0082,Thika Road Hardware & Agrovet Ltd,Juja,Delivery,Retail,CUS-1102,,Electrical,Electrical Cable 2.5mm (roll),6,4945.23,0.0,29671.38,29671.38,3169.34,19016.04,10655.34,,0.0,29671.38,0.0,29671.38,0.0,0.0,-6,-19016.04,,JB,0.0
TXN-00074,2025-01-26,SALE,INV-2501-0084,Thika Road Hardware & Agrovet Ltd,Juja,Online Order,Retail,CUS-1038,,Building Materials,Cement 50kg,9,952.76,0.01,8574.84,8489.09,639.95,5759.55,2729.54,,0.0,8489.09,0.0,8489.09,0.0,0.0,-9,-5759.55,,JB,0.0
TXN-00075,2025-01-26,SALE,INV-2501-0086,Thika Road Hardware & Agrovet Ltd,Juja,Online Order,Retail,CUS-1098,,Electrical,LED Bulb 12W,2,307.13,0.02,614.26,601.97,154.32,308.64,293.33,,0.0,601.97,0.0,601.97,0.0,0.0,-2,-308.64,,SK,0.0
TXN-00076,2025-01-27,SALE,INV-2501-0088,Thika Road Hardware & Agrovet Ltd,Thika Town,Online Order,Wholesale,CUS-1144,,Building Materials,Cement 50kg,12,967.24,0.0,11606.88,11606.88,645.33,7743.96,3862.92,,0.0,11606.88,0.0,11606.88,0.0,0.0,-12,-7743.96,,SK,0.0
TXN-00077,2025-01-27,SALE,INV-2501-0090,Thika Road Hardware & Agrovet Ltd,Thika Town,Delivery,Wholesale,CUS-1010,,Building Materials,Hollow Block 6in,13,94.64,0.0,1230.32,1230.32,54.62,710.06,520.26,,0.0,1230.32,0.0,1230.32,0.0,0.0,-13,-710.06,,PW,0.0
TXN-00078,2025-01-27,SALE,INV-2501-0092,Thika Road Hardware & Agrovet Ltd,Thika Town,M-Pesa Till,Retail,CUS-1084,,Plumbing,Water Tank 1000L,2,12206.51,0.0,24413.02,24413.02,8165.05,16330.1,8082.92,,0.0,24413.02,0.0,24413.02,0.0,0.0,-2,-16330.1,,TK,0.0
TXN-00079,2025-01-28,SALE,INV-2501-0094,Thika Road Hardware & Agrovet Ltd,Juja,Counter,Farmer,CUS-1000,,Building Materials,Hollow Block 6in,9,89.98,0.02,809.82,793.62,55.68,501.12,292.5,,0.0,793.62,0.0,793.62,0.0,0.0,-9,-501.12,,JB,0.0
TXN-00080,2025-01-28,EXPENSE,EXP-2501-2483,Thika Road Hardware & Agrovet Ltd,Thika Town,Back Office,,,,,,0,0.0,0.0,0.0,0.0,0.0,0.0,0.0,Repairs,5392.94,0.0,5392.94,0.0,0.0,0.0,0,0.0,M-PESA,MN,0.0
TXN-00081,2025-01-29,SALE,INV-2501-0096,Thika Road Hardware & Agrovet Ltd,Thika Town,M-Pesa Till,Farmer,CUS-1104,,Plumbing,Water Tank 1000L,7,13277.38,0.0,92941.66,92941.66,8124.22,56869.54,36072.12,,0.0,92941.66,0.0,92941.66,0.0,0.0,-7,-56869.54,,SK,0.0
TXN-00082,2025-01-29,SALE,INV-2501-0098,Thika Road Hardware & Agrovet Ltd,Juja,Counter,Retail,CUS-1047,,Electrical,LED Bulb 12W,1,295.41,0.0,295.41,295.41,150.17,150.17,145.24,,0.0,295.41,0.0,295.41,0.0,0.0,-1,-150.17,,PW,0.0
TXN-00083,2025-01-29,SALE,INV-2501-0100,Thika Road Hardware & Agrovet Ltd,Thika Town,Phone Order,Retail,CUS-1070,,Agro Inputs,DAP Fertilizer 50kg,2,4823.0,0.0,9646.0,9646.0,3392.75,6785.5,2860.5,,0.0,9646.0,0.0,9646.0,0.0,0.0,-2,-6785.5,,JB,0.0
TXN-00084,2025-01-29,SALE,INV-2501-0102,Thika Road Hardware & Agrovet Ltd,Thika Town,Counter,Retail,CUS-1195,,Building Materials,Hollow Block 6in,20,98.56,0.0,1971.2,1971.2,54.2,1084.0,887.2,,0.0,1971.2,0.0,1971.2,0.0,0.0,-20,-1084.0,,SK,0.0
TXN-00085,2025-01-29,SALE,INV-2501-0104,Thika Road Hardware & Agrovet Ltd,Thika Town,Online Order,Retail,CUS-1187,,Building Materials,Hollow Block 6in,5,96.46,0.01,482.3,477.48,55.35,276.75,200.73,,0.0,477.48,0.0,477.48,0.0,0.0,-5,-276.75,,SK,0.0
TXN-00086,2025-01-29,REFUND,REF-2501-2469,Thika Road Hardware & Agrovet Ltd,Juja,Counter,Farmer,CUS-1000,,Building Materials,Hollow Block 6in,-1,89.98,0.0,0.0,88.18,55.68,0.0,-88.18,Customer Refund,88.18,0.0,88.18,0.0,0.0,0.0,1,55.68,refund,JB,0.0
TXN-00087,2025-01-30,SALE,INV-2501-0106,Thika Road Hardware & Agrovet Ltd,Thika Town,M-Pesa Till,Wholesale,CUS-1071,,Paints,Gloss Paint 4L,1,3102.98,0.0,3102.98,3102.98,1785.54,1785.54,1317.44,,0.0,2138.94,0.0,2138.94,964.04,0.0,-1,-1785.54,,TK,0.0
TXN-00088,2025-01-30,SALE,INV-2501-0108,Thika Road Hardware & Agrovet Ltd,Juja,Phone Order,Retail,CUS-1083,,Hardware Tools,Wheelbarrow,8,6619.09,0.0,52952.72,52952.72,4142.89,33143.12,19809.6,,0.0,52952.72,0.0,52952.72,0.0,0.0,-8,-33143.12,,MN,0.0
TXN-00089,2025-01-31,SALE,INV-2501-0110,Thika Road Hardware & Agrovet Ltd,Thika Town,M-Pesa Till,Reseller,CUS-1190,,Building Materials,Cement 50kg,20,1005.46,0.0,20109.2,20109.2,640.28,12805.6,7303.6,,0.0,20109.2,0.0,20109.2,0.0,0.0,-20,-12805.6,,RA,0.0
TXN-00090,2025-01-31,SUPPLIER_PAYMENT,SP-2501-2486,Thika Road Hardware & Agrovet Ltd,Thika Town,Supplier,,,ElectroParts Kenya,,,0,0.0,0.0,0.0,0.0,0.0,0.0,0.0,Supplier Payment,0.0,0.0,37794.84,0.0,0.0,-37794.84,0,0.0,Bank Transfer,JB,0.0
TXN-00091,2025-02-01,SALE,INV-2502-0112,Thika Road Hardware & Agrovet Ltd,Juja,M-Pesa Till,Retail,CUS-1205,,Hardware Tools,Spade,7,921.22,0.0,6448.54,6448.54,521.33,3649.31,2799.23,,0.0,6448.54,0.0,6448.54,0.0,0.0,-7,-3649.31,,SK,0.0
TXN-00092,2025-02-01,SUPPLIER_PAYMENT,SP-2502-2494,Thika Road Hardware & Agrovet Ltd,Thika Town,Supplier,,,Bamburi Cement Depot,,,0,0.0,0.0,0.0,0.0,0.0,0.0,0.0,Supplier Payment,0.0,0.0,56426.46,0.0,0.0,-56426.46,0,0.0,Bank Transfer,RA,0.0
TXN-00093,2025-02-02,SALE,INV-2502-0114,Thika Road Hardware & Agrovet Ltd,Juja,Delivery,Contractor,CUS-1121,,Electrical,Socket Outlet,3,339.36,0.0,1018.08,1018.08,179.81,539.43,478.65,,0.0,288.15,0.0,288.15,729.93,0.0,-3,-539.43,,JB,0.0
TXN-00094,2025-02-02,SALE,INV-2502-0116,Thika Road Hardware & Agrovet Ltd,Thika Town,M-Pesa Till,Wholesale,CUS-1123,,Building Materials,River Sand (ton),19,1917.19,0.0,36426.61,36426.61,1225.61,23286.59,13140.02,,0.0,36426.61,0.0,36426.61,0.0,0.0,-19,-23286.59,,PW,0.0
TXN-00095,2025-02-02,SALE,INV-2502-0118,Thika Road Hardware & Agrovet Ltd,Juja,Counter,Retail,CUS-1208,,Building Materials,Hollow Block 6in,16,92.13,0.02,1474.08,1444.6,55.49,887.84,556.76,,0.0,1444.6,0.0,1444.6,0.0,0.0,-16,-887.84,,TK,0.0
TXN-00096,2025-02-02,SALE,INV-2502-0120,Thika Road Hardware & Agrovet Ltd,Thika Town,M-Pesa Till,Wholesale,CUS-1123,,Electrical,LED Bulb 12W,8,292.52,0.0,2340.16,2340.16,153.39,1227.12,1113.04,,0.0,2340.16,0.0,2340.16,0.0,0.0,-8,-1227.12,,SK,0.0
TXN-00097,2025-02-03,SALE,INV-2502-0122,Thika Road Hardware & Agrovet Ltd,Thika Town,Phone Order,Farmer,CUS-1072,,Agro Inputs,DAP Fertilizer 50kg,8,5148.79,0.0,41190.32,41190.32,3428.06,27424.48,13765.84,,0.0,41190.32,0.0,41190.32,0.0,0.0,-8,-27424.48,,RA,0.0
TXN-00098,2025-02-03,SALE,INV-2502-0124,Thika Road Hardware & Agrovet Ltd,Juja,Online Order,Reseller,CUS-1109,,Agro Inputs,DAP Fertilizer 50kg,2,4933.52,0.03,9867.04,9571.03,3495.81,6991.62,2579.41,,0.0,9571.03,0.0,9571.03,0.0,0.0,-2,-6991.62,,JB,0.0
TXN-00099,2025-02-03,SALE,INV-2502-0126,Thika Road Hardware & Agrovet Ltd,Juja,M-Pesa Till,Farmer,CUS-1193,,Plumbing,PVC Pipe 20mm 3m,8,377.1,0.0,3016.8,3016.8,214.32,1714.56,1302.24,,0.0,3016.8,0.0,3016.8,0.0,0.0,-8,-1714.56,,MN,0.0
TXN-00100,2025-02-03,SALE,INV-2502-0128,Thika Road Hardware & Agrovet Ltd,Thika Town,Counter,Retail,CUS-1133,,Hardware Tools,Spade,6,925.23,0.0,5551.38,5551.38,520.46,3122.76,2428.62,,0.0,5551.38,0.0,5551.38,0.0,0.0,-6,-3122.76,,JB,0.0
TXN-00101,2025-02-03,CUSTOMER_PAYMENT,RCPT-2502-2669,Thika Road Hardware & Agrovet Ltd,Thika Town,Collections,Wholesale,CUS-1021,,,,0,0.0,0.0,0.0,0.0,0.0,0.0,0.0,Customer Collection,0.0,26936.65,0.0,26936.65,26936.65,0.0,0,0.0,M-PESA,RA,0.0
TXN-00102,2025-02-04,SALE,INV-2502-0130,Thika Road Hardware & Agrovet Ltd,Juja,M-Pesa Till,Contractor,CUS-1062,,Agro Inputs,Pesticide 1L,1,1039.17,0.02,1039.17,1018.39,608.34,608.34,410.05,,0.0,1018.39,0.0,1018.39,0.0,0.0,-1,-608.34,,SK,0.0
TXN-00103,2025-02-05,REFUND,REF-2502-2474,Thika Road Hardware & Agrovet Ltd,Juja,Counter,Retail,CUS-1208,,Building Materials,Hollow Block 6in,-5,92.13,0.0,0.0,451.44,55.49,0.0,-451.44,Customer Refund,451.44,0.0,451.44,0.0,0.0,0.0,5,277.45,refund,TK,0.0
TXN-00104,2025-02-06,SALE,INV-2502-0132,Thika Road Hardware & Agrovet Ltd,Juja,M-Pesa Till,Contractor,CUS-1147,,Building Materials,Hollow Block 6in,16,91.95,0.0,1471.2,1471.2,54.01,864.16,607.04,,0.0,1471.2,0.0,1471.2,0.0,0.0,-16,-864.16,,JB,0.0
TXN-00105,2025-02-07,SALE,INV-2502-0134,Thika Road Hardware & Agrovet Ltd,Thika Town,M-Pesa Till,Farmer,CUS-1041,,Building Materials,Cement 50kg,14,974.25,0.0,13639.5,13639.5,657.51,9205.14,4434.36,,0.0,13639.5,0.0,13639.5,0.0,0.0,-14,-9205.14,,MN,0.0
TXN-00106,2025-02-07,SALE,INV-2502-0136,Thika Road Hardware & Agrovet Ltd,Thika Town,M-Pesa Till,Retail,CUS-1017,,Hardware Tools,Measuring Tape 5m,2,415.13,0.02,830.26,813.65,212.46,424.92,388.73,,0.0,813.65,0.0,813.65,0.0,0.0,-2,-424.92,,PW,0.0
TXN-00107,2025-02-07,SALE,INV-2502-0138,Thika Road Hardware & Agrovet Ltd,Thika Town,Delivery,Farmer,CUS-1117,,Building Materials,River Sand (ton),5,1973.78,0.03,9868.9,9572.83,1178.42,5892.1,3680.73,,0.0,9572.83,0.0,9572.83,0.0,0.0,-5,-5892.1,,TK,0.0
TXN-00108,2025-02-07,SALE,INV-2502-0140,Thika Road Hardware & Agrovet Ltd,Juja,Counter,Wholesale,CUS-1009,,Agro Inputs,CAN Fertilizer 50kg,4,4742.11,0.01,18968.44,18778.76,3056.21,12224.84,6553.92,,0.0,11593.14,0.0,11593.14,7185.62,0.0,-4,-12224.84,,RA,0.0
TXN-00109,2025-02-08,SALE,INV-2502-0142,Thika Road Hardware & Agrovet Ltd,Thika Town,Online Order,Retail,CUS-1124,,Agro Inputs,Maize Seed 2kg Pack,7,768.26,0.0,5377.82,5377.82,471.91,3303.37,2074.45,,0.0,5377.82,0.0,5377.82,0.0,0.0,-7,-3303.37,,MN,0.0
TXN-00110,2025-02-09,SALE,INV-2502-0144,Thika Road Hardware & Agrovet Ltd,Juja,Online Order,Contractor,CUS-1062,,Building Materials,River Sand (ton),13,1966.85,0.0,25569.05,25569.05,1228.04,15964.52,9604.53,,0.0,25569.05,0.0,25569.05,0.0,0.0,-13,-15964.52,,PW,0.0
TXN-00111,2025-02-09,SALE,INV-2502-0146,Thika Road Hardware & Agrovet Ltd,Juja,Online Order,Contractor,CUS-1207,,Agro Inputs,Pesticide 1L,3,1015.02,0.01,3045.06,3014.61,624.52,1873.56,1141.05,,0.0,3014.61,0.0,3014.61,0.0,0.0,-3,-1873.56,,MN,0.0
TXN-00112,2025-02-10,CUSTOMER_PAYMENT,RCPT-2502-2670,Thika Road Hardware & Agrovet Ltd,Thika Town,Collections,Wholesale,CUS-1071,,,,0,0.0,0.0,0.0,0.0,0.0,0.0,0.0,Customer Collection,0.0,764.87,0.0,764.87,764.87,0.0,0,0.0,Bank Transfer,MN,0.0
TXN-00113,2025-02-11,SALE,INV-2502-0148,Thika Road Hardware & Agrovet Ltd,Thika Town,Counter,Wholesale,CUS-1106,,Electrical,Circuit Breaker 20A,7,738.43,0.0,5169.01,5169.01,419.19,2934.33,2234.68,,0.0,5169.01,0.0,5169.01,0.0,0.0,-7,-2934.33,,RA,0.0
TXN-00114,2025-02-11,EXPENSE,EXP-2502-2490,Thika Road Hardware & Agrovet Ltd,Thika Town,Back Office,,,,,,0,0.0,0.0,0.0,0.0,0.0,0.0,0.0,Staff Salaries,51536.84,0.0,51536.84,0.0,0.0,0.0,0,0.0,M-PESA,JB,0.0
TXN-00115,2025-02-12,SALE,INV-2502-0150,Thika Road Hardware & Agrovet Ltd,Thika Town,Counter,Retail,CUS-1098,,Agro Inputs,DAP Fertilizer 50kg,6,5181.44,0.0,31088.64,31088.64,3337.98,20027.88,11060.76,,0.0,31088.64,0.0,31088.64,0.0,0.0,-6,-20027.88,,JB,0.0
TXN-00116,2025-02-12,SALE,INV-2502-0152,Thika Road Hardware & Agrovet Ltd,Thika Town,Counter,Contractor,CUS-1048,,Hardware Tools,Claw Hammer,7,708.07,0.03,4956.49,4807.8,390.97,2736.79,2071.01,,0.0,1079.63,0.0,1079.63,3728.17,0.0,-7,-2736.79,,JB,0.0
TXN-00117,2025-02-12,SALE,INV-2502-0154,Thika Road Hardware & Agrovet Ltd,Juja,Delivery,Wholesale,CUS-1125,,Building Materials,Cement 50kg,4,1046.6,0.0,4186.4,4186.4,647.23,2588.92,1597.48,,0.0,2513.06,0.0,2513.06,1673.34,0.0,-4,-2588.92,,TK,0.0
TXN-00118,2025-02-12,EXPENSE,EXP-2502-2488,Thika Road Hardware & Agrovet Ltd,Thika Town,Back Office,,,,,,0,0.0,0.0,0.0,0.0,0.0,0.0,0.0,Transport,5490.81,0.0,5490.81,0.0,0.0,0.0,0,0.0,M-PESA,SK,0.0
TXN-00119,2025-02-14,SALE,INV-2502-0156,Thika Road Hardware & Agrovet Ltd,Juja,Online Order,Retail,CUS-1076,,Hardware Tools,Measuring Tape 5m,2,385.86,0.0,771.72,771.72,210.4,420.8,350.92,,0.0,771.72,0.0,771.72,0.0,0.0,-2,-420.8,,JB,0.0
TXN-00120,2025-02-14,EXPENSE,EXP-2502-2489,Thika Road Hardware & Agrovet Ltd,Thika Town,Back Office,,,,,,0,0.0,0.0,0.0,0.0,0.0,0.0,0.0,Utilities,7995.74,0.0,7995.74,0.0,0.0,0.0,0,0.0,Bank Transfer,JB,0.0
TXN-00121,2025-02-15,SALE,INV-2502-0158,Thika Road Hardware & Agrovet Ltd,Thika Town,M-Pesa Till,Wholesale,CUS-1118,,Agro Inputs,CAN Fertilizer 50kg,1,4308.91,0.0,4308.91,4308.91,3139.24,3139.24,1169.67,,0.0,4308.91,0.0,4308.91,0.0,0.0,-1,-3139.24,,RA,0.0
TXN-00122,2025-02-15,SALE,INV-2502-0160,Thika Road Hardware & Agrovet Ltd,Juja,M-Pesa Till,Wholesale,CUS-1037,,Electrical,LED Bulb 12W,8,328.82,0.0,2630.56,2630.56,147.8,1182.4,1448.16,,0.0,2630.56,0.0,2630.56,0.0,0.0,-8,-1182.4,,PW,0.0
TXN-00123,2025-02-15,SALE,INV-2502-0162,Thika Road Hardware & Agrovet Ltd,Juja,Counter,Reseller,CUS-1218,,Paints,Paint Brush 4in,3,209.23,0.0,627.69,627.69,95.1,285.3,342.39,,0.0,627.69,0.0,627.69,0.0,0.0,-3,-285.3,,RA,0.0
TXN-00124,2025-02-15,EXPENSE,EXP-2502-2492,Thika Road Hardware & Agrovet Ltd,Thika Town,Back Office,,,,,,0,0.0,0.0,0.0,0.0,0.0,0.0,0.0,Staff Salaries,37476.59,0.0,37476.59,0.0,0.0,0.0,0,0.0,M-pesa,MN,0.0
TXN-00125,2025-02-16,SALE,INV-2502-0164,Thika Road Hardware & Agrovet Ltd,Thika Town,M-Pesa Till,Wholesale,CUS-1140,,Building Materials,Hollow Block 6in,18,88.05,0.05,1584.9,1505.65,55.19,993.42,512.23,,0.0,1505.65,0.0,1505.65,0.0,0.0,-18,-993.42,,RA,0.0
TXN-00126,2025-02-16,SALE,INV-2502-0166,Thika Road Hardware & Agrovet Ltd,Thika Town,Online Order,Reseller,CUS-1142,,Agro Inputs,DAP Fertilizer 50kg,6,5087.78,0.0,30526.68,30526.68,3440.45,20642.7,9883.98,,0.0,30526.68,0.0,30526.68,0.0,0.0,-6,-20642.7,,RA,0.0
TXN-00127,2025-02-16,CUSTOMER_PAYMENT,RCPT-2502-2673,Thika Road Hardware & Agrovet Ltd,Thika Town,Collections,Contractor,CUS-1048,,,,0,0.0,0.0,0.0,0.0,0.0,0.0,0.0,Customer Collection,0.0,2667.74,0.0,2667.74,2667.74,0.0,0,0.0,M-PESA,TK,0.0
TXN-00128,2025-02-17,SALE,INV-2502-0168,Thika Road Hardware & Agrovet Ltd,Juja,M-Pesa Till,Retail,CUS-1145,,Paints,Paint Brush 4in,4,214.21,0.03,856.84,831.13,94.86,379.44,451.69,,0.0,831.13,0.0,831.13,0.0,0.0,-4,-379.44,,TK,0.0
TXN-00129,2025-02-18,SALE,INV-2502-0170,Thika Road Hardware & Agrovet Ltd,Thika Town,Counter,Retail,CUS-1162,,Plumbing,Water Tank 1000L,1,12510.95,0.0,12510.95,12510.95,8341.53,8341.53,4169.42,,0.0,12510.95,0.0,12510.95,0.0,0.0,-1,-8341.53,,SK,0.0
TXN-00130,2025-02-18,SALE,INV-2502-0172,Thika Road Hardware & Agrovet Ltd,Juja,Counter,Contractor,CUS-1164,,Electrical,LED Bulb 12W,1,327.14,0.0,327.14,327.14,147.83,147.83,179.31,,0.0,327.14,0.0,327.14,0.0,0.0,-1,-147.83,,MN,0.0
TXN-00131,2025-02-18,SALE,INV-2502-0174,Thika Road Hardware & Agrovet Ltd,Juja,Counter,Farmer,CUS-1116,,Paints,Gloss Paint 4L,3,3078.24,0.01,9234.72,9142.37,1776.96,5330.88,3811.49,,0.0,9142.37,0.0,9142.37,0.0,0.0,-3,-5330.88,,RA,0.0
TXN-00132,2025-02-18,SALE,INV-2502-0176,Thika Road Hardware & Agrovet Ltd,Juja,M-Pesa Till,Retail,CUS-1032,,Plumbing,PVC Tee 20mm,7,90.71,0.0,634.97,634.97,44.39,310.73,324.24,,0.0,634.97,0.0,634.97,0.0,0.0,-7,-310.73,,RA,0.0
TXN-00133,2025-02-20,SALE,INV-2502-0178,Thika Road Hardware & Agrovet Ltd,Thika Town,M-Pesa Till,Farmer,CUS-1105,,Building Materials,Hollow Block 6in,11,96.8,0.0,1064.8,1064.8,56.14,617.54,447.26,,0.0,1064.8,0.0,1064.8,0.0,0.0,-11,-617.54,,SK,0.0
TXN-00134,2025-02-20,SALE,INV-2502-0180,Thika Road Hardware & Agrovet Ltd,Juja,Phone Order,Farmer,CUS-1079,,Building Materials,Iron Sheet 3m Gauge30,9,1136.57,0.0,10229.13,10229.13,779.69,7017.21,3211.92,,0.0,10229.13,0.0,10229.13,0.0,0.0,-9,-7017.21,,JB,0.0
TXN-00135,2025-02-21,SALE,INV-2502-0182,Thika Road Hardware & Agrovet Ltd,Juja,Phone Order,Contractor,CUS-1060,,Paints,Wood Varnish 1L,2,639.0,0.0,1278.0,1278.0,378.16,756.32,521.68,,0.0,1278.0,0.0,1278.0,0.0,0.0,-2,-756.32,,TK,0.0
TXN-00136,2025-02-21,SALE,INV-2502-0184,Thika Road Hardware & Agrovet Ltd,Thika Town,Delivery,Reseller,CUS-1109,,Hardware Tools,Measuring Tape 5m,3,414.68,0.02,1244.04,1219.16,216.29,648.87,570.29,,0.0,1219.16,0.0,1219.16,0.0,0.0,-3,-648.87,,SK,0.0
TXN-00137,2025-02-21,CUSTOMER_PAYMENT,RCPT-2502-2674,Thika Road Hardware & Agrovet Ltd,Juja,Collections,Wholesale,CUS-1125,,,,0,0.0,0.0,0.0,0.0,0.0,0.0,0.0,Customer Collection,0.0,1602.6,0.0,1602.6,1602.6,0.0,0,0.0,M-PESA,JB,0.0
TXN-00138,22/02/2025,SALE,INV-2502-0186,Thika Road Hardware & Agrovet Ltd,Juja,M-Pesa Till,Retail,CUS-1174,,Agro Inputs,Pesticide 1L,5,1060.62,0.0,5303.1,5303.1,608.09,3040.45,2262.65,,0.0,5303.1,0.0,5303.1,0.0,0.0,-5,-3040.45,,SK,0.0
TXN-00139,2025-02-22,SALE,INV-2502-0188,Thika Road Hardware & Agrovet Ltd,Juja,Phone Order,Retail,CUS-1124,,Paints,Emulsion Paint 4L,4,2387.29,0.01,9549.16,9453.67,1379.61,5518.44,3935.23,,0.0,9453.67,0.0,9453.67,0.0,0.0,-4,-5518.44,,MN,0.0
TXN-00140,2025-02-23,SALE,INV-2502-0190,Thika Road Hardware & Agrovet Ltd,Thika Town,M-Pesa Till,Reseller,CUS-1218,,Agro Inputs,Pesticide 1L,7,1116.87,0.02,7818.09,7661.73,617.34,4321.38,3340.35,,0.0,7661.73,0.0,7661.73,0.0,0.0,-7,-4321.38,,RA,0.0
TXN-00141,2025-02-23,SALE,INV-2502-0192,Thika Road Hardware & Agrovet Ltd,Thika Town,Counter,Retail,CUS-1206,,Plumbing,PVC Tee 20mm,6,91.56,0.0,549.36,549.36,44.77,268.62,280.74,,0.0,549.36,0.0,549.36,0.0,0.0,-6,-268.62,,MN,0.0
TXN-00142,2025-02-23,SALE,INV-2502-0194,Thika Road Hardware & Agrovet Ltd,Juja,Counter,Retail,CUS-1208,,Building Materials,Cement 50kg,16,981.73,0.01,15707.68,15550.6,649.0,10384.0,5166.6,,0.0,15550.6,0.0,15550.6,0.0,0.0,-16,-10384.0,,RA,0.0
TXN-00143,2025-02-23,SALE,INV-2502-0196,Thika Road Hardware & Agrovet Ltd,Juja,Online Order,Retail,CUS-1058,,Agro Inputs,DAP Fertilizer 50kg,8,5170.5,0.0,41364.0,41364.0,3447.21,27577.68,13786.32,,0.0,41364.0,0.0,41364.0,0.0,0.0,-8,-27577.68,,SK,0.0
TXN-00144,2025-02-23,EXPENSE,EXP-2502-2491,Thika Road Hardware & Agrovet Ltd,Thika Town,Back Office,,,,,,0,0.0,0.0,0.0,0.0,0.0,0.0,0.0,Staff Salaries,38031.31,0.0,38031.31,0.0,0.0,0.0,0,0.0,Bank Transfer,MN,0.0
TXN-00145,2025-02-24,SALE,INV-2502-0198,Thika Road Hardware & Agrovet Ltd,Juja,Phone Order,Retail,CUS-1212,,Building Materials,Cement 50kg,9,964.12,0.0,8677.08,8677.08,641.04,5769.36,2907.72,,0.0,8677.08,0.0,8677.08,0.0,0.0,-9,-5769.36,,RA,0.0
TXN-00146,2025-02-24,SALE,INV-2502-0200,Thika Road Hardware & Agrovet Ltd,Juja,M-Pesa Till,Retail,CUS-1083,,Agro Inputs,Pesticide 1L,5,1111.71,0.0,5558.55,5558.55,607.73,3038.65,2519.9,,0.0,5558.55,0.0,5558.55,0.0,0.0,-5,-3038.65,,SK,0.0
TXN-00147,2025-02-24,SALE,INV-2502-0202,Thika Road Hardware & Agrovet Ltd,Thika Town,Phone Order,Farmer,CUS-1045,,Building Materials,Iron Sheet 3m Gauge30,6,1188.6,0.01,7131.6,7060.28,767.87,4607.22,2453.06,,0.0,7060.28,0.0,7060.28,0.0,0.0,-6,-4607.22,,SK,0.0
TXN-00148,2025-02-24,SALE,INV-2502-0204,Thika Road Hardware & Agrovet Ltd,Juja,Online Order,Farmer,CUS-1041,,Paints,Paint Brush 4in,2,201.42,0.0,402.84,402.84,95.38,190.76,212.08,,0.0,402.84,0.0,402.84,0.0,0.0,-2,-190.76,,TK,0.0
TXN-00149,2025-02-24,SALE,INV-2502-0206,Thika Road Hardware & Agrovet Ltd,Thika Town,Phone Order,Retail,CUS-1216,,Electrical,Electrical Cable 2.5mm (roll),2,4973.54,0.0,9947.08,9947.08,3283.74,6567.48,3379.6,,0.0,9947.08,0.0,9947.08,0.0,0.0,-2,-6567.48,,JB,0.0
TXN-00150,2025-02-24,SALE,INV-2502-0208,Thika Road Hardware & Agrovet Ltd,Thika Town,Phone Order,Wholesale,CUS-1021,,Electrical,Electrical Cable 2.5mm (roll),8,5009.87,0.0,40078.96,40078.96,3165.66,25325.28,14753.68,,0.0,40078.96,0.0,40078.96,0.0,0.0,-8,-25325.28,,MN,0.0
TXN-00151,2025-02-24,CUSTOMER_PAYMENT,RCPT-2502-2667,Thika Road Hardware & Agrovet Ltd,Juja,Collections,Contractor,CUS-1171,,,,0,0.0,0.0,0.0,0.0,0.0,0.0,0.0,Customer Collection,0.0,4948.37,0.0,4948.37,4948.37,0.0,0,0.0,MPESA ,TK,0.0
TXN-00152,2025-02-25,SALE,INV-2502-0210,Thika Road Hardware & Agrovet Ltd,Juja,M-Pesa Till,Wholesale,CUS-1176,,Agro Inputs,Pesticide 1L,5,1034.01,0.0,5170.05,5170.05,615.5,3077.5,2092.55,,0.0,3473.75,0.0,3473.75,1696.3,0.0,-5,-3077.5,,JB,0.0
TXN-00153,2025-02-25,SALE,INV-2502-0212,Thika Road Hardware & Agrovet Ltd,Thika Town,Phone Order,Wholesale,CUS-1087,,Agro Inputs,DAP Fertilizer 50kg,6,4618.19,0.0,27709.14,27709.14,3440.67,20644.02,7065.12,,0.0,27709.14,0.0,27709.14,0.0,0.0,-6,-20644.02,,SK,0.0
TXN-00154,2025-02-25,SUPPLIER_PAYMENT,SP-2502-2493,Thika Road Hardware & Agrovet Ltd,Thika Town,Supplier,,,Nairobi Paints Wholesale,,,0,0.0,0.0,0.0,0.0,0.0,0.0,0.0,Supplier Payment,0.0,0.0,51949.76,0.0,0.0,-51949.76,0,0.0,Bank Transfer,TK,0.0
TXN-00155,2025-02-26,SALE,INV-2502-0214,Thika Road Hardware & Agrovet Ltd,Juja,Delivery,Wholesale,CUS-1186,,Agro Inputs,Pesticide 1L,2,1028.77,0.0,2057.54,2057.54,634.49,1268.98,788.56,,0.0,1048.23,0.0,1048.23,1009.31,0.0,-2,-1268.98,,TK,0.0
TXN-00156,2025-02-26,SALE,INV-2502-0216,Thika Road Hardware & Agrovet Ltd,Thika Town,M-Pesa Till,Retail,CUS-1206,,Agro Inputs,DAP Fertilizer 50kg,2,5054.2,0.0,10108.4,10108.4,3481.04,6962.08,3146.32,,0.0,10108.4,0.0,10108.4,0.0,0.0,-2,-6962.08,,JB,0.0
TXN-00157,2025-02-26,SALE,INV-2502-0218,Thika Road Hardware & Agrovet Ltd,Juja,M-Pesa Till,Contractor,CUS-1164,,Agro Inputs,Maize Seed 2kg Pack,2,757.35,0.0,1514.7,1514.7,476.12,952.24,562.46,,0.0,1514.7,0.0,1514.7,0.0,0.0,-2,-952.24,,TK,0.0
TXN-00158,2025-02-26,SALE,INV-2502-0220,Thika Road Hardware & Agrovet Ltd,Thika Town,Delivery,Reseller,CUS-1173,,Paints,Paint Brush 4in,7,220.69,0.0,1544.83,1544.83,96.6,676.2,868.63,,0.0,1544.83,0.0,1544.83,0.0,0.0,-7,-676.2,,MN,0.0
TXN-00159,2025-02-26,CUSTOMER_PAYMENT,RCPT-2502-2668,Thika Road Hardware & Agrovet Ltd,Juja,Collections,Contractor,CUS-1134,,,,0,0.0,0.0,0.0,0.0,0.0,0.0,0.0,Customer Collection,0.0,13236.58,0.0,13236.58,13236.58,0.0,0,0.0,M-PESA,PW,0.0
TXN-00160,2025-02-27,SALE,INV-2502-0222,Thika Road Hardware & Agrovet Ltd,Thika Town,Online Order,Retail,CUS-1174,,Building Materials,Hollow Block 6in,9,98.93,0.0,890.37,890.37,56.42,507.78,382.59,,0.0,890.37,0.0,890.37,0.0,0.0,-9,-507.78,,SK,0.0
TXN-00161,2025-02-27,STOCK_ADJUSTMENT,ADJ-2502-2495,Thika Road Hardware & Agrovet Ltd,Thika Town,Stock Count,,,,Building Materials,Cement 50kg,2,0.0,0.0,0.0,0.0,0.0,0.0,0.0,Stock Adjustment,0.0,0.0,0.0,0.0,0.0,0.0,2,1280.0,Manual count variance,RA,0.0
TXN-00162,2025-02-28,SALE,INV-2502-0224,Thika Road Hardware & Agrovet Ltd,Juja,Online Order,Farmer,CUS-1104,,Electrical,Socket Outlet,6,368.98,0.0,2213.88,2213.88,180.11,1080.66,1133.22,,0.0,2213.88,0.0,2213.88,0.0,0.0,-6,-1080.66,,PW,0.0
TXN-00163,2025-02-28,SALE,INV-2502-0226,Thika Road Hardware & Agrovet Ltd,Thika Town,Delivery,Retail,CUS-1084,,Agro Inputs,CAN Fertilizer 50kg,5,4767.48,0.02,23837.4,23360.65,3084.7,15423.5,7937.15,,0.0,23360.65,0.0,23360.65,0.0,0.0,-5,-15423.5,,MN,0.0
TXN-00164,2025-03-01,SUPPLIER_PAYMENT,SP-2503-2502,Thika Road Hardware & Agrovet Ltd,Juja,Supplier,,,Bamburi Cement Depot,,,0,0.0,0.0,0.0,0.0,0.0,0.0,0.0,Supplier Payment,0.0,0.0,59344.64,0.0,0.0,-59344.64,0,0.0,M-PESA,PW,0.0
TXN-00165,2025-03-02,SALE,INV-2503-0228,Thika Road Hardware & Agrovet Ltd,Thika Town,M-Pesa Till,Wholesale,CUS-1144,,Plumbing,PVC Tee 20mm,3,97.36,0.0,292.08,292.08,44.6,133.8,158.28,,0.0,292.08,0.0,292.08,0.0,0.0,-3,-133.8,,TK,0.0
TXN-00166,2025-03-02,SALE,INV-2503-0230,Thika Road Hardware & Agrovet Ltd,Thika Town,Online Order,Retail,CUS-1076,,Building Materials,River Sand (ton),11,1943.24,0.0,21375.64,21375.64,1199.79,13197.69,8177.95,,0.0,21375.64,0.0,21375.64,0.0,0.0,-11,-13197.69,,JB,0.0
TXN-00167,2025-03-03,SALE,INV-2503-0232,Thika Road Hardware & Agrovet Ltd,Thika Town,Delivery,Wholesale,CUS-1056,,Electrical,LED Bulb 12W,5,326.02,0.0,1630.1,1630.1,153.64,768.2,861.9,,0.0,759.05,0.0,759.05,871.05,0.0,-5,-768.2,,RA,0.0
TXN-00168,2025-03-05,SALE,INV-2503-0234,Thika Road Hardware & Agrovet Ltd,Thika Town,Delivery,Reseller,CUS-1005,,Building Materials,Cement 50kg,10,1052.47,0.0,10524.7,10524.7,647.54,6475.4,4049.3,,0.0,10524.7,0.0,10524.7,0.0,0.0,-10,-6475.4,,JB,0.0
TXN-00169,2025-03-05,CUSTOMER_PAYMENT,RCPT-2503-2672,Thika Road Hardware & Agrovet Ltd,Juja,Collections,Wholesale,CUS-1009,,,,0,0.0,0.0,0.0,0.0,0.0,0.0,0.0,Customer Collection,0.0,6491.73,0.0,6491.73,6491.73,0.0,0,0.0,M-PESA,SK,0.0
TXN-00170,2025-03-06,SALE,INV-2503-0236,Thika Road Hardware & Agrovet Ltd,Juja,Online Order,Retail,CUS-1098,,Plumbing,Gate Valve 1in,1,585.24,0.0,585.24,585.24,327.81,327.81,257.43,,0.0,585.24,0.0,585.24,0.0,0.0,-1,-327.81,,PW,0.0
TXN-00171,2025-03-06,SALE,INV-2503-0238,Thika Road Hardware & Agrovet Ltd,Juja,Phone Order,Reseller,CUS-1031,,Plumbing,PVC Tee 20mm,2,99.07,0.02,198.14,194.18,46.17,92.34,101.84,,0.0,194.18,0.0,194.18,0.0,0.0,-2,-92.34,,RA,0.0
TXN-00172,2025-03-06,SALE,INV-2503-0240,Thika Road Hardware & Agrovet Ltd,Juja,Online Order,Contractor,CUS-1019,,Building Materials,Cement 50kg,4,945.72,0.0,3782.88,3782.88,658.87,2635.48,1147.4,,0.0,1007.27,0.0,1007.27,2775.61,0.0,-4,-2635.48,,RA,0.0
TXN-00173,2025-03-07,SALE,INV-2503-0242,Thika Road Hardware & Agrovet Ltd,Juja,Delivery,Farmer,CUS-1138,,Agro Inputs,Maize Seed 2kg Pack,1,816.61,0.0,816.61,816.61,482.93,482.93,333.68,,0.0,816.61,0.0,816.61,0.0,0.0,-1,-482.93,,SK,0.0
TXN-00174,2025-03-07,SALE,INV-2503-0244,Thika Road Hardware & Agrovet Ltd,Thika Town,Counter,Retail,CUS-1102,,Paints,Emulsion Paint 4L,2,2271.13,0.01,4542.26,4496.84,1390.25,2780.5,1716.34,,0.0,4496.84,0.0,4496.84,0.0,0.0,-2,-2780.5,,RA,0.0
TXN-00175,2025-03-07,CUSTOMER_PAYMENT,RCPT-2503-2671,Thika Road Hardware & Agrovet Ltd,Juja,Collections,Contractor,CUS-1121,,,,0,0.0,0.0,0.0,0.0,0.0,0.0,0.0,Customer Collection,0.0,700.83,0.0,700.83,700.83,0.0,0,0.0,M-PESA,RA,0.0
TXN-00176,2025-03-08,SALE,INV-2503-0246,Thika Road Hardware & Agrovet Ltd,Juja,,Farmer,CUS-1072,,Agro Inputs,DAP Fertilizer 50kg,6,5027.58,0.02,30165.48,29562.17,3345.22,20071.32,9490.85,,0.0,29562.17,0.0,29562.17,0.0,0.0,-6,-20071.32,,MN,0.0
TXN-00177,2025-03-08,SALE,INV-2503-0248,Thika Road Hardware & Agrovet Ltd,Thika Town,Phone Order,Farmer,CUS-1151,,Building Materials,River Sand (ton),11,1953.87,0.0,21492.57,21492.57,1210.13,13311.43,8181.14,,0.0,21492.57,0.0,21492.57,0.0,0.0,-11,-13311.43,,SK,0.0
TXN-00178,2025-03-08,SALE,INV-2503-0250,Thika Road Hardware & Agrovet Ltd,Juja,Delivery,Contractor,CUS-1134,,Electrical,Electrical Cable 2.5mm (roll),4,5109.94,0.0,20439.76,20439.76,3246.97,12987.88,7451.88,,0.0,20439.76,0.0,20439.76,0.0,0.0,-4,-12987.88,,TK,0.0
TXN-00179,2025-03-09,SALE,INV-2503-0252,Thika Road Hardware & Agrovet Ltd,Juja,Phone Order,Contractor,CUS-1089,,Paints,Gloss Paint 4L,1,2779.04,0.0,2779.04,2779.04,1753.58,1753.58,1025.46,,0.0,2779.04,0.0,2779.04,0.0,0.0,-1,-1753.58,,JB,0.0
TXN-00180,2025-03-09,PURCHASE,GRN-2503-0253,Thika Road Hardware & Agrovet Ltd,Juja,Supplier,,,Thika Building Suppliers Ltd,Plumbing,Water Tank 1000L,152,8264.0,0.0,0.0,0.0,8264.0,1256128.0,0.0,Purchase,0.0,0.0,1256128.0,0.0,0.0,0.0,152,1256128.0,,RA,0.0
TXN-00181,2025-03-09,SALE,INV-2503-0254,Thika Road Hardware & Agrovet Ltd,Juja,Delivery,,CUS-1204,,Plumbing,Water Tank 1000L,1,12562.66,0.0,12562.66,12562.66,8282.82,8282.82,4279.84,,0.0,12562.66,0.0,12562.66,0.0,0.0,-1,-8282.82,,PW,0.0
TXN-00182,2025-03-10,SALE,INV-2503-0256,Thika Road Hardware & Agrovet Ltd,Juja,Online Order,Farmer,CUS-1105,,Plumbing,PVC Pipe 20mm 3m,6,403.96,0.0,2423.76,2423.76,210.72,1264.32,1159.44,,0.0,2423.76,0.0,2423.76,0.0,0.0,-6,-1264.32,,TK,0.0
TXN-00183,2025-03-11,SALE,INV-2503-0258,Thika Road Hardware & Agrovet Ltd,Thika Town,Delivery,Retail,CUS-1047,,Building Materials,River Sand (ton),11,1760.18,0.0,19361.98,19361.98,1201.92,13221.12,6140.86,,0.0,19361.98,0.0,19361.98,0.0,0.0,-11,-13221.12,,TK,0.0
TXN-00184,2025-03-11,SALE,INV-2503-0260,Thika Road Hardware & Agrovet Ltd,Thika Town,Phone Order,Wholesale,CUS-1125,,Building Materials,Hollow Block 6in,6,89.28,0.03,535.68,519.61,54.36,326.16,193.45,,0.0,519.61,0.0,519.61,0.0,0.0,-6,-326.16,,SK,0.0
TXN-00185,11/03/2025,SALE,INV-2503-0262,Thika Road Hardware & Agrovet Ltd,Thika Town,Delivery,Farmer,CUS-1167,,Paints,Paint Brush 4in,3,202.37,0.02,607.11,594.97,95.48,286.44,308.53,,0.0,594.97,0.0,594.97,0.0,0.0,-3,-286.44,,SK,0.0
TXN-00186,2025-03-12,SALE,INV-2503-0264,Thika Road Hardware & Agrovet Ltd,Juja,M-Pesa Till,Retail,CUS-1049,,Hardware Tools,Measuring Tape 5m,7,396.1,0.0,2772.7,2772.7,208.56,1459.92,1312.78,,0.0,2772.7,0.0,2772.7,0.0,0.0,-7,-1459.92,,RA,0.0
TXN-00187,2025-03-12,SALE,INV-2503-0266,Thika Road Hardware & Agrovet Ltd,Thika Town,Phone Order,Farmer,CUS-1115,,Hardware Tools,Measuring Tape 5m,1,414.47,0.02,414.47,406.18,215.6,215.6,190.58,,0.0,406.18,0.0,406.18,0.0,0.0,-1,-215.6,,SK,0.0
TXN-00188,2025-03-12,SALE,INV-2503-0268,Thika Road Hardware & Agrovet Ltd,Juja,Delivery,Contractor,CUS-1066,,Agro Inputs,Maize Seed 2kg Pack,2,772.5,0.05,1545.0,1467.75,494.04,988.08,479.67,,0.0,1467.75,0.0,1467.75,0.0,0.0,-2,-988.08,,JB,0.0
TXN-00189,2025-03-12,SALE,INV-2503-0270,Thika Road Hardware & Agrovet Ltd,Juja,Delivery,Contractor,CUS-1120,,Paints,Emulsion Paint 4L,6,2389.91,0.0,14339.46,14339.46,1416.57,8499.42,5840.04,,0.0,14339.46,0.0,14339.46,0.0,0.0,-6,-8499.42,,RA,0.0
TXN-00190,2025-03-13,SALE,INV-2503-0272,Thika Road Hardware & Agrovet Ltd,Thika Town,Phone Order,Retail,CUS-1027,,Paints,Emulsion Paint 4L,5,2276.9,0.02,11384.5,11156.81,1403.24,7016.2,4140.61,,0.0,11156.81,0.0,11156.81,0.0,0.0,-5,-7016.2,,PW,0.0
TXN-00191,2025-03-14,SALE,INV-2503-0274,Thika Road Hardware & Agrovet Ltd,Juja,Phone Order,Retail,CUS-1004,,Plumbing,Water Tank 1000L,2,12280.06,0.0,24560.12,24560.12,8304.91,16609.82,7950.3,,0.0,24560.12,0.0,24560.12,0.0,0.0,-2,-16609.82,,RA,0.0
TXN-00192,2025-03-14,SALE,INV-2503-0276,Thika Road Hardware & Agrovet Ltd,Juja,Delivery,Retail,CUS-1127,,Building Materials,Cement 50kg,23,933.2,0.01,21463.6,21248.96,632.17,14539.91,6709.05,,0.0,21248.96,0.0,21248.96,0.0,0.0,-23,-14539.91,,MN,0.0
TXN-00193,2025-03-14,EXPENSE,EXP-2503-2498,Thika Road Hardware & Agrovet Ltd,Thika Town,Back Office,,,,,,0,0.0,0.0,0.0,0.0,0.0,0.0,0.0,Staff Salaries,44083.14,0.0,44083.14,0.0,0.0,0.0,0,0.0,Bank Transfer,MN,0.0
TXN-00194,2025-03-15,SALE,INV-2503-0278,Thika Road Hardware & Agrovet Ltd,Juja,Counter,Retail,CUS-1015,,Paints,Emulsion Paint 4L,4,2463.4,0.02,9853.6,9656.53,1372.77,5491.08,4165.45,,0.0,9656.53,0.0,9656.53,0.0,0.0,-4,-5491.08,,TK,0.0
TXN-00195,2025-03-15,SALE,INV-2503-0280,Thika Road Hardware & Agrovet Ltd,Juja,Online Order,Wholesale,CUS-1033,,Plumbing,Water Tank 1000L,6,12097.13,0.0,72582.78,72582.78,8333.17,49999.02,22583.76,,0.0,72582.78,0.0,72582.78,0.0,0.0,-6,-49999.02,,JB,0.0
TXN-00196,2025-03-15,SALE,INV-2503-0282,Thika Road Hardware & Agrovet Ltd,Thika Town,Phone Order,Farmer,CUS-1104,,Paints,Emulsion Paint 4L,8,2328.82,0.0,18630.56,18630.56,1375.22,11001.76,7628.8,,0.0,18630.56,0.0,18630.56,0.0,0.0,-8,-11001.76,,SK,0.0
TXN-00197,2025-03-15,SALE,INV-2503-0284,Thika Road Hardware & Agrovet Ltd,Thika Town,Delivery,Wholesale,CUS-1096,,Building Materials,Hollow Block 6in,8,95.14,0.0,761.12,761.12,56.04,448.32,312.8,,0.0,761.12,0.0,761.12,0.0,0.0,-8,-448.32,,PW,0.0
TXN-00198,2025-03-15,EXPENSE,EXP-2503-2496,Thika Road Hardware & Agrovet Ltd,Juja,Back Office,,,,,,0,0.0,0.0,0.0,0.0,0.0,0.0,0.0,Rent,29522.37,0.0,29522.37,0.0,0.0,0.0,0,0.0,M-pesa,JB,0.0
TXN-00199,2025-03-15,EXPENSE,EXP-2503-2499,Thika Road Hardware & Agrovet Ltd,Thika Town,Back Office,,,,,,0,0.0,0.0,0.0,0.0,0.0,0.0,0.0,Transport,8139.71,0.0,8139.71,0.0,0.0,0.0,0,0.0,Bank Transfer,RA,0.0
TXN-00200,2025-03-15,STOCK_ADJUSTMENT,ADJ-2503-2505,Thika Road Hardware & Agrovet Ltd,Thika Town,Stock Count,,,,Agro Inputs,DAP Fertilizer 50kg,-5,0.0,0.0,0.0,0.0,0.0,0.0,0.0,Stock Adjustment,0.0,0.0,0.0,0.0,0.0,0.0,-5,-17000.0,Manual count variance,JB,0.0
TXN-00201,2025-03-16,SALE,INV-2503-0286,Thika Road Hardware & Agrovet Ltd,Thika Town,M-Pesa Till,Contractor,CUS-1132,,Plumbing,PVC Pipe 20mm 3m,5,370.77,0.0,1853.85,1853.85,208.15,1040.75,813.1,,0.0,1853.85,0.0,1853.85,0.0,0.0,-5,-1040.75,,PW,0.0
TXN-00202,2025-03-16,SALE,INV-2503-0288,Thika Road Hardware & Agrovet Ltd,Thika Town,Online Order,Retail,CUS-1203,,Agro Inputs,DAP Fertilizer 50kg,5,4722.74,0.02,23613.7,23141.43,3335.04,16675.2,6466.23,,0.0,23141.43,0.0,23141.43,0.0,0.0,-5,-16675.2,,TK,0.0
TXN-00203,2025-03-16,SALE,INV-2503-0290,Thika Road Hardware & Agrovet Ltd,Thika Town,M-Pesa Till,Farmer,CUS-1167,,Building Materials,Iron Sheet 3m Gauge30,21,1257.13,0.02,26399.73,25871.74,802.26,16847.46,9024.28,,0.0,25871.74,0.0,25871.74,0.0,0.0,-21,-16847.46,,RA,0.0
TXN-00204,2025-03-17,SALE,INV-2503-0292,Thika Road Hardware & Agrovet Ltd,Juja,,Retail,CUS-1135,,Agro Inputs,DAP Fertilizer 50kg,1,4982.73,0.0,4982.73,4982.73,3429.21,3429.21,1553.52,,0.0,4982.73,0.0,4982.73,0.0,0.0,-1,-3429.21,,TK,0.0
TXN-00205,2025-03-17,SALE,INV-2503-0294,Thika Road Hardware & Agrovet Ltd,Juja,Phone Order,Retail,CUS-1160,,Building Materials,Hollow Block 6in,17,97.6,0.0,1659.2,1659.2,55.3,940.1,719.1,,0.0,1659.2,0.0,1659.2,0.0,0.0,-17,-940.1,,JB,0.0
TXN-00206,2025-03-17,SALE,INV-2503-0296,Thika Road Hardware & Agrovet Ltd,Juja,Delivery,Wholesale,CUS-1081,,Electrical,Circuit Breaker 20A,1,711.65,0.0,711.65,711.65,421.34,421.34,290.31,,0.0,711.65,0.0,711.65,0.0,0.0,-1,-421.34,,PW,0.0
TXN-00207,2025-03-18,SALE,INV-2503-0298,Thika Road Hardware & Agrovet Ltd,Thika Town,Online Order,Retail,CUS-1083,,Agro Inputs,DAP Fertilizer 50kg,6,5131.78,0.0,30790.68,30790.68,3437.17,20623.02,10167.66,,0.0,30790.68,0.0,30790.68,0.0,0.0,-6,-20623.02,,PW,0.0
TXN-00208,2025-03-18,SUPPLIER_PAYMENT,SP-2503-2503,Thika Road Hardware & Agrovet Ltd,Juja,Supplier,,,Thika Building Suppliers Ltd,,,0,0.0,0.0,0.0,0.0,0.0,0.0,0.0,Supplier Payment,0.0,0.0,20714.1,0.0,0.0,-20714.1,0,0.0,Bank Transfer,RA,0.0
TXN-00209,2025-03-19,SALE,INV-2503-0300,Thika Road Hardware & Agrovet Ltd,Juja,Phone Order,Retail,CUS-1217,,Electrical,Socket Outlet,6,331.79,0.0,1990.74,1990.74,182.47,1094.82,895.92,,0.0,1990.74,0.0,1990.74,0.0,0.0,-6,-1094.82,,MN,0.0
TXN-00210,2025-03-19,SALE,INV-2503-0302,Thika Road Hardware & Agrovet Ltd,Thika Town,Online Order,Wholesale,CUS-1165,,Plumbing,PVC Pipe 20mm 3m,7,372.72,0.0,2609.04,2609.04,214.68,1502.76,1106.28,,0.0,2609.04,0.0,2609.04,0.0,0.0,-7,-1502.76,,PW,0.0
TXN-00211,2025-03-20,SALE,INV-2503-0304,Thika Road Hardware & Agrovet Ltd,Thika Town,Delivery,Contractor,CUS-1143,,Hardware Tools,Wheelbarrow,3,6377.16,0.02,19131.48,18748.85,4218.75,12656.25,6092.6,,0.0,5181.15,0.0,5181.15,13567.7,0.0,-3,-12656.25,,PW,0.0
TXN-00212,2025-03-20,SALE,INV-2503-0306,Thika Road Hardware & Agrovet Ltd,Thika Town,Phone Order,Farmer,CUS-1030,,Paints,Gloss Paint 4L,4,2912.22,0.0,11648.88,11648.88,1760.66,7042.64,4606.24,,0.0,11648.88,0.0,11648.88,0.0,0.0,-4,-7042.64,,SK,0.0
TXN-00213,2025-03-21,SALE,INV-2503-0308,Thika Road Hardware & Agrovet Ltd,Thika Town,Phone Order,Farmer,CUS-1082,,Plumbing,PVC Pipe 20mm 3m,3,390.69,0.0,1172.07,1172.07,205.94,617.82,554.25,,0.0,1172.07,0.0,1172.07,0.0,0.0,-3,-617.82,,SK,0.0
TXN-00214,2025-03-21,SALE,INV-2503-0310,Thika Road Hardware & Agrovet Ltd,Thika Town,Counter,Farmer,CUS-1178,,Paints,Emulsion Paint 4L,7,2334.34,0.0,16340.38,16340.38,1413.55,9894.85,6445.53,,0.0,16340.38,0.0,16340.38,0.0,0.0,-7,-9894.85,,TK,0.0
TXN-00215,2025-03-22,SALE,INV-2503-0312,Thika Road Hardware & Agrovet Ltd,Thika Town,Delivery,Wholesale,CUS-1092,,Paints,Paint Brush 4in,7,198.87,0.01,1392.09,1378.17,97.58,683.06,695.11,,0.0,690.03,0.0,690.03,688.14,0.0,-7,-683.06,,JB,0.0
TXN-00216,2025-03-22,SALE,INV-2503-0314,Thika Road Hardware & Agrovet Ltd,Thika Town,M-Pesa Till,Retail,CUS-1139,,Agro Inputs,CAN Fertilizer 50kg,5,4738.25,0.05,23691.25,22506.69,3044.56,15222.8,7283.89,,0.0,22506.69,0.0,22506.69,0.0,0.0,-5,-15222.8,,JB,0.0
TXN-00217,2025-03-22,SALE,INV-2503-0316,Thika Road Hardware & Agrovet Ltd,Thika Town,Online Order,Retail,CUS-1073,,Building Materials,Hollow Block 6in,20,99.26,0.0,1985.2,1985.2,55.14,1102.8,882.4,,0.0,1985.2,0.0,1985.2,0.0,0.0,-20,-1102.8,,TK,0.0
TXN-00218,2025-03-22,EXPENSE,EXP-2503-2501,Thika Road Hardware & Agrovet Ltd,Thika Town,Back Office,,,,,,0,0.0,0.0,0.0,0.0,0.0,0.0,0.0,Rent,22189.55,0.0,22189.55,0.0,0.0,0.0,0,0.0,Bank Transfer,SK,0.0
TXN-00219,2025-03-22,CUSTOMER_PAYMENT,RCPT-2503-2677,Thika Road Hardware & Agrovet Ltd,Thika Town,Collections,Wholesale,CUS-1056,,,,0,0.0,0.0,0.0,0.0,0.0,0.0,0.0,Customer Collection,0.0,637.64,0.0,637.64,637.64,0.0,0,0.0,M-PESA,MN,0.0
TXN-00220,2025-03-23,SALE,INV-2503-0318,Thika Road Hardware & Agrovet Ltd,Juja,Online Order,,CUS-1215,,Plumbing,PVC Tee 20mm,2,93.12,0.0,186.24,186.24,44.22,88.44,97.8,,0.0,186.24,0.0,186.24,0.0,0.0,-2,-88.44,,JB,0.0
TXN-00221,2025-03-23,SALE,INV-2503-0320,Thika Road Hardware & Agrovet Ltd,Juja,Phone Order,Contractor,CUS-1019,,Plumbing,PVC Tee 20mm,1,92.51,0.03,92.51,89.73,45.23,45.23,44.5,,0.0,89.73,0.0,89.73,0.0,0.0,-1,-45.23,,JB,0.0
TXN-00222,2025-03-23,SUPPLIER_PAYMENT,SP-2503-2504,Thika Road Hardware & Agrovet Ltd,Juja,Supplier,,,Bamburi Cement Depot,,,0,0.0,0.0,0.0,0.0,0.0,0.0,0.0,Supplier Payment,0.0,0.0,21262.41,0.0,0.0,-21262.41,0,0.0,Bank Transfer,PW,0.0
TXN-00223,2025-03-24,SALE,INV-2503-0322,Thika Road Hardware & Agrovet Ltd,Thika Town,M-Pesa Till,Retail,CUS-1098,,Agro Inputs,Maize Seed 2kg Pack,2,756.52,0.02,1513.04,1482.78,479.76,959.52,523.26,,0.0,1482.78,0.0,1482.78,0.0,0.0,-2,-959.52,,JB,0.0
TXN-00224,2025-03-24,SALE,INV-2503-0324,Thika Road Hardware & Agrovet Ltd,Thika Town,Counter,Contractor,CUS-1066,,Building Materials,Iron Sheet 3m Gauge30,17,1114.51,0.0,18946.67,18946.67,772.21,13127.57,5819.1,,0.0,18946.67,0.0,18946.67,0.0,0.0,-17,-13127.57,,TK,0.0
TXN-00225,2025-03-25,SALE,INV-2503-0326,Thika Road Hardware & Agrovet Ltd,Thika Town,Online Order,Contractor,CUS-1078,,Building Materials,Hollow Block 6in,13,91.61,0.0,1190.93,1190.93,55.18,717.34,473.59,,0.0,1190.93,0.0,1190.93,0.0,0.0,-13,-717.34,,PW,0.0
TXN-00226,2025-03-25,SALE,INV-2503-0328,Thika Road Hardware & Agrovet Ltd,Juja,Counter,Retail,CUS-1198,,Building Materials,Hollow Block 6in,2,91.54,0.0,183.08,183.08,55.26,110.52,72.56,,0.0,183.08,0.0,183.08,0.0,0.0,-2,-110.52,,JB,0.0
TXN-00227,2025-03-25,SALE,INV-2503-0330,Thika Road Hardware & Agrovet Ltd,Thika Town,Delivery,Retail,CUS-1028,,Electrical,LED Bulb 12W,3,323.64,0.03,970.92,941.79,151.55,454.65,487.14,,0.0,941.79,0.0,941.79,0.0,0.0,-3,-454.65,,SK,0.0
TXN-00228,2025-03-26,SALE,INV-2503-0332,Thika Road Hardware & Agrovet Ltd,Juja,Counter,Retail,CUS-1075,,Hardware Tools,Spade,4,893.87,0.0,3575.48,3575.48,523.46,2093.84,1481.64,,0.0,3575.48,0.0,3575.48,0.0,0.0,-4,-2093.84,,SK,0.0
TXN-00229,2025-03-26,EXPENSE,EXP-2503-2497,Thika Road Hardware & Agrovet Ltd,Thika Town,Back Office,,,,,,0,0.0,0.0,0.0,0.0,0.0,0.0,0.0,Utilities,6040.92,0.0,6040.92,0.0,0.0,0.0,0,0.0,M-PESA,RA,0.0
TXN-00230,2025-03-27,SALE,INV-2503-0334,Thika Road Hardware & Agrovet Ltd,Juja,Phone Order,Retail,CUS-1204,,Building Materials,Hollow Block 6in,2,90.6,0.0,181.2,181.2,54.2,108.4,72.8,,0.0,181.2,0.0,181.2,0.0,0.0,-2,-108.4,,SK,0.0
TXN-00231,2025-03-27,PURCHASE,GRN-2503-0335,Thika Road Hardware & Agrovet Ltd,Thika Town,Supplier,,,Bamburi Cement Depot,Building Materials,River Sand (ton),102,1182.52,0.0,0.0,0.0,1182.52,120617.04,0.0,Purchase,0.0,0.0,120617.04,0.0,0.0,0.0,102,120617.04,,JB,0.0
TXN-00232,2025-03-27,SALE,INV-2503-0336,Thika Road Hardware & Agrovet Ltd,Thika Town,Phone Order,Retail,CUS-1074,,Building Materials,River Sand (ton),9,1815.52,0.0,16339.68,16339.68,1177.51,10597.59,5742.09,,0.0,16339.68,0.0,16339.68,0.0,0.0,-9,-10597.59,,MN,0.0
TXN-00233,2025-03-27,SALE,INV-2503-0338,Thika Road Hardware & Agrovet Ltd,Thika Town,Delivery,Retail,CUS-1204,,Hardware Tools,Measuring Tape 5m,3,407.44,0.0,1222.32,1222.32,209.1,627.3,595.02,,0.0,1222.32,0.0,1222.32,0.0,0.0,-3,-627.3,,PW,0.0
TXN-00234,2025-03-27,SALE,INV-2503-0340,Thika Road Hardware & Agrovet Ltd,Juja,Phone Order,Farmer,CUS-1197,,Agro Inputs,Pesticide 1L,4,1056.99,0.01,4227.96,4185.68,632.6,2530.4,1655.28,,0.0,4185.68,0.0,4185.68,0.0,0.0,-4,-2530.4,,PW,0.0
TXN-00235,2025-03-28,EXPENSE,EXP-2503-2500,Thika Road Hardware & Agrovet Ltd,Juja,Back Office,,,,,,0,0.0,0.0,0.0,0.0,0.0,0.0,0.0,Repairs,5693.2,0.0,5693.2,0.0,0.0,0.0,0,0.0,M-PESA,RA,0.0
TXN-00236,2025-03-28,CUSTOMER_PAYMENT,RCPT-2503-2675,Thika Road Hardware & Agrovet Ltd,Juja,Collections,Wholesale,CUS-1176,,,,0,0.0,0.0,0.0,0.0,0.0,0.0,0.0,Customer Collection,0.0,1628.89,0.0,1628.89,1628.89,0.0,0,0.0,M-PESA,PW,0.0
TXN-00237,2025-03-29,SALE,INV-2503-0342,Thika Road Hardware & Agrovet Ltd,Thika Town,Counter,Reseller,CUS-1218,,Building Materials,Iron Sheet 3m Gauge30,23,1226.74,0.0,28215.02,28215.02,789.99,18169.77,10045.25,,0.0,28215.02,0.0,28215.02,0.0,0.0,-23,-18169.77,,RA,0.0
TXN-00238,2025-03-30,SALE,INV-2503-0344,Thika Road Hardware & Agrovet Ltd,Juja,Counter,Contractor,CUS-1132,,Agro Inputs,Pesticide 1L,7,1114.67,0.0,7802.69,7802.69,616.15,4313.05,3489.64,,0.0,7802.69,0.0,7802.69,0.0,0.0,-7,-4313.05,,TK,0.0
TXN-00239,2025-03-30,SALE,INV-2503-0346,Thika Road Hardware & Agrovet Ltd,Juja,Online Order,Farmer,CUS-1086,,Building Materials,River Sand (ton),24,1838.63,0.02,44127.12,43244.58,1192.22,28613.28,14631.3,,0.0,43244.58,0.0,43244.58,0.0,0.0,-24,-28613.28,,JB,0.0
TXN-00240,2025-03-30,SALE,INV-2503-0348,Thika Road Hardware & Agrovet Ltd,Juja,M-Pesa Till,Wholesale,CUS-1110,,Paints,Emulsion Paint 4L,6,2346.46,0.0,14078.76,14078.76,1407.19,8443.14,5635.62,,0.0,5293.12,0.0,5293.12,8785.64,0.0,-6,-8443.14,,TK,0.0
TXN-00241,2025-04-01,SALE,INV-2504-0350,Thika Road Hardware & Agrovet Ltd,Thika Town,Counter,Wholesale,CUS-1056,,Agro Inputs,CAN Fertilizer 50kg,8,4761.61,0.01,38092.88,37711.95,3187.98,25503.84,12208.11,,0.0,37711.95,0.0,37711.95,0.0,0.0,-8,-25503.84,,JB,0.0
TXN-00242,2025-04-01,SUPPLIER_PAYMENT,SP-2504-2514,Thika Road Hardware & Agrovet Ltd,Juja,Supplier,,,AgroChem Kenya Distributors,,,0,0.0,0.0,0.0,0.0,0.0,0.0,0.0,Supplier Payment,0.0,0.0,16918.35,0.0,0.0,-16918.35,0,0.0,M-PESA,PW,0.0
TXN-00243,2025-04-02,SALE,INV-2504-0352,Thika Road Hardware & Agrovet Ltd,Juja,Counter,Farmer,CUS-1180,,Building Materials,Hollow Block 6in,6,94.43,0.0,566.58,566.58,56.46,338.76,227.82,,0.0,566.58,0.0,566.58,0.0,0.0,-6,-338.76,,SK,0.0
TXN-00244,2025-04-03,SALE,INV-2504-0354,Thika Road Hardware & Agrovet Ltd,Thika Town,Phone Order,Contractor,CUS-1012,,Electrical,Electrical Cable 2.5mm (roll),3,5093.39,0.01,15280.17,15127.37,3146.8,9440.4,5686.97,,0.0,15127.37,0.0,15127.37,0.0,0.0,-3,-9440.4,,PW,0.0
TXN-00245,2025-04-03,SALE,INV-2504-0356,Thika Road Hardware & Agrovet Ltd,Thika Town,M-Pesa Till,Retail,CUS-1206,,Building Materials,Hollow Block 6in,10,98.14,0.0,981.4,981.4,54.79,547.9,433.5,,0.0,981.4,0.0,981.4,0.0,0.0,-10,-547.9,,SK,0.0
TXN-00246,2025-04-03,SALE,INV-2504-0358,Thika Road Hardware & Agrovet Ltd,Thika Town,M-Pesa Till,Wholesale,CUS-1034,,Paints,Paint Brush 4in,4,198.97,0.05,795.88,756.09,95.26,381.04,375.05,,0.0,756.09,0.0,756.09,0.0,0.0,-4,-381.04,,RA,0.0
TXN-00247,2025-04-03,SALE,INV-2504-0360,Thika Road Hardware & Agrovet Ltd,Thika Town,Phone Order,Retail,CUS-1025,,Building Materials,Iron Sheet 3m Gauge30,22,1250.97,0.03,27521.34,26695.7,776.67,17086.74,9608.96,,0.0,26695.7,0.0,26695.7,0.0,0.0,-22,-17086.74,,RA,0.0
TXN-00248,2025-04-03,SALE,INV-2504-0362,Thika Road Hardware & Agrovet Ltd,Juja,Counter,Farmer,CUS-1041,,Paints,Emulsion Paint 4L,3,2492.45,0.0,7477.35,7477.35,1421.37,4264.11,3213.24,,0.0,7477.35,0.0,7477.35,0.0,0.0,-3,-4264.11,,TK,0.0
TXN-00249,2025-04-03,EXPENSE,EXP-2504-2511,Thika Road Hardware & Agrovet Ltd,Juja,Back Office,,,,,,0,0.0,0.0,0.0,0.0,0.0,0.0,0.0,Transport,9353.91,0.0,9353.91,0.0,0.0,0.0,0,0.0,M-PESA,RA,0.0
TXN-00250,2025-04-03,CUSTOMER_PAYMENT,RCPT-2504-2676,Thika Road Hardware & Agrovet Ltd,Juja,Collections,Wholesale,CUS-1186,,,,0,0.0,0.0,0.0,0.0,0.0,0.0,0.0,Customer Collection,0.0,836.31,0.0,836.31,836.31,0.0,0,0.0,M-PESA,PW,0.0
TXN-00251,2025-04-04,SALE,INV-2504-0364,Thika Road Hardware & Agrovet Ltd,Juja,Delivery,Retail,CUS-1074,,Electrical,LED Bulb 12W,1,317.6,0.0,317.6,317.6,154.12,154.12,163.48,,0.0,317.6,0.0,317.6,0.0,0.0,-1,-154.12,,SK,0.0
TXN-00252,2025-04-04,SALE,INV-2504-0366,Thika Road Hardware & Agrovet Ltd,Juja,Counter,Retail,CUS-1070,,Building Materials,Iron Sheet 3m Gauge30,21,1165.73,0.0,24480.33,24480.33,775.98,16295.58,8184.75,,0.0,24480.33,0.0,24480.33,0.0,0.0,-21,-16295.58,,SK,0.0
TXN-00253,2025-04-04,SALE,INV-2504-0368,Thika Road Hardware & Agrovet Ltd,Thika Town,Phone Order,Retail,CUS-1084,,Building Materials,River Sand (ton),16,1784.38,0.0,28550.08,28550.08,1213.62,19417.92,9132.16,,0.0,28550.08,0.0,28550.08,0.0,0.0,-16,-19417.92,,MN,0.0
TXN-00254,2025-04-05,SALE,INV-2504-0370,Thika Road Hardware & Agrovet Ltd,Thika Town,M-Pesa Till,Reseller,CUS-1169,,Plumbing,PVC Tee 20mm,8,91.97,0.0,735.76,735.76,46.27,370.16,365.6,,0.0,735.76,0.0,735.76,0.0,0.0,-8,-370.16,,PW,0.0
TXN-00255,2025-04-05,SALE,INV-2504-0372,Thika Road Hardware & Agrovet Ltd,Thika Town,Counter,Contractor,CUS-1012,,Agro Inputs,Pesticide 1L,3,1056.27,0.0,3168.81,3168.81,638.19,1914.57,1254.24,,0.0,3168.81,0.0,3168.81,0.0,0.0,-3,-1914.57,,SK,0.0
TXN-00256,2025-04-05,EXPENSE,EXP-2504-2510,Thika Road Hardware & Agrovet Ltd,Thika Town,Back Office,,,,,,0,0.0,0.0,0.0,0.0,0.0,0.0,0.0,Staff Salaries,44525.11,0.0,44525.11,0.0,0.0,0.0,0,0.0,MPESA ,MN,0.0
TXN-00257,2025-04-05,CUSTOMER_PAYMENT,RCPT-2504-2678,Thika Road Hardware & Agrovet Ltd,Juja,Collections,Contractor,CUS-1019,,,,0,0.0,0.0,0.0,0.0,0.0,0.0,0.0,Customer Collection,0.0,2081.01,0.0,2081.01,2081.01,0.0,0,0.0,M-PESA,PW,0.0
TXN-00258,2025-04-06,SALE,INV-2504-0374,Thika Road Hardware & Agrovet Ltd,Juja,Delivery,Wholesale,CUS-1165,,Building Materials,Hollow Block 6in,17,93.51,0.0,1589.67,1589.67,56.29,956.93,632.74,,0.0,1589.67,0.0,1589.67,0.0,0.0,-17,-956.93,,SK,0.0
TXN-00259,2025-04-06,SALE,INV-2504-0376,Thika Road Hardware & Agrovet Ltd,Thika Town,Online Order,Retail,CUS-1191,,Agro Inputs,Pesticide 1L,5,1002.66,0.0,5013.3,5013.3,614.3,3071.5,1941.8,,0.0,5013.3,0.0,5013.3,0.0,0.0,-5,-3071.5,,RA,0.0
TXN-00260,2025-04-06,SALE,INV-2504-0378,Thika Road Hardware & Agrovet Ltd,Juja,Counter,Farmer,CUS-1041,,Paints,Paint Brush 4in,1,205.28,0.0,205.28,205.28,94.07,94.07,111.21,,0.0,205.28,0.0,205.28,0.0,0.0,-1,-94.07,,SK,0.0
TXN-00261,2025-04-08,SALE,INV-2504-0380,Thika Road Hardware & Agrovet Ltd,Juja,Delivery,Retail,CUS-1043,,Agro Inputs,Pesticide 1L,1,1037.6,0.03,1037.6,1006.47,629.55,629.55,376.92,,0.0,1006.47,0.0,1006.47,0.0,0.0,-1,-629.55,,MN,0.0
TXN-00262,2025-04-08,SALE,INV-2504-0382,Thika Road Hardware & Agrovet Ltd,Juja,Delivery,Retail,CUS-1008,,Paints,Emulsion Paint 4L,6,2440.84,0.0,14645.04,14645.04,1372.34,8234.04,6411.0,,0.0,14645.04,0.0,14645.04,0.0,0.0,-6,-8234.04,,JB,0.0
TXN-00263,2025-04-10,SUPPLIER_PAYMENT,SP-2504-2513,Thika Road Hardware & Agrovet Ltd,Juja,Supplier,,,Nairobi Paints Wholesale,,,0,0.0,0.0,0.0,0.0,0.0,0.0,0.0,Supplier Payment,0.0,0.0,32517.21,0.0,0.0,-32517.21,0,0.0,M-PESA,JB,0.0
TXN-00264,2025-04-10,CUSTOMER_PAYMENT,RCPT-2504-2679,Thika Road Hardware & Agrovet Ltd,Thika Town,Collections,Contractor,CUS-1143,,,,0,0.0,0.0,0.0,0.0,0.0,0.0,0.0,Customer Collection,0.0,13163.79,0.0,13163.79,13163.79,0.0,0,0.0,M-PESA,MN,0.0
TXN-00265,2025-04-13,SALE,INV-2504-0384,Thika Road Hardware & Agrovet Ltd,Juja,M-Pesa Till,Reseller,CUS-1103,,Electrical,Circuit Breaker 20A,2,741.25,0.0,1482.5,1482.5,418.42,836.84,645.66,,0.0,1482.5,0.0,1482.5,0.0,0.0,-2,-836.84,,TK,0.0
TXN-00266,2025-04-13,EXPENSE,EXP-2504-2509,Thika Road Hardware & Agrovet Ltd,Thika Town,Back Office,,,,,,0,0.0,0.0,0.0,0.0,0.0,0.0,0.0,Marketing,5024.73,0.0,5024.73,0.0,0.0,0.0,0,0.0,Cash,JB,0.0
TXN-00267,2025-04-13,STOCK_ADJUSTMENT,ADJ-2504-2515,Thika Road Hardware & Agrovet Ltd,Thika Town,Stock Count,,,,Electrical,Socket Outlet,-2,0.0,0.0,0.0,0.0,0.0,0.0,0.0,Stock Adjustment,0.0,0.0,0.0,0.0,0.0,0.0,-2,-360.0,Manual count variance,SK,0.0
TXN-00268,2025-04-14,SALE,INV-2504-0386,Thika Road Hardware & Agrovet Ltd,Thika Town,Counter,Farmer,CUS-1197,,Plumbing,PVC Tee 20mm,6,99.34,0.0,596.04,596.04,44.97,269.82,326.22,,0.0,596.04,0.0,596.04,0.0,0.0,-6,-269.82,,RA,0.0
TXN-00269,2025-04-14,SALE,INV-2504-0388,Thika Road Hardware & Agrovet Ltd,Juja,Counter,Retail,CUS-1038,,Paints,Emulsion Paint 4L,3,2451.65,0.0,7354.95,7354.95,1436.35,4309.05,3045.9,,0.0,7354.95,0.0,7354.95,0.0,0.0,-3,-4309.05,,JB,0.0
TXN-00270,2025-04-15,SALE,INV-2504-0390,Thika Road Hardware & Agrovet Ltd,Thika Town,Counter,Retail,CUS-1017,,Paints,Gloss Paint 4L,6,2845.19,0.05,17071.14,16217.58,1733.28,10399.68,5817.9,,0.0,16217.58,0.0,16217.58,0.0,0.0,-6,-10399.68,,PW,0.0
TXN-00271,2025-04-15,SALE,INV-2504-0392,Thika Road Hardware & Agrovet Ltd,Juja,M-Pesa Till,Retail,CUS-1127,,Plumbing,Gate Valve 1in,7,565.82,0.01,3960.74,3921.13,315.82,2210.74,1710.39,,0.0,3921.13,0.0,3921.13,0.0,0.0,-7,-2210.74,,PW,0.0
TXN-00272,2025-04-15,SALE,INV-2504-0394,Thika Road Hardware & Agrovet Ltd,Juja,Phone Order,Wholesale,CUS-1081,,Agro Inputs,Maize Seed 2kg Pack,7,785.26,0.0,5496.82,5496.82,474.49,3321.43,2175.39,,0.0,3099.88,0.0,3099.88,2396.94,0.0,-7,-3321.43,,PW,0.0
TXN-00273,2025-04-16,SALE,INV-2504-0396,Thika Road Hardware & Agrovet Ltd,Juja,Counter,Retail,CUS-1189,,Building Materials,Hollow Block 6in,24,97.44,0.0,2338.56,2338.56,53.97,1295.28,1043.28,,0.0,2338.56,0.0,2338.56,0.0,0.0,-24,-1295.28,,TK,0.0
TXN-00274,2025-04-16,SALE,INV-2504-0398,Thika Road Hardware & Agrovet Ltd,Juja,Online Order,Contractor,CUS-1120,,Building Materials,Iron Sheet 3m Gauge30,12,1174.52,0.01,14094.24,13953.3,783.47,9401.64,4551.66,,0.0,13953.3,0.0,13953.3,0.0,0.0,-12,-9401.64,,SK,0.0
TXN-00275,2025-04-16,SALE,INV-2504-0400,Thika Road Hardware & Agrovet Ltd,Juja,Delivery,Reseller,CUS-1011,,Agro Inputs,DAP Fertilizer 50kg,8,4896.51,0.02,39172.08,38388.64,3445.09,27560.72,10827.92,,0.0,38388.64,0.0,38388.64,0.0,0.0,-8,-27560.72,,RA,0.0
TXN-00276,2025-04-16,SALE,INV-2504-0402,Thika Road Hardware & Agrovet Ltd,Juja,Phone Order,Contractor,CUS-1080,,Paints,Emulsion Paint 4L,1,2377.96,0.0,2377.96,2377.96,1394.88,1394.88,983.08,,0.0,773.85,0.0,773.85,1604.11,0.0,-1,-1394.88,,PW,0.0
TXN-00277,2025-04-16,SUPPLIER_PAYMENT,SP-2504-2512,Thika Road Hardware & Agrovet Ltd,Thika Town,Supplier,,,Nairobi Paints Wholesale,,,0,0.0,0.0,0.0,0.0,0.0,0.0,0.0,Supplier Payment,0.0,0.0,14757.19,0.0,0.0,-14757.19,0,0.0,Bank Transfer,MN,0.0
TXN-00278,2025-04-16,CUSTOMER_PAYMENT,RCPT-2504-2681,Thika Road Hardware & Agrovet Ltd,Juja,Collections,Wholesale,CUS-1110,,,,0,0.0,0.0,0.0,0.0,0.0,0.0,0.0,Customer Collection,0.0,6373.11,0.0,6373.11,6373.11,0.0,0,0.0,Bank Transfer,JB,0.0
TXN-00279,2025-04-17,SALE,INV-2504-0404,Thika Road Hardware & Agrovet Ltd,Juja,Counter,Contractor,CUS-1132,,Agro Inputs,DAP Fertilizer 50kg,2,4680.24,0.0,9360.48,9360.48,3476.1,6952.2,2408.28,,0.0,2576.94,0.0,2576.94,6783.54,0.0,-2,-6952.2,,PW,0.0
TXN-00280,2025-04-18,SALE,INV-2504-0406,Thika Road Hardware & Agrovet Ltd,Juja,M-Pesa Till,Retail,CUS-1217,,Agro Inputs,DAP Fertilizer 50kg,2,4624.33,0.0,9248.66,9248.66,3344.22,6688.44,2560.22,,0.0,9248.66,0.0,9248.66,0.0,0.0,-2,-6688.44,,SK,0.0
TXN-00281,2025-04-18,SALE,INV-2504-0408,Thika Road Hardware & Agrovet Ltd,Thika Town,Counter,Farmer,CUS-1002,,Paints,Wood Varnish 1L,5,678.89,0.05,3394.45,3224.73,377.29,1886.45,1338.28,,0.0,3224.73,0.0,3224.73,0.0,0.0,-5,-1886.45,,TK,0.0
TXN-00282,2025-04-18,SALE,INV-2504-0410,Thika Road Hardware & Agrovet Ltd,Thika Town,Online Order,Reseller,CUS-1131,,Plumbing,PVC Pipe 20mm 3m,5,397.61,0.01,1988.05,1968.17,215.17,1075.85,892.32,,0.0,1968.17,0.0,1968.17,0.0,0.0,-5,-1075.85,,MN,0.0
TXN-00283,2025-04-18,SALE,INV-2504-0412,Thika Road Hardware & Agrovet Ltd,Thika Town,M-Pesa Till,Contractor,CUS-1065,,Plumbing,PVC Pipe 20mm 3m,6,374.91,0.03,2249.46,2181.98,212.96,1277.76,904.22,,0.0,2181.98,0.0,2181.98,0.0,0.0,-6,-1277.76,,MN,0.0
TXN-00284,2025-04-18,SALE,INV-2504-0414,Thika Road Hardware & Agrovet Ltd,Juja,Online Order,Farmer,CUS-1023,,Plumbing,Gate Valve 1in,3,555.51,0.0,1666.53,1666.53,314.68,944.04,722.49,,0.0,1666.53,0.0,1666.53,0.0,0.0,-3,-944.04,,RA,0.0
TXN-00285,2025-04-18,EXPENSE,EXP-2504-2508,Thika Road Hardware & Agrovet Ltd,Thika Town,Back Office,,,,,,0,0.0,0.0,0.0,0.0,0.0,0.0,0.0,Utilities,6410.07,0.0,6410.07,0.0,0.0,0.0,0,0.0,M-PESA,PW,0.0
TXN-00286,2025-04-19,SALE,INV-2504-0416,Thika Road Hardware & Agrovet Ltd,Thika Town,Counter,Retail,CUS-1168,,Building Materials,Cement 50kg,19,942.77,0.02,17912.63,17554.38,650.42,12357.98,5196.4,,0.0,17554.38,0.0,17554.38,0.0,0.0,-19,-12357.98,,PW,0.0
TXN-00287,2025-04-19,SALE,INV-2504-0418,Thika Road Hardware & Agrovet Ltd,Thika Town,Phone Order,Farmer,CUS-1166,,Electrical,Electrical Cable 2.5mm (roll),3,5241.79,0.0,15725.37,15725.37,3229.79,9689.37,6036.0,,0.0,15725.37,0.0,15725.37,0.0,0.0,-3,-9689.37,,JB,0.0
TXN-00288,19-04-2025,SALE,INV-2504-0420,Thika Road Hardware & Agrovet Ltd,Thika Town,Counter,Contractor,CUS-1129,,Hardware Tools,Spade,1,953.87,0.0,953.87,953.87,529.26,529.26,424.61,,0.0,953.87,0.0,953.87,0.0,0.0,-1,-529.26,,PW,0.0
TXN-00289,2025-04-20,SALE,INV-2504-0422,Thika Road Hardware & Agrovet Ltd,Juja,M-Pesa Till,Farmer,CUS-1105,,Plumbing,PVC Pipe 20mm 3m,3,386.78,0.0,1160.34,1160.34,210.04,630.12,530.22,,0.0,1160.34,0.0,1160.34,0.0,0.0,-3,-630.12,,RA,0.0
TXN-00290,2025-04-20,SALE,INV-2504-0424,Thika Road Hardware & Agrovet Ltd,Juja,M-Pesa Till,Farmer,CUS-1158,,Electrical,Electrical Cable 2.5mm (roll),5,5121.54,0.01,25607.7,25351.62,3235.96,16179.8,9171.82,,0.0,25351.62,0.0,25351.62,0.0,0.0,-5,-16179.8,,PW,0.0
TXN-00291,2025-04-21,SALE,INV-2504-0426,Thika Road Hardware & Agrovet Ltd,Thika Town,Phone Order,Contractor,CUS-1060,,Building Materials,Hollow Block 6in,3,93.75,0.02,281.25,275.62,55.77,167.31,108.31,,0.0,136.75,0.0,136.75,138.87,0.0,-3,-167.31,,PW,0.0
TXN-00292,2025-04-22,SALE,INV-2504-0428,Thika Road Hardware & Agrovet Ltd,Juja,Online Order,Retail,CUS-1130,,Agro Inputs,Maize Seed 2kg Pack,4,787.61,0.0,3150.44,3150.44,481.11,1924.44,1226.0,,0.0,3150.44,0.0,3150.44,0.0,0.0,-4,-1924.44,,PW,0.0
TXN-00293,2025-04-22,SALE,INV-2504-0430,Thika Road Hardware & Agrovet Ltd,Juja,Online Order,Wholesale,CUS-1081,,Plumbing,Gate Valve 1in,3,541.79,0.0,1625.37,1625.37,316.69,950.07,675.3,,0.0,1625.37,0.0,1625.37,0.0,0.0,-3,-950.07,,SK,0.0
TXN-00294,2025-04-22,SALE,INV-2504-0432,Thika Road Hardware & Agrovet Ltd,Juja,Delivery,Farmer,CUS-1023,,Building Materials,Hollow Block 6in,23,91.49,0.01,2104.27,2083.23,54.95,1263.85,819.38,,0.0,2083.23,0.0,2083.23,0.0,0.0,-23,-1263.85,,RA,0.0
TXN-00295,2025-04-22,SALE,INV-2504-0434,Thika Road Hardware & Agrovet Ltd,Juja,Online Order,Retail,CUS-1133,,Building Materials,Iron Sheet 3m Gauge30,23,1255.44,0.0,28875.12,28875.12,766.39,17626.97,11248.15,,0.0,28875.12,0.0,28875.12,0.0,0.0,-23,-17626.97,,JB,0.0
TXN-00296,2025-04-22,SALE,INV-2504-0436,Thika Road Hardware & Agrovet Ltd,Juja,Online Order,Contractor,CUS-1121,,Plumbing,Water Tank 1000L,8,12111.55,0.01,96892.4,95923.48,8240.43,65923.44,30000.04,,0.0,51943.28,0.0,51943.28,43980.2,0.0,-8,-65923.44,,SK,0.0
TXN-00297,2025-04-22,EXPENSE,EXP-2504-2507,Thika Road Hardware & Agrovet Ltd,Thika Town,Back Office,,,,,,0,0.0,0.0,0.0,0.0,0.0,0.0,0.0,Rent,26832.06,0.0,26832.06,0.0,0.0,0.0,0,0.0,Cash,TK,0.0
TXN-00298,2025-04-22,CUSTOMER_PAYMENT,RCPT-2504-2680,Thika Road Hardware & Agrovet Ltd,Thika Town,Collections,Wholesale,CUS-1092,,,,0,0.0,0.0,0.0,0.0,0.0,0.0,0.0,Customer Collection,0.0,678.74,0.0,678.74,678.74,0.0,0,0.0,M-PESA,PW,0.0
TXN-00299,2025-04-23,SALE,INV-2504-0438,Thika Road Hardware & Agrovet Ltd,Juja,Delivery,Reseller,CUS-1011,,Building Materials,Iron Sheet 3m Gauge30,21,1252.6,0.03,26304.6,25515.46,785.16,16488.36,9027.1,,0.0,25515.46,0.0,25515.46,0.0,0.0,-21,-16488.36,,JB,0.0
TXN-00300,2025-04-24,SALE,INV-2504-0440,Thika Road Hardware & Agrovet Ltd,Juja,M-Pesa Till,Wholesale,CUS-1026,,Paints,Emulsion Paint 4L,7,2248.97,0.0,15742.79,15742.79,1430.56,10013.92,5728.87,,0.0,4932.99,0.0,4932.99,10809.8,0.0,-7,-10013.92,,JB,0.0
TXN-00301,2025-04-24,SALE,INV-2504-0442,Thika Road Hardware & Agrovet Ltd,Thika Town,Online Order,Wholesale,CUS-1123,,Building Materials,Cement 50kg,10,977.3,0.0,9773.0,9773.0,656.39,6563.9,3209.1,,0.0,6418.09,0.0,6418.09,3354.91,0.0,-10,-6563.9,,JB,0.0
TXN-00302,24-04-2025,SALE,INV-2504-0444,Thika Road Hardware & Agrovet Ltd,Thika Town,Online Order,Reseller,CUS-1136,,Electrical,Circuit Breaker 20A,5,755.81,0.0,3779.05,3779.05,411.95,2059.75,1719.3,,0.0,3779.05,0.0,3779.05,0.0,0.0,-5,-2059.75,,JB,0.0
TXN-00303,2025-04-24,SALE,INV-2504-0446,Thika Road Hardware & Agrovet Ltd,Thika Town,M-Pesa Till,Retail,CUS-1083,,Agro Inputs,Maize Seed 2kg Pack,2,729.89,0.0,1459.78,1459.78,482.57,965.14,494.64,,0.0,1459.78,0.0,1459.78,0.0,0.0,-2,-965.14,,TK,0.0
TXN-00304,2025-04-25,SALE,INV-2504-0448,Thika Road Hardware & Agrovet Ltd,Juja,Phone Order,Farmer,CUS-1116,,Building Materials,River Sand (ton),4,1826.78,0.03,7307.12,7087.91,1186.38,4745.52,2342.39,,0.0,7087.91,0.0,7087.91,0.0,0.0,-4,-4745.52,,JB,0.0
TXN-00305,2025-04-25,EXPENSE,EXP-2504-2506,Thika Road Hardware & Agrovet Ltd,Juja,Back Office,,,,,,0,0.0,0.0,0.0,0.0,0.0,0.0,0.0,Transport,6811.68,0.0,6811.68,0.0,0.0,0.0,0,0.0,Bank Transfer,TK,0.0
TXN-00306,2025-04-26,SALE,INV-2504-0450,Thika Road Hardware & Agrovet Ltd,Juja,Delivery,Reseller,CUS-1109,,Plumbing,PVC Tee 20mm,2,95.14,0.03,190.28,184.57,44.74,89.48,95.09,,0.0,184.57,0.0,184.57,0.0,0.0,-2,-89.48,,JB,0.0
TXN-00307,2025-04-28,SALE,INV-2504-0452,Thika Road Hardware & Agrovet Ltd,Thika Town,Delivery,Retail,CUS-1102,,Building Materials,Cement 50kg,7,934.38,0.0,6540.66,6540.66,648.91,4542.37,1998.29,,0.0,6540.66,0.0,6540.66,0.0,0.0,-7,-4542.37,,MN,0.0
TXN-00308,2025-04-28,SALE,INV-2504-0454,Thika Road Hardware & Agrovet Ltd,Thika Town,Counter,Wholesale,CUS-1087,,Plumbing,Gate Valve 1in,3,541.12,0.0,1623.36,1623.36,324.08,972.24,651.12,,0.0,1623.36,0.0,1623.36,0.0,0.0,-3,-972.24,,TK,0.0
TXN-00309,2025-04-28,SALE,INV-2504-0456,Thika Road Hardware & Agrovet Ltd,Juja,Online Order,Farmer,CUS-1181,,Electrical,Electrical Cable 2.5mm (roll),4,5059.46,0.0,20237.84,20237.84,3247.48,12989.92,7247.92,,0.0,20237.84,0.0,20237.84,0.0,0.0,-4,-12989.92,,JB,0.0
TXN-00310,2025-04-28,CUSTOMER_PAYMENT,RCPT-2504-2682,Thika Road Hardware & Agrovet Ltd,Juja,Collections,Wholesale,CUS-1081,,,,0,0.0,0.0,0.0,0.0,0.0,0.0,0.0,Customer Collection,0.0,1808.58,0.0,1808.58,1808.58,0.0,0,0.0,Bank Transfer,SK,0.0
TXN-00311,2025-04-29,SALE,INV-2504-0458,Thika Road Hardware & Agrovet Ltd,Thika Town,Counter,Reseller,CUS-1005,,Hardware Tools,Claw Hammer,4,737.07,0.0,2948.28,2948.28,376.1,1504.4,1443.88,,0.0,2948.28,0.0,2948.28,0.0,0.0,-4,-1504.4,,TK,0.0
TXN-00312,2025-04-29,SALE,INV-2504-0460,Thika Road Hardware & Agrovet Ltd,Juja,Online Order,Retail,CUS-1036,,Paints,Emulsion Paint 4L,2,2356.59,0.0,4713.18,4713.18,1425.74,2851.48,1861.7,,0.0,4713.18,0.0,4713.18,0.0,0.0,-2,-2851.48,,RA,0.0
TXN-00313,2025-04-29,SALE,INV-2504-0462,Thika Road Hardware & Agrovet Ltd,Juja,Online Order,Contractor,CUS-1064,,Building Materials,Hollow Block 6in,20,98.37,0.0,1967.4,1967.4,55.02,1100.4,867.0,,0.0,1967.4,0.0,1967.4,0.0,0.0,-20,-1100.4,,SK,0.0
TXN-00314,2025-04-29,SALE,INV-2504-0464,Thika Road Hardware & Agrovet Ltd,Thika Town,Delivery,Reseller,CUS-1100,,Electrical,Socket Outlet,5,358.61,0.0,1793.05,1793.05,177.7,888.5,904.55,,0.0,1793.05,0.0,1793.05,0.0,0.0,-5,-888.5,,RA,0.0
TXN-00315,2025-04-29,SALE,INV-2504-0466,Thika Road Hardware & Agrovet Ltd,Thika Town,Phone Order,Contractor,CUS-1077,,Electrical,LED Bulb 12W,1,326.82,0.01,326.82,323.55,150.7,150.7,172.85,,0.0,323.55,0.0,323.55,0.0,0.0,-1,-150.7,,PW,0.0
TXN-00316,2025-04-30,SALE,INV-2504-0468,Thika Road Hardware & Agrovet Ltd,Juja,Online Order,Retail,CUS-1189,,Building Materials,River Sand (ton),10,1933.25,0.02,19332.5,18945.85,1228.65,12286.5,6659.35,,0.0,18945.85,0.0,18945.85,0.0,0.0,-10,-12286.5,,SK,0.0
TXN-00317,2025-05-01,SALE,INV-2505-0470,Thika Road Hardware & Agrovet Ltd,Juja,Counter,Wholesale,CUS-1125,,Hardware Tools,Claw Hammer,8,699.63,0.0,5597.04,5597.04,378.91,3031.28,2565.76,,0.0,1794.73,0.0,1794.73,3802.31,0.0,-8,-3031.28,,TK,0.0
TXN-00318,2025-05-01,SALE,INV-2505-0472,Thika Road Hardware & Agrovet Ltd,Juja,Phone Order,Farmer,CUS-1138,,Agro Inputs,CAN Fertilizer 50kg,5,4503.44,0.0,22517.2,22517.2,3109.98,15549.9,6967.3,,0.0,22517.2,0.0,22517.2,0.0,0.0,-5,-15549.9,,MN,0.0
TXN-00319,2025-05-01,EXPENSE,EXP-2505-2517,Thika Road Hardware & Agrovet Ltd,Juja,Back Office,,,,,,0,0.0,0.0,0.0,0.0,0.0,0.0,0.0,Utilities,4772.82,0.0,4772.82,0.0,0.0,0.0,0,0.0,M-PESA,MN,0.0
TXN-00320,2025-05-02,PURCHASE,GRN-2505-0473,Thika Road Hardware & Agrovet Ltd,Juja,Supplier,,,AgroChem Kenya Distributors,Building Materials,Iron Sheet 3m Gauge30,163,804.02,0.0,0.0,0.0,804.02,131055.26,0.0,Purchase,0.0,0.0,78633.16,0.0,0.0,52422.1,163,131055.26,,MN,0.0
TXN-00321,2025-05-02,SALE,INV-2505-0474,Thika Road Hardware & Agrovet Ltd,Thika Town,Online Order,Contractor,CUS-1064,,Building Materials,Iron Sheet 3m Gauge30,18,1243.68,0.0,22386.24,22386.24,795.55,14319.9,8066.34,,0.0,22386.24,0.0,22386.24,0.0,0.0,-18,-14319.9,,PW,0.0
TXN-00322,2025-05-02,EXPENSE,EXP-2505-2521,Thika Road Hardware & Agrovet Ltd,Thika Town,Back Office,,,,,,0,0.0,0.0,0.0,0.0,0.0,0.0,0.0,Staff Salaries,42564.19,0.0,42564.19,0.0,0.0,0.0,0,0.0,Cash,RA,0.0
TXN-00323,2025-05-03,SALE,INV-2505-0476,Thika Road Hardware & Agrovet Ltd,Thika Town,Phone Order,Farmer,CUS-1179,,Paints,Wood Varnish 1L,2,691.72,0.0,1383.44,1383.44,390.01,780.02,603.42,,0.0,1383.44,0.0,1383.44,0.0,0.0,-2,-780.02,,SK,0.0
TXN-00324,2025-05-03,SALE,INV-2505-0478,Thika Road Hardware & Agrovet Ltd,Juja,Phone Order,Retail,CUS-1049,,Building Materials,Hollow Block 6in,19,97.5,0.0,1852.5,1852.5,54.98,1044.62,807.88,,0.0,1852.5,0.0,1852.5,0.0,0.0,-19,-1044.62,,MN,0.0
TXN-00325,2025-05-04,SALE,INV-2505-0480,Thika Road Hardware & Agrovet Ltd,Juja,M-Pesa Till,Contractor,CUS-1196,,Agro Inputs,CAN Fertilizer 50kg,4,4244.08,0.0,16976.32,16976.32,3110.43,12441.72,4534.6,,0.0,16976.32,0.0,16976.32,0.0,0.0,-4,-12441.72,,MN,0.0
TXN-00326,2025-05-04,SALE,INV-2505-0482,Thika Road Hardware & Agrovet Ltd,Juja,Delivery,Retail,CUS-1128,,Plumbing,PVC Tee 20mm,3,93.43,0.0,280.29,280.29,45.94,137.82,142.47,,0.0,280.29,0.0,280.29,0.0,0.0,-3,-137.82,,PW,0.0
TXN-00327,2025-05-04,SALE,INV-2505-0484,Thika Road Hardware & Agrovet Ltd,Juja,Delivery,Retail,CUS-1187,,Agro Inputs,CAN Fertilizer 50kg,5,4292.05,0.0,21460.25,21460.25,3082.22,15411.1,6049.15,,0.0,21460.25,0.0,21460.25,0.0,0.0,-5,-15411.1,,SK,0.0
TXN-00328,04-05-2025,SALE,INV-2505-0486,Thika Road Hardware & Agrovet Ltd,Thika Town,Online Order,Wholesale,CUS-1056,,Electrical,LED Bulb 12W,2,311.85,0.03,623.7,604.99,149.86,299.72,305.27,,0.0,604.99,0.0,604.99,0.0,0.0,-2,-299.72,,SK,0.0
TXN-00329,2025-05-05,SALE,INV-2505-0488,Thika Road Hardware & Agrovet Ltd,Juja,Delivery,Farmer,CUS-1180,,Building Materials,Iron Sheet 3m Gauge30,20,1114.67,0.0,22293.4,22293.4,798.36,15967.2,6326.2,,0.0,22293.4,0.0,22293.4,0.0,0.0,-20,-15967.2,,RA,0.0
TXN-00330,2025-05-05,SALE,INV-2505-0490,Thika Road Hardware & Agrovet Ltd,Thika Town,Phone Order,Farmer,CUS-1178,,Paints,Paint Brush 4in,6,215.22,0.0,1291.32,1291.32,97.34,584.04,707.28,,0.0,1291.32,0.0,1291.32,0.0,0.0,-6,-584.04,,SK,0.0
TXN-00331,2025-05-05,SALE,INV-2505-0492,Thika Road Hardware & Agrovet Ltd,Thika Town,Online Order,Farmer,CUS-1213,,Electrical,LED Bulb 12W,7,301.32,0.0,2109.24,2109.24,148.05,1036.35,1072.89,,0.0,2109.24,0.0,2109.24,0.0,0.0,-7,-1036.35,,JB,0.0
TXN-00332,2025-05-06,SALE,INV-2505-0494,Thika Road Hardware & Agrovet Ltd,Juja,Online Order,Retail,CUS-1217,,Plumbing,PVC Pipe 20mm 3m,5,359.32,0.0,1796.6,1796.6,211.18,1055.9,740.7,,0.0,1796.6,0.0,1796.6,0.0,0.0,-5,-1055.9,,MN,0.0
TXN-00333,2025-05-07,SALE,INV-2505-0496,Thika Road Hardware & Agrovet Ltd,Thika Town,Phone Order,Retail,CUS-1036,,Paints,Emulsion Paint 4L,4,2444.59,0.01,9778.36,9680.58,1381.57,5526.28,4154.3,,0.0,9680.58,0.0,9680.58,0.0,0.0,-4,-5526.28,,TK,0.0
TXN-00334,2025-05-09,SALE,INV-2505-0498,Thika Road Hardware & Agrovet Ltd,Juja,Counter,Contractor,CUS-1065,,Building Materials,Iron Sheet 3m Gauge30,17,1194.08,0.0,20299.36,20299.36,775.01,13175.17,7124.19,,0.0,20299.36,0.0,20299.36,0.0,0.0,-17,-13175.17,,PW,0.0
TXN-00335,2025-05-09,SALE,INV-2505-0500,Thika Road Hardware & Agrovet Ltd,Thika Town,Delivery,Retail,CUS-1126,,Electrical,Electrical Cable 2.5mm (roll),1,4768.19,0.01,4768.19,4720.51,3164.0,3164.0,1556.51,,0.0,4720.51,0.0,4720.51,0.0,0.0,-1,-3164.0,,JB,0.0
TXN-00336,2025-05-09,CUSTOMER_PAYMENT,RCPT-2505-2684,Thika Road Hardware & Agrovet Ltd,Juja,Collections,Wholesale,CUS-1026,,,,0,0.0,0.0,0.0,0.0,0.0,0.0,0.0,Customer Collection,0.0,7650.11,0.0,7650.11,7650.11,0.0,0,0.0,M-PESA,SK,0.0
TXN-00337,2025-05-10,SALE,INV-2505-0502,Thika Road Hardware & Agrovet Ltd,Juja,Phone Order,Farmer,CUS-1045,,Agro Inputs,CAN Fertilizer 50kg,2,4311.13,0.0,8622.26,8622.26,3043.11,6086.22,2536.04,,0.0,8622.26,0.0,8622.26,0.0,0.0,-2,-6086.22,,PW,0.0
TXN-00338,2025-05-10,SALE,INV-2505-0504,Thika Road Hardware & Agrovet Ltd,Juja,Delivery,Retail,CUS-1017,,Agro Inputs,Maize Seed 2kg Pack,1,816.6,0.01,816.6,808.43,491.27,491.27,317.16,,0.0,808.43,0.0,808.43,0.0,0.0,-1,-491.27,,TK,0.0
TXN-00339,2025-05-10,SUPPLIER_PAYMENT,SP-2505-2522,Thika Road Hardware & Agrovet Ltd,Juja,Supplier,,,Thika Building Suppliers Ltd,,,0,0.0,0.0,0.0,0.0,0.0,0.0,0.0,Supplier Payment,0.0,0.0,27348.14,0.0,0.0,-27348.14,0,0.0,Bank Transfer,TK,0.0
TXN-00340,2025-05-11,SALE,INV-2505-0506,Thika Road Hardware & Agrovet Ltd,Juja,M-Pesa Till,Contractor,CUS-1143,,Plumbing,Gate Valve 1in,4,605.76,0.0,2423.04,2423.04,318.65,1274.6,1148.44,,0.0,1629.26,0.0,1629.26,793.78,0.0,-4,-1274.6,,PW,0.0
TXN-00341,2025-05-12,SALE,INV-2505-0508,Thika Road Hardware & Agrovet Ltd,Thika Town,Counter,Reseller,CUS-1218,,Agro Inputs,Maize Seed 2kg Pack,7,744.78,0.01,5213.46,5161.33,491.7,3441.9,1719.43,,0.0,5161.33,0.0,5161.33,0.0,0.0,-7,-3441.9,,MN,0.0
TXN-00342,2025-05-12,SALE,INV-2505-0510,Thika Road Hardware & Agrovet Ltd,Thika Town,Counter,Reseller,CUS-1142,,Paints,Wood Varnish 1L,6,671.92,0.0,4031.52,4031.52,374.97,2249.82,1781.7,,0.0,4031.52,0.0,4031.52,0.0,0.0,-6,-2249.82,,RA,0.0
TXN-00343,2025-05-12,SALE,INV-2505-0512,Thika Road Hardware & Agrovet Ltd,Juja,Online Order,Contractor,CUS-1077,,Electrical,LED Bulb 12W,2,300.1,0.0,600.2,600.2,152.15,304.3,295.9,,0.0,600.2,0.0,600.2,0.0,0.0,-2,-304.3,,SK,0.0
TXN-00344,2025-05-12,SALE,INV-2505-0514,Thika Road Hardware & Agrovet Ltd,Juja,Delivery,Contractor,CUS-1016,,Agro Inputs,CAN Fertilizer 50kg,6,4629.34,0.05,27776.04,26387.24,3169.22,19015.32,7371.92,,0.0,26387.24,0.0,26387.24,0.0,0.0,-6,-19015.32,,JB,0.0
TXN-00345,2025-05-13,SUPPLIER_PAYMENT,SP-2505-2523,Thika Road Hardware & Agrovet Ltd,Juja,Supplier,,,Thika Building Suppliers Ltd,,,0,0.0,0.0,0.0,0.0,0.0,0.0,0.0,Supplier Payment,0.0,0.0,28594.87,0.0,0.0,-28594.87,0,0.0,Bank Transfer,JB,0.0
TXN-00346,2025-05-14,SALE,INV-2505-0516,Thika Road Hardware & Agrovet Ltd,Thika Town,M-Pesa Till,Reseller,CUS-1169,,Electrical,Socket Outlet,7,369.5,0.0,2586.5,2586.5,176.95,1238.65,1347.85,,0.0,2586.5,0.0,2586.5,0.0,0.0,-7,-1238.65,,TK,0.0
TXN-00347,2025-05-14,SALE,INV-2505-0518,Thika Road Hardware & Agrovet Ltd,Thika Town,Counter,Farmer,CUS-1072,,Building Materials,Cement 50kg,16,1023.51,0.0,16376.16,16376.16,632.5,10120.0,6256.16,,0.0,16376.16,0.0,16376.16,0.0,0.0,-16,-10120.0,,MN,0.0
TXN-00348,2025-05-14,EXPENSE,EXP-2505-2519,Thika Road Hardware & Agrovet Ltd,Thika Town,Back Office,,,,,,0,0.0,0.0,0.0,0.0,0.0,0.0,0.0,Staff Salaries,40858.64,0.0,40858.64,0.0,0.0,0.0,0,0.0,Cheque,TK,0.0
TXN-00349,2025-05-15,SALE,INV-2505-0520,Thika Road Hardware & Agrovet Ltd,Juja,M-Pesa Till,Retail,CUS-1008,,Electrical,Circuit Breaker 20A,4,697.71,0.0,2790.84,2790.84,417.53,1670.12,1120.72,,0.0,2790.84,0.0,2790.84,0.0,0.0,-4,-1670.12,,MN,0.0
TXN-00350,2025-05-15,SALE,INV-2505-0522,Thika Road Hardware & Agrovet Ltd,,Online Order,Farmer,CUS-1063,,Hardware Tools,Wheelbarrow,7,6861.01,0.0,48027.07,48027.07,4316.73,30217.11,17809.96,,0.0,48027.07,0.0,48027.07,0.0,0.0,-7,-30217.11,,JB,0.0
TXN-00351,2025-05-15,SALE,INV-2505-0524,Thika Road Hardware & Agrovet Ltd,Juja,M-Pesa Till,Contractor,CUS-1048,,Plumbing,Gate Valve 1in,2,597.91,0.0,1195.82,1195.82,317.15,634.3,561.52,,0.0,1195.82,0.0,1195.82,0.0,0.0,-2,-634.3,,MN,0.0
TXN-00352,2025-05-15,EXPENSE,EXP-2505-2516,Thika Road Hardware & Agrovet Ltd,Thika Town,Back Office,,,,,,0,0.0,0.0,0.0,0.0,0.0,0.0,0.0,Transport,7693.94,0.0,7693.94,0.0,0.0,0.0,0,0.0,Bank Transfer,MN,0.0
TXN-00353,16-05-2025,STOCK_ADJUSTMENT,ADJ-2505-2525,Thika Road Hardware & Agrovet Ltd,Thika Town,Stock Count,,,,Hardware Tools,Claw Hammer,-5,0.0,0.0,0.0,0.0,0.0,0.0,0.0,Stock Adjustment,0.0,0.0,0.0,0.0,0.0,0.0,-5,-1900.0,Manual count variance,MN,0.0
TXN-00354,2025-05-17,SALE,INV-2505-0526,Thika Road Hardware & Agrovet Ltd,Thika Town,M-Pesa Till,Wholesale,CUS-1141,,Electrical,Circuit Breaker 20A,3,756.82,0.0,2270.46,2270.46,419.41,1258.23,1012.23,,0.0,1347.45,0.0,1347.45,923.01,0.0,-3,-1258.23,,TK,0.0
TXN-00355,2025-05-17,SALE,INV-2505-0528,Thika Road Hardware & Agrovet Ltd,Juja,Phone Order,Wholesale,CUS-1046,,Building Materials,River Sand (ton),19,1877.32,0.0,35669.08,35669.08,1179.85,22417.15,13251.93,,0.0,35669.08,0.0,35669.08,0.0,0.0,-19,-22417.15,,TK,0.0
TXN-00356,2025-05-17,REFUND,REF-2505-2470,Thika Road Hardware & Agrovet Ltd,Juja,Counter,Contractor,CUS-1065,,Building Materials,Iron Sheet 3m Gauge30,-3,1194.08,0.0,0.0,3582.24,775.01,0.0,-3582.24,Customer Refund,3582.24,0.0,3582.24,0.0,0.0,0.0,3,2325.03,refund,PW,0.0
TXN-00357,2025-05-17,EXPENSE,EXP-2505-2518,Thika Road Hardware & Agrovet Ltd,Juja,Back Office,,,,,,0,0.0,0.0,0.0,0.0,0.0,0.0,0.0,Staff Salaries,50431.47,0.0,50431.47,0.0,0.0,0.0,0,0.0,Cash,JB,0.0
TXN-00358,2025-05-18,SALE,INV-2505-0530,Thika Road Hardware & Agrovet Ltd,Thika Town,Delivery,Farmer,CUS-1179,,Paints,Emulsion Paint 4L,3,2317.03,0.01,6951.09,6881.58,1437.77,4313.31,2568.27,,0.0,6881.58,0.0,6881.58,0.0,0.0,-3,-4313.31,,JB,0.0
TXN-00359,2025-05-18,SALE,INV-2505-0532,Thika Road Hardware & Agrovet Ltd,Juja,Counter,Reseller,CUS-1100,,Electrical,Socket Outlet,1,343.53,0.0,343.53,343.53,179.26,179.26,164.27,,0.0,343.53,0.0,343.53,0.0,0.0,-1,-179.26,,SK,0.0
TXN-00360,2025-05-19,SALE,INV-2505-0534,Thika Road Hardware & Agrovet Ltd,Juja,Delivery,Retail,CUS-1090,,Building Materials,River Sand (ton),21,1869.97,0.03,39269.37,38091.29,1178.17,24741.57,13349.72,,0.0,38091.29,0.0,38091.29,0.0,0.0,-21,-24741.57,,JB,0.0
TXN-00361,19/05/2025,PURCHASE,GRN-2505-0535,Thika Road Hardware & Agrovet Ltd,Thika Town,Supplier,,,Thika Building Suppliers Ltd,Building Materials,River Sand (ton),100,1175.37,0.0,0.0,0.0,1175.37,117537.0,0.0,Purchase,0.0,0.0,117537.0,0.0,0.0,0.0,100,117537.0,,PW,0.0
TXN-00362,2025-05-19,SALE,INV-2505-0536,Thika Road Hardware & Agrovet Ltd,Thika Town,Counter,Retail,CUS-1088,,Building Materials,River Sand (ton),11,1863.34,0.0,20496.74,20496.74,1185.71,13042.81,7453.93,,0.0,20496.74,0.0,20496.74,0.0,0.0,-11,-13042.81,,MN,0.0
TXN-00363,2025-05-20,SALE,INV-2505-0538,Thika Road Hardware & Agrovet Ltd,Thika Town,Counter,Contractor,CUS-1120,,Paints,Paint Brush 4in,4,202.13,0.0,808.52,808.52,97.57,390.28,418.24,,0.0,212.99,0.0,212.99,595.53,0.0,-4,-390.28,,JB,0.0
TXN-00364,2025-05-20,SALE,INV-2505-0540,Thika Road Hardware & Agrovet Ltd,Juja,M-Pesa Till,Contractor,CUS-1134,,Plumbing,Water Tank 1000L,6,13359.77,0.0,80158.62,80158.62,8435.55,50613.3,29545.32,,0.0,41004.0,0.0,41004.0,39154.62,0.0,-6,-50613.3,,PW,0.0
TXN-00365,2025-05-21,SALE,INV-2505-0542,Thika Road Hardware & Agrovet Ltd,Thika Town,Online Order,Retail,CUS-1032,,Hardware Tools,Wheelbarrow,3,7134.12,0.0,21402.36,21402.36,4252.24,12756.72,8645.64,,0.0,21402.36,0.0,21402.36,0.0,0.0,-3,-12756.72,,TK,0.0
TXN-00366,2025-05-21,SALE,INV-2505-0544,Thika Road Hardware & Agrovet Ltd,Thika Town,Delivery,Retail,CUS-1124,,Hardware Tools,Claw Hammer,4,725.14,0.0,2900.56,2900.56,382.53,1530.12,1370.44,,0.0,2900.56,0.0,2900.56,0.0,0.0,-4,-1530.12,,PW,0.0
TXN-00367,2025-05-22,SALE,INV-2505-0546,Thika Road Hardware & Agrovet Ltd,Juja,Counter,Contractor,CUS-1053,,Building Materials,River Sand (ton),20,1940.7,0.0,38814.0,38814.0,1218.53,24370.6,14443.4,,0.0,38814.0,0.0,38814.0,0.0,0.0,-20,-24370.6,,JB,0.0
TXN-00368,2025-05-22,SUPPLIER_PAYMENT,SP-2505-2524,Thika Road Hardware & Agrovet Ltd,Juja,Supplier,,,Nairobi Paints Wholesale,,,0,0.0,0.0,0.0,0.0,0.0,0.0,0.0,Supplier Payment,0.0,0.0,8842.15,0.0,0.0,-8842.15,0,0.0,Bank Transfer,MN,0.0
TXN-00369,2025-05-23,SALE,INV-2505-0548,Thika Road Hardware & Agrovet Ltd,Thika Town,Phone Order,Farmer,CUS-1013,,Electrical,LED Bulb 12W,5,314.98,0.0,1574.9,1574.9,151.41,757.05,817.85,,0.0,1574.9,0.0,1574.9,0.0,0.0,-5,-757.05,,SK,0.0
TXN-00370,2025-05-23,SALE,INV-2505-0550,Thika Road Hardware & Agrovet Ltd,Juja,M-Pesa Till,Farmer,CUS-1045,,Plumbing,Gate Valve 1in,5,579.54,0.02,2897.7,2839.75,324.27,1621.35,1218.4,,0.0,2839.75,0.0,2839.75,0.0,0.0,-5,-1621.35,,RA,0.0
TXN-00371,2025-05-23,SALE,INV-2505-0552,Thika Road Hardware & Agrovet Ltd,Juja,Counter,Contractor,CUS-1053,,Building Materials,River Sand (ton),22,1740.21,0.05,38284.62,36370.39,1189.35,26165.7,10204.69,,0.0,36370.39,0.0,36370.39,0.0,0.0,-22,-26165.7,,TK,0.0
TXN-00372,2025-05-23,SALE,INV-2505-0554,Thika Road Hardware & Agrovet Ltd,Thika Town,Counter,Wholesale,CUS-1071,,Paints,Emulsion Paint 4L,2,2462.06,0.03,4924.12,4776.4,1433.27,2866.54,1909.86,,0.0,2810.17,0.0,2810.17,1966.23,0.0,-2,-2866.54,,SK,0.0
TXN-00373,2025-05-23,SALE,INV-2505-0556,Thika Road Hardware & Agrovet Ltd,Juja,Online Order,Retail,CUS-1074,,Plumbing,Water Tank 1000L,2,12023.42,0.0,24046.84,24046.84,8137.66,16275.32,7771.52,,0.0,24046.84,0.0,24046.84,0.0,0.0,-2,-16275.32,,PW,0.0
TXN-00374,2025-05-24,SALE,INV-2505-0558,Thika Road Hardware & Agrovet Ltd,Thika Town,Phone Order,Reseller,CUS-1022,,Hardware Tools,Measuring Tape 5m,8,412.03,0.0,3296.24,3296.24,211.5,1692.0,1604.24,,0.0,3296.24,0.0,3296.24,0.0,0.0,-8,-1692.0,,JB,0.0
TXN-00375,2025-05-25,SALE,INV-2505-0560,Thika Road Hardware & Agrovet Ltd,Juja,M-Pesa Till,Wholesale,CUS-1040,,Plumbing,PVC Tee 20mm,8,93.05,0.0,744.4,744.4,44.39,355.12,389.28,,0.0,744.4,0.0,744.4,0.0,0.0,-8,-355.12,,SK,0.0
TXN-00376,2025-05-25,SALE,INV-2505-0562,Thika Road Hardware & Agrovet Ltd,Juja,Phone Order,Retail,CUS-1156,,Electrical,Circuit Breaker 20A,6,763.13,0.02,4578.78,4487.2,424.49,2546.94,1940.26,,0.0,4487.2,0.0,4487.2,0.0,0.0,-6,-2546.94,,RA,0.0
TXN-00377,2025-05-25,SALE,INV-2505-0564,Thika Road Hardware & Agrovet Ltd,Juja,Delivery,Wholesale,CUS-1014,,Plumbing,PVC Pipe 20mm 3m,2,370.56,0.0,741.12,741.12,211.56,423.12,318.0,,0.0,374.42,0.0,374.42,366.7,0.0,-2,-423.12,,JB,0.0
TXN-00378,2025-05-25,CUSTOMER_PAYMENT,RCPT-2505-2685,Thika Road Hardware & Agrovet Ltd,Thika Town,Collections,Wholesale,CUS-1123,,,,0,0.0,0.0,0.0,0.0,0.0,0.0,0.0,Customer Collection,0.0,2397.04,0.0,2397.04,2397.04,0.0,0,0.0,M-PESA,TK,0.0
TXN-00379,2025-05-26,SALE,INV-2505-0566,Thika Road Hardware & Agrovet Ltd,Juja,Counter,Contractor,CUS-1120,,Paints,Wood Varnish 1L,8,676.12,0.0,5408.96,5408.96,384.85,3078.8,2330.16,,0.0,3730.14,0.0,3730.14,1678.82,0.0,-8,-3078.8,,TK,0.0
TXN-00380,2025-05-27,SALE,INV-2505-0568,Thika Road Hardware & Agrovet Ltd,Juja,Counter,Contractor,CUS-1053,,Plumbing,Water Tank 1000L,4,12971.56,0.0,51886.24,51886.24,8353.51,33414.04,18472.2,,0.0,51886.24,0.0,51886.24,0.0,0.0,-4,-33414.04,,MN,0.0
TXN-00381,2025-05-27,SALE,INV-2505-0570,Thika Road Hardware & Agrovet Ltd,Juja,Online Order,Contractor,CUS-1064,,Electrical,LED Bulb 12W,3,326.93,0.01,980.79,970.98,152.24,456.72,514.26,,0.0,538.38,0.0,538.38,432.6,0.0,-3,-456.72,,MN,0.0
TXN-00382,2025-05-27,CUSTOMER_PAYMENT,RCPT-2505-2683,Thika Road Hardware & Agrovet Ltd,Juja,Collections,Contractor,CUS-1121,,,,0,0.0,0.0,0.0,0.0,0.0,0.0,0.0,Customer Collection,0.0,33036.27,0.0,33036.27,33036.27,0.0,0,0.0,M-PESA,PW,0.0
TXN-00383,2025-05-28,SALE,INV-2505-0572,Thika Road Hardware & Agrovet Ltd,Thika Town,M-Pesa Till,Retail,CUS-1051,,Paints,Gloss Paint 4L,4,2894.25,0.0,11577.0,11577.0,1756.5,7026.0,4551.0,,0.0,11577.0,0.0,11577.0,0.0,0.0,-4,-7026.0,,MN,0.0
TXN-00384,2025-05-28,SALE,INV-2505-0574,Thika Road Hardware & Agrovet Ltd,Thika Town,Delivery,Retail,CUS-1058,,Building Materials,River Sand (ton),10,1941.96,0.0,19419.6,19419.6,1198.68,11986.8,7432.8,,0.0,19419.6,0.0,19419.6,0.0,0.0,-10,-11986.8,,SK,0.0
TXN-00385,2025-05-29,SALE,INV-2505-0576,Thika Road Hardware & Agrovet Ltd,Juja,Counter,,CUS-1050,,Building Materials,Cement 50kg,10,1055.89,0.0,10558.9,10558.9,646.97,6469.7,4089.2,,0.0,10558.9,0.0,10558.9,0.0,0.0,-10,-6469.7,,MN,0.0
TXN-00386,2025-05-30,SALE,INV-2505-0578,Thika Road Hardware & Agrovet Ltd,Thika Town,Delivery,Retail,CUS-1083,,Electrical,LED Bulb 12W,8,328.32,0.01,2626.56,2600.29,150.36,1202.88,1397.41,,0.0,2600.29,0.0,2600.29,0.0,0.0,-8,-1202.88,,MN,0.0
TXN-00387,2025-05-30,SALE,INV-2505-0580,Thika Road Hardware & Agrovet Ltd,Thika Town,Delivery,Wholesale,CUS-1141,,Plumbing,Water Tank 1000L,3,13250.19,0.0,39750.57,39750.57,8399.49,25198.47,14552.1,,0.0,20838.21,0.0,20838.21,18912.36,0.0,-3,-25198.47,,TK,0.0
TXN-00388,2025-05-30,SALE,INV-2505-0582,Thika Road Hardware & Agrovet Ltd,Thika Town,M-Pesa Till,Retail,CUS-1135,,Plumbing,Gate Valve 1in,4,549.25,0.0,2197.0,2197.0,317.92,1271.68,925.32,,0.0,2197.0,0.0,2197.0,0.0,0.0,-4,-1271.68,,RA,0.0
TXN-00389,2025-05-30,SALE,INV-2505-0584,Thika Road Hardware & Agrovet Ltd,Juja,Counter,Retail,CUS-1194,,Building Materials,River Sand (ton),4,1826.46,0.0,7305.84,7305.84,1200.58,4802.32,2503.52,,0.0,7305.84,0.0,7305.84,0.0,0.0,-4,-4802.32,,PW,0.0
TXN-00390,2025-05-30,SALE,INV-2505-0586,Thika Road Hardware & Agrovet Ltd,Thika Town,Online Order,Contractor,CUS-1003,,Paints,Paint Brush 4in,3,222.05,0.01,666.15,659.49,96.54,289.62,369.87,,0.0,659.49,0.0,659.49,0.0,0.0,-3,-289.62,,TK,0.0
TXN-00391,2025-05-30,EXPENSE,EXP-2505-2520,Thika Road Hardware & Agrovet Ltd,Juja,Back Office,,,,,,0,0.0,0.0,0.0,0.0,0.0,0.0,0.0,Rent,28478.43,0.0,28478.43,0.0,0.0,0.0,0,0.0,M-PESA,MN,0.0
TXN-00392,31-05-2025,SALE,INV-2505-0588,Thika Road Hardware & Agrovet Ltd,Thika Town,Delivery,Retail,CUS-1133,,Plumbing,PVC Tee 20mm,1,90.64,0.0,90.64,90.64,44.36,44.36,46.28,,0.0,90.64,0.0,90.64,0.0,0.0,-1,-44.36,,MN,0.0
TXN-00393,2025-06-01,SALE,INV-2506-0590,Thika Road Hardware & Agrovet Ltd,Thika Town,Online Order,Wholesale,CUS-1069,,Agro Inputs,Pesticide 1L,5,1025.71,0.0,5128.55,5128.55,624.55,3122.75,2005.8,,0.0,5128.55,0.0,5128.55,0.0,0.0,-5,-3122.75,,MN,0.0
TXN-00394,2025-06-01,SALE,INV-2506-0592,Thika Road Hardware & Agrovet Ltd,Thika Town,Phone Order,Retail,CUS-1212,,Agro Inputs,Pesticide 1L,4,1061.24,0.0,4244.96,4244.96,610.19,2440.76,1804.2,,0.0,4244.96,0.0,4244.96,0.0,0.0,-4,-2440.76,,TK,0.0
TXN-00395,2025-06-01,SALE,INV-2506-0594,Thika Road Hardware & Agrovet Ltd,Thika Town,Delivery,Contractor,CUS-1209,,Building Materials,River Sand (ton),23,1784.01,0.03,41032.23,45771.449,1221.65,28097.95,11703.31,,0.0,39801.26,0.0,39801.26,0.0,0.0,-23,-28097.95,,TK,0.0
TXN-00396,2025-06-01,SALE,INV-2506-0596,Thika Road Hardware & Agrovet Ltd,Thika Town,Delivery,,CUS-1041,,Electrical,Socket Outlet,4,366.8,0.0,1467.2,1467.2,178.7,714.8,752.4,,0.0,1467.2,0.0,1467.2,0.0,0.0,-4,-714.8,,TK,0.0
TXN-00397,2025-06-01,SALE,INV-2506-0598,Thika Road Hardware & Agrovet Ltd,Juja,Phone Order,Retail,CUS-1139,,Paints,Paint Brush 4in,4,200.46,0.0,801.84,801.84,94.39,377.56,424.28,,0.0,801.84,0.0,801.84,0.0,0.0,-4,-377.56,,TK,0.0
TXN-00398,2025-06-01,SALE,INV-2506-0600,Thika Road Hardware & Agrovet Ltd,Thika Town,M-Pesa Till,Farmer,CUS-1072,,Paints,Gloss Paint 4L,7,2917.14,0.0,20419.98,20419.98,1731.89,12123.23,8296.75,,0.0,20419.98,0.0,20419.98,0.0,0.0,-7,-12123.23,,MN,0.0
TXN-00399,2025-06-01,REFUND,REF-2506-2464,Thika Road Hardware & Agrovet Ltd,Thika Town,Counter,Retail,CUS-1058,,Building Materials,River Sand (ton),-4,1941.96,0.0,0.0,7767.84,1198.68,0.0,-7767.84,Customer Refund,7767.84,0.0,7767.84,0.0,0.0,0.0,4,4794.72,refund,SK,0.0
TXN-00400,2025-06-02,SALE,INV-2506-0602,Thika Road Hardware & Agrovet Ltd,Juja,Delivery,Contractor,CUS-1207,,Electrical,LED Bulb 12W,6,308.48,0.02,1850.88,1813.86,147.74,886.44,927.42,,0.0,1017.0,0.0,1017.0,796.86,0.0,-6,-886.44,,TK,0.0
TXN-00401,2025-06-02,SALE,INV-2506-0604,Thika Road Hardware & Agrovet Ltd,Thika Town,,Retail,CUS-1170,,Building Materials,Iron Sheet 3m Gauge30,2,1166.97,0.0,2333.94,2333.94,771.15,1542.3,791.64,,0.0,2333.94,0.0,2333.94,0.0,0.0,-2,-1542.3,,PW,0.0
TXN-00402,2025-06-02,SALE,INV-2506-0606,Thika Road Hardware & Agrovet Ltd,Thika Town,M-Pesa Till,Wholesale,CUS-1140,,Agro Inputs,DAP Fertilizer 50kg,4,5058.42,0.0,20233.68,20233.68,3477.93,13911.72,6321.96,,0.0,4055.08,0.0,4055.08,16178.6,0.0,-4,-13911.72,,MN,0.0
TXN-00403,2025-06-02,SALE,INV-2506-0608,Thika Road Hardware & Agrovet Ltd,Thika Town,Phone Order,Wholesale,CUS-1040,,Building Materials,River Sand (ton),10,1816.43,0.0,18164.3,18164.3,1179.41,11794.1,6370.2,,0.0,18164.3,0.0,18164.3,0.0,0.0,-10,-11794.1,,RA,0.0
TXN-00404,2025-06-02,SALE,INV-2506-0610,Thika Road Hardware & Agrovet Ltd,Thika Town,Counter,Reseller,CUS-1031,,Hardware Tools,Measuring Tape 5m,8,418.43,0.0,3347.44,3347.44,213.05,1704.4,1643.04,,0.0,3347.44,0.0,3347.44,0.0,0.0,-8,-1704.4,,PW,0.0
TXN-00405,2025-06-02,CUSTOMER_PAYMENT,RCPT-2506-2686,Thika Road Hardware & Agrovet Ltd,Juja,Collections,Wholesale,CUS-1125,,,,0,0.0,0.0,0.0,0.0,0.0,0.0,0.0,Customer Collection,0.0,2828.51,0.0,2828.51,2828.51,0.0,0,0.0,M-PESA,RA,0.0
TXN-00406,2025-06-03,SALE,INV-2506-0612,Thika Road Hardware & Agrovet Ltd,Thika Town,Delivery,Contractor,CUS-1132,,Building Materials,Cement 50kg,20,1056.04,0.0,21120.8,21120.8,649.94,12998.8,8122.0,,0.0,21120.8,0.0,21120.8,0.0,0.0,-20,-12998.8,,SK,0.0
TXN-00407,2025-06-03,STOCK_ADJUSTMENT,ADJ-2506-2535,Thika Road Hardware & Agrovet Ltd,Thika Town,Stock Count,,,,Plumbing,PVC Pipe 20mm 3m,1,0.0,0.0,0.0,0.0,0.0,0.0,0.0,Stock Adjustment,0.0,0.0,0.0,0.0,0.0,0.0,1,210.0,Manual count variance,TK,0.0
TXN-00408,2025-06-04,SALE,INV-2506-0614,Thika Road Hardware & Agrovet Ltd,Juja,Counter,Contractor,CUS-1080,,Agro Inputs,DAP Fertilizer 50kg,6,4598.84,0.0,27593.04,27593.04,3491.29,20947.74,6645.3,,0.0,12299.78,0.0,12299.78,15293.26,0.0,-6,-20947.74,,PW,0.0
TXN-00409,2025-06-04,SALE,INV-2506-0616,Thika Road Hardware & Agrovet Ltd,Thika Town,Counter,,CUS-1159,,Building Materials,Cement 50kg,23,1040.45,0.0,23930.35,23930.35,636.43,14637.89,9292.46,,0.0,23930.35,0.0,23930.35,0.0,0.0,-23,-14637.89,,TK,0.0
TXN-00410,2025-06-04,EXPENSE,EXP-2506-2530,Thika Road Hardware & Agrovet Ltd,Juja,Back Office,,,,,,0,0.0,0.0,0.0,0.0,0.0,0.0,0.0,Rent,29934.89,0.0,29934.89,0.0,0.0,0.0,0,0.0,Bank Transfer,MN,0.0
TXN-00411,2025-06-05,SALE,INV-2506-0618,Thika Road Hardware & Agrovet Ltd,Juja,Online Order,Contractor,CUS-1153,,Plumbing,PVC Pipe 20mm 3m,4,390.52,0.0,1562.08,1562.08,211.63,846.52,715.56,,0.0,432.93,0.0,432.93,1129.15,0.0,-4,-846.52,,TK,0.0
TXN-00412,2025-06-05,SALE,INV-2506-0620,Thika Road Hardware & Agrovet Ltd,Thika Town,Counter,Reseller,CUS-1201,,Hardware Tools,Measuring Tape 5m,7,415.01,0.02,2905.07,2846.97,210.18,1471.26,1375.71,,0.0,2846.97,0.0,2846.97,0.0,0.0,-7,-1471.26,,MN,0.0
TXN-00413,2025-06-05,SALE,INV-2506-0622,Thika Road Hardware & Agrovet Ltd,Juja,M-Pesa Till,Farmer,CUS-1020,,Building Materials,Cement 50kg,24,975.21,0.0,23405.04,23405.04,652.5,15660.0,7745.04,,0.0,23405.04,0.0,23405.04,0.0,0.0,-24,-15660.0,,RA,0.0
TXN-00414,2025-06-06,SALE,INV-2506-0624,Thika Road Hardware & Agrovet Ltd,Thika Town,Delivery,Contractor,CUS-1078,,Electrical,LED Bulb 12W,3,291.98,0.0,875.94,875.94,149.48,448.44,427.5,,0.0,530.76,0.0,530.76,345.18,0.0,-3,-448.44,,MN,0.0
TXN-00415,2025-06-08,SALE,INV-2506-0626,Thika Road Hardware & Agrovet Ltd,Thika Town,M-Pesa Till,Reseller,CUS-1177,,Building Materials,Hollow Block 6in,19,95.54,0.0,1815.26,2087.549,55.68,1057.92,757.34,,0.0,1815.26,0.0,1815.26,0.0,0.0,-19,-1057.92,,MN,0.0
TXN-00416,2025-06-08,SALE,INV-2506-0628,Thika Road Hardware & Agrovet Ltd,Thika Town,Online Order,Retail,CUS-1114,,Building Materials,River Sand (ton),4,1761.31,0.0,7045.24,7045.24,1183.95,4735.8,2309.44,,0.0,7045.24,0.0,7045.24,0.0,0.0,-4,-4735.8,,MN,0.0
TXN-00417,2025-06-08,SALE,INV-2506-0630,Thika Road Hardware & Agrovet Ltd,Juja,Phone Order,Retail,CUS-1070,,Paints,Emulsion Paint 4L,6,2492.41,0.0,14954.46,14954.46,1436.34,8618.04,6336.42,,0.0,14954.46,0.0,14954.46,0.0,0.0,-6,-8618.04,,PW,0.0
TXN-00418,2025-06-08,SALE,INV-2506-0632,Thika Road Hardware & Agrovet Ltd,Thika Town,Online Order,Retail,CUS-1076,,Plumbing,PVC Pipe 20mm 3m,3,398.08,0.02,1194.24,1170.36,210.76,632.28,538.08,,0.0,1170.36,0.0,1170.36,0.0,0.0,-3,-632.28,,TK,0.0
TXN-00419,2025-06-09,SALE,INV-2506-0634,Thika Road Hardware & Agrovet Ltd,Juja,Phone Order,Retail,CUS-1107,,Building Materials,Hollow Block 6in,23,87.88,0.01,2021.24,2001.03,54.18,1246.14,754.89,,0.0,2001.03,0.0,2001.03,0.0,0.0,-23,-1246.14,,MN,0.0
TXN-00420,2025-06-09,SALE,INV-2506-0636,Thika Road Hardware & Agrovet Ltd,Juja,Phone Order,,CUS-1017,,Building Materials,Hollow Block 6in,1,95.77,0.0,95.77,95.77,55.21,55.21,40.56,,0.0,95.77,0.0,95.77,0.0,0.0,-1,-55.21,,PW,0.0
TXN-00421,2025-06-09,SALE,INV-2506-0638,Thika Road Hardware & Agrovet Ltd,Thika Town,M-Pesa Till,Farmer,CUS-1167,,Building Materials,Cement 50kg,24,1051.58,0.0,25237.92,25237.92,657.91,15789.84,9448.08,,0.0,25237.92,0.0,25237.92,0.0,0.0,-24,-15789.84,,MN,0.0
TXN-00422,09/06/2025,SALE,INV-2506-0640,Thika Road Hardware & Agrovet Ltd,Thika Town,Phone Order,Retail,CUS-1154,,Electrical,Electrical Cable 2.5mm (roll),5,5236.39,0.0,26181.95,26181.95,3221.34,16106.7,10075.25,,0.0,26181.95,0.0,26181.95,0.0,0.0,-5,-16106.7,,JB,0.0
TXN-00423,2025-06-09,REFUND,REF-2506-2477,Thika Road Hardware & Agrovet Ltd,Juja,Counter,Contractor,CUS-1207,,Electrical,LED Bulb 12W,-1,308.48,0.0,0.0,302.31,147.74,0.0,-302.31,Customer Refund,302.31,0.0,302.31,0.0,0.0,0.0,1,147.74,refund,TK,0.0
TXN-00424,2025-06-10,SALE,INV-2506-0642,Thika Road Hardware & Agrovet Ltd,Juja,Delivery,Farmer,CUS-1007,,Electrical,LED Bulb 12W,4,302.45,0.0,1209.8,1209.8,148.43,593.72,616.08,,0.0,1209.8,0.0,1209.8,0.0,0.0,-4,-593.72,,PW,0.0
TXN-00425,2025-06-10,SALE,INV-2506-0644,Thika Road Hardware & Agrovet Ltd,Juja,M-Pesa Till,Contractor,CUS-1019,,Paints,Paint Brush 4in,1,207.81,0.0,207.81,207.81,96.52,96.52,111.29,,0.0,207.81,0.0,207.81,0.0,0.0,-1,-96.52,,MN,0.0
TXN-00426,2025-06-11,CUSTOMER_PAYMENT,RCPT-2506-2696,Thika Road Hardware & Agrovet Ltd,Juja,Collections,Contractor,CUS-1080,,,,0,0.0,0.0,0.0,0.0,0.0,0.0,0.0,Customer Collection,0.0,13422.12,0.0,13422.12,13422.12,0.0,0,0.0,M-PESA,PW,0.0
TXN-00427,2025-06-12,SALE,INV-2506-0646,Thika Road Hardware & Agrovet Ltd,Thika Town,Online Order,Farmer,CUS-1166,,Hardware Tools,Wheelbarrow,3,6704.53,0.0,20113.59,20113.59,4121.56,12364.68,7748.91,,0.0,20113.59,0.0,20113.59,0.0,0.0,-3,-12364.68,,SK,0.0
TXN-00428,2025-06-12,EXPENSE,EXP-2506-2529,Thika Road Hardware & Agrovet Ltd,Juja,Back Office,,,,,,0,0.0,0.0,0.0,0.0,0.0,0.0,0.0,Utilities,4676.46,0.0,4676.46,0.0,0.0,0.0,0,0.0,Bank Transfer,PW,0.0
TXN-00429,2025-06-13,PURCHASE,GRN-2506-0647,Thika Road Hardware & Agrovet Ltd,Thika Town,Supplier,,,ElectroParts Kenya,Building Materials,River Sand (ton),200,1232.99,0.0,0.0,0.0,1232.99,246598.0,0.0,Purchase,0.0,0.0,246598.0,0.0,0.0,0.0,200,246598.0,,MN,0.0
TXN-00430,2025-06-13,SALE,INV-2506-0648,Thika Road Hardware & Agrovet Ltd,Juja,Online Order,Reseller,CUS-1005,,Building Materials,River Sand (ton),21,1880.12,0.0,39482.52,39482.52,1232.0,25872.0,13610.52,,0.0,39482.52,0.0,39482.52,0.0,0.0,-21,-25872.0,,TK,0.0
TXN-00431,2025-06-13,CUSTOMER_PAYMENT,RCPT-2506-2698,Thika Road Hardware & Agrovet Ltd,Thika Town,Collections,Contractor,CUS-1078,,,,0,0.0,0.0,0.0,0.0,0.0,0.0,0.0,Customer Collection,0.0,254.07,0.0,254.07,254.07,0.0,0,0.0,M-PESA,JB,0.0
TXN-00432,2025-06-14,SALE,INV-2506-0650,Thika Road Hardware & Agrovet Ltd,Thika Town,Counter,Contractor,CUS-1064,,Plumbing,Gate Valve 1in,4,542.79,0.0,2171.16,2171.16,315.23,1260.92,910.24,,0.0,772.09,0.0,772.09,1399.07,0.0,-4,-1260.92,,JB,0.0
TXN-00433,2025-06-14,SALE,INV-2506-0652,Thika Road Hardware & Agrovet Ltd,Juja,M-Pesa Till,Wholesale,CUS-1176,,Electrical,Socket Outlet,2,351.97,0.01,703.94,696.9,180.06,360.12,336.78,,0.0,696.9,0.0,696.9,0.0,0.0,-2,-360.12,,TK,0.0
TXN-00434,2025-06-14,SALE,INV-2506-0654,Thika Road Hardware & Agrovet Ltd,Thika Town,M-Pesa Till,Contractor,CUS-1060,,Hardware Tools,Claw Hammer,4,663.76,0.0,2655.04,2655.04,379.37,1517.48,1137.56,,0.0,2655.04,0.0,2655.04,0.0,0.0,-4,-1517.48,,TK,0.0
TXN-00435,2025-06-14,EXPENSE,EXP-2506-2528,Thika Road Hardware & Agrovet Ltd,Thika Town,Back Office,,,,,,0,0.0,0.0,0.0,0.0,0.0,0.0,0.0,Rent,28961.45,0.0,28961.45,0.0,0.0,0.0,0,0.0,Cheque,PW,0.0
TXN-00436,2025-06-14,CUSTOMER_PAYMENT,RCPT-2506-2687,Thika Road Hardware & Agrovet Ltd,Juja,Collections,Contractor,CUS-1143,,,,0,0.0,0.0,0.0,0.0,0.0,0.0,0.0,Customer Collection,0.0,564.07,0.0,564.07,564.07,0.0,0,0.0,Bank Transfer,MN,0.0
TXN-00437,2025-06-15,EXPENSE,EXP-2506-2526,Thika Road Hardware & Agrovet Ltd,Thika Town,Back Office,,,,,,0,0.0,0.0,0.0,0.0,0.0,0.0,0.0,Staff Salaries,38244.79,0.0,38244.79,0.0,0.0,0.0,0,0.0,Bank Transfer,RA,0.0
TXN-00438,2025-06-16,SALE,INV-2506-0656,Thika Road Hardware & Agrovet Ltd,Thika Town,Counter,Retail,CUS-1114,,Paints,Wood Varnish 1L,8,656.98,0.01,5255.84,5203.28,375.39,3003.12,2200.16,,0.0,5203.28,0.0,5203.28,0.0,0.0,-8,-3003.12,,RA,0.0
TXN-00439,2025-06-16,CUSTOMER_PAYMENT,RCPT-2506-2690,Thika Road Hardware & Agrovet Ltd,Juja,Collections,Contractor,CUS-1134,,,,0,0.0,0.0,0.0,0.0,0.0,0.0,0.0,Customer Collection,0.0,37788.16,0.0,37788.16,37788.16,0.0,0,0.0,M-PESA,SK,0.0
TXN-00440,2025-06-17,PURCHASE,GRN-2506-0657,Thika Road Hardware & Agrovet Ltd,Thika Town,Supplier,,,AgroChem Kenya Distributors,Electrical,Electrical Cable 2.5mm (roll),162,3254.94,0.0,0.0,0.0,3254.94,527300.28,0.0,Purchase,0.0,0.0,316380.17,0.0,0.0,210920.11,162,527300.28,,JB,0.0
TXN-00441,2025-06-17,SALE,INV-2506-0658,Thika Road Hardware & Agrovet Ltd,Thika Town,M-Pesa Till,Farmer,CUS-1007,,Electrical,Electrical Cable 2.5mm (roll),7,4783.0,0.0,33481.0,33481.0,3188.63,22320.41,11160.59,,0.0,33481.0,0.0,33481.0,0.0,0.0,-7,-22320.41,,MN,0.0
TXN-00442,2025-06-19,SALE,INV-2506-0660,Thika Road Hardware & Agrovet Ltd,Thika Town,Phone Order,Farmer,CUS-1105,,Plumbing,PVC Tee 20mm,8,95.55,0.0,764.4,764.4,44.82,358.56,405.84,,0.0,764.4,0.0,764.4,0.0,0.0,-8,-358.56,,MN,0.0
TXN-00443,2025-06-19,SALE,INV-2506-0662,Thika Road Hardware & Agrovet Ltd,Thika Town,Online Order,Wholesale,CUS-1069,,Plumbing,Gate Valve 1in,2,562.4,0.0,1124.8,1124.8,323.96,647.92,476.88,,0.0,473.0,0.0,473.0,651.8,0.0,-2,-647.92,,TK,0.0
TXN-00444,2025-06-19,SUPPLIER_PAYMENT,SP-2506-2534,Thika Road Hardware & Agrovet Ltd,Juja,Supplier,,,ElectroParts Kenya,,,0,0.0,0.0,0.0,0.0,0.0,0.0,0.0,Supplier Payment,0.0,0.0,47314.53,0.0,0.0,-47314.53,0,0.0,Bank Transfer,JB,0.0
TXN-00445,2025-06-20,SALE,INV-2506-0664,Thika Road Hardware & Agrovet Ltd,Juja,Online Order,Retail,CUS-1035,,Agro Inputs,DAP Fertilizer 50kg,1,4915.13,0.0,4915.13,4915.13,3333.72,3333.72,1581.41,,0.0,4915.13,0.0,4915.13,0.0,0.0,-1,-3333.72,,TK,0.0
TXN-00446,2025-06-20,SALE,INV-2506-0666,Thika Road Hardware & Agrovet Ltd,Juja,Phone Order,Farmer,CUS-1063,,Hardware Tools,Wheelbarrow,1,7021.77,0.02,7021.77,6881.33,4232.93,4232.93,2648.4,,0.0,6881.33,0.0,6881.33,0.0,0.0,-1,-4232.93,,TK,0.0
TXN-00447,2025-06-20,SALE,INV-2506-0668,Thika Road Hardware & Agrovet Ltd,Thika Town,Online Order,Contractor,CUS-1207,,Plumbing,Gate Valve 1in,8,570.42,0.0,4563.36,4563.36,315.81,2526.48,2036.88,,0.0,4563.36,0.0,4563.36,0.0,0.0,-8,-2526.48,,TK,0.0
TXN-00448,2025-06-20,SALE,INV-2506-0670,Thika Road Hardware & Agrovet Ltd,Thika Town,Delivery,Retail,CUS-1203,,Electrical,LED Bulb 12W,7,294.44,0.0,2061.08,2061.08,152.19,1065.33,995.75,,0.0,2061.08,0.0,2061.08,0.0,0.0,-7,-1065.33,,JB,0.0
TXN-00449,2025-06-21,SALE,INV-2506-0672,Thika Road Hardware & Agrovet Ltd,Thika Town,M-Pesa Till,Farmer,CUS-1115,,Agro Inputs,DAP Fertilizer 50kg,4,5166.67,0.02,20666.68,20253.35,3470.13,13880.52,6372.83,,0.0,20253.35,0.0,20253.35,0.0,0.0,-4,-13880.52,,SK,0.0
TXN-00450,2025-06-21,SALE,INV-2506-0674,Thika Road Hardware & Agrovet Ltd,Juja,Counter,Reseller,CUS-1022,,Plumbing,PVC Tee 20mm,6,95.32,0.0,571.92,571.92,45.25,271.5,300.42,,0.0,571.92,0.0,571.92,0.0,0.0,-6,-271.5,,SK,0.0
TXN-00451,2025-06-21,SALE,INV-2506-0676,Thika Road Hardware & Agrovet Ltd,Thika Town,Online Order,Reseller,CUS-1136,,Building Materials,River Sand (ton),11,1924.62,0.0,21170.82,21170.82,1227.02,13497.22,7673.6,,0.0,21170.82,0.0,21170.82,0.0,0.0,-11,-13497.22,,SK,0.0
TXN-00452,2025-06-21,EXPENSE,EXP-2506-2527,Thika Road Hardware & Agrovet Ltd,Juja,Back Office,,,,,,0,0.0,0.0,0.0,0.0,0.0,0.0,0.0,Staff Salaries,35202.47,0.0,35202.47,0.0,0.0,0.0,0,0.0,M-PESA,SK,0.0
TXN-00453,2025-06-21,EXPENSE,EXP-2506-2531,Thika Road Hardware & Agrovet Ltd,Thika Town,Back Office,,,,,,0,0.0,0.0,0.0,0.0,0.0,0.0,0.0,Marketing,3193.63,0.0,3193.63,0.0,0.0,0.0,0,0.0,Cash,RA,0.0
TXN-00454,2025-06-22,CUSTOMER_PAYMENT,RCPT-2506-2689,Thika Road Hardware & Agrovet Ltd,Thika Town,Collections,Contractor,CUS-1120,,,,0,0.0,0.0,0.0,0.0,0.0,0.0,0.0,Customer Collection,0.0,583.28,0.0,583.28,583.28,0.0,0,0.0,Bank Transfer,JB,0.0
TXN-00455,2025-06-23,SALE,INV-2506-0678,Thika Road Hardware & Agrovet Ltd,Juja,Online Order,Retail,CUS-1088,,Electrical,Socket Outlet,1,331.95,0.0,331.95,331.95,177.18,177.18,154.77,,0.0,331.95,0.0,331.95,0.0,0.0,-1,-177.18,,RA,0.0
TXN-00456,2025-06-24,SALE,INV-2506-0680,Thika Road Hardware & Agrovet Ltd,Juja,Phone Order,Wholesale,CUS-1123,,Agro Inputs,Pesticide 1L,6,1073.82,0.05,6442.92,6120.77,615.28,3691.68,2429.09,,0.0,2943.91,0.0,2943.91,3176.86,0.0,-6,-3691.68,,SK,0.0
TXN-00457,2025-06-24,SALE,INV-2506-0682,Thika Road Hardware & Agrovet Ltd,Juja,Phone Order,Reseller,CUS-1131,,Building Materials,River Sand (ton),15,1800.33,0.0,27004.95,27004.95,1178.43,17676.45,9328.5,,0.0,27004.95,0.0,27004.95,0.0,0.0,-15,-17676.45,,PW,0.0
TXN-00458,2025-06-24,SALE,INV-2506-0684,Thika Road Hardware & Agrovet Ltd,Thika Town,Delivery,Retail,CUS-1149,,Paints,Wood Varnish 1L,1,692.75,0.0,692.75,692.75,388.01,388.01,304.74,,0.0,692.75,0.0,692.75,0.0,0.0,-1,-388.01,,RA,0.0
TXN-00459,2025-06-24,SUPPLIER_PAYMENT,SP-2506-2533,Thika Road Hardware & Agrovet Ltd,Thika Town,Supplier,,,Thika Building Suppliers Ltd,,,0,0.0,0.0,0.0,0.0,0.0,0.0,0.0,Supplier Payment,0.0,0.0,10716.3,0.0,0.0,-10716.3,0,0.0,M-PESA,RA,0.0
TXN-00460,2025-06-24,CUSTOMER_PAYMENT,RCPT-2506-2699,Thika Road Hardware & Agrovet Ltd,Thika Town,Collections,Contractor,CUS-1064,,,,0,0.0,0.0,0.0,0.0,0.0,0.0,0.0,Customer Collection,0.0,1047.57,0.0,1047.57,1047.57,0.0,0,0.0,M-PESA,JB,0.0
TXN-00461,25-06-2025,SALE,INV-2506-0686,Thika Road Hardware & Agrovet Ltd,Thika Town,Online Order,Farmer,CUS-1007,,Building Materials,Hollow Block 6in,1,99.29,0.01,99.29,98.3,56.48,56.48,41.82,,0.0,98.3,0.0,98.3,0.0,0.0,-1,-56.48,,PW,0.0
TXN-00462,2025-06-25,SALE,INV-2506-0688,Thika Road Hardware & Agrovet Ltd,Juja,Delivery,Reseller,CUS-1099,,Agro Inputs,DAP Fertilizer 50kg,3,5092.68,0.0,15278.04,15278.04,3380.99,10142.97,5135.07,,0.0,15278.04,0.0,15278.04,0.0,0.0,-3,-10142.97,,PW,0.0
TXN-00463,2025-06-25,SALE,INV-2506-0690,Thika Road Hardware & Agrovet Ltd,Juja,M-Pesa Till,Contractor,CUS-1066,,Plumbing,Water Tank 1000L,4,12270.4,0.03,49081.6,47609.15,8216.08,32864.32,14744.83,,0.0,47609.15,0.0,47609.15,0.0,0.0,-4,-32864.32,,SK,0.0
TXN-00464,2025-06-25,CUSTOMER_PAYMENT,RCPT-2506-2688,Thika Road Hardware & Agrovet Ltd,Thika Town,Collections,Wholesale,CUS-1141,,,,0,0.0,0.0,0.0,0.0,0.0,0.0,0.0,Customer Collection,0.0,719.58,0.0,719.58,719.58,0.0,0,0.0,M-PESA,MN,0.0
TXN-00465,2025-06-26,SALE,INV-2506-0692,Thika Road Hardware & Agrovet Ltd,Thika Town,M-Pesa Till,Contractor,CUS-1095,,Plumbing,PVC Tee 20mm,6,97.33,0.02,583.98,572.3,46.2,277.2,295.1,,0.0,572.3,0.0,572.3,0.0,0.0,-6,-277.2,,SK,0.0
TXN-00466,2025-06-26,SALE,INV-2506-0694,Thika Road Hardware & Agrovet Ltd,Juja,Phone Order,Wholesale,CUS-1123,,Agro Inputs,Maize Seed 2kg Pack,8,798.45,0.0,6387.6,6387.6,486.63,3893.04,2494.56,,0.0,6387.6,0.0,6387.6,0.0,0.0,-8,-3893.04,,TK,0.0
TXN-00467,2025-06-26,SALE,INV-2506-0696,Thika Road Hardware & Agrovet Ltd,Juja,Online Order,Farmer,CUS-1000,,Plumbing,PVC Tee 20mm,8,97.68,0.0,781.44,781.44,44.39,355.12,426.32,,0.0,781.44,0.0,781.44,0.0,0.0,-8,-355.12,,MN,0.0
TXN-00468,26/06/2025,SALE,INV-2506-0698,Thika Road Hardware & Agrovet Ltd,Thika Town,Counter,Farmer,CUS-1086,,Electrical,Electrical Cable 2.5mm (roll),3,5258.55,0.0,15775.65,15775.65,3227.28,9681.84,6093.81,,0.0,15775.65,0.0,15775.65,0.0,0.0,-3,-9681.84,,TK,0.0
TXN-00469,2025-06-26,CUSTOMER_PAYMENT,RCPT-2506-2695,Thika Road Hardware & Agrovet Ltd,Thika Town,Collections,Wholesale,CUS-1140,,,,0,0.0,0.0,0.0,0.0,0.0,0.0,0.0,Customer Collection,0.0,13041.52,0.0,13041.52,13041.52,0.0,0,0.0,M-pesa,TK,0.0
TXN-00470,2025-06-27,SALE,INV-2506-0700,Thika Road Hardware & Agrovet Ltd,Thika Town,Phone Order,Retail,CUS-1124,,Electrical,Electrical Cable 2.5mm (roll),1,5028.12,0.01,5028.12,4977.84,3245.02,3245.02,1732.82,,0.0,4977.84,0.0,4977.84,0.0,0.0,-1,-3245.02,,TK,0.0
TXN-00471,2025-06-27,SALE,INV-2506-0702,Thika Road Hardware & Agrovet Ltd,Juja,Delivery,Retail,CUS-1217,,Electrical,Circuit Breaker 20A,1,787.39,0.02,787.39,771.64,427.46,427.46,344.18,,0.0,771.64,0.0,771.64,0.0,0.0,-1,-427.46,,JB,0.0
TXN-00472,2025-06-27,SUPPLIER_PAYMENT,SP-2506-2532,Thika Road Hardware & Agrovet Ltd,Thika Town,Supplier,,,AgroChem Kenya Distributors,,,0,0.0,0.0,0.0,0.0,0.0,0.0,0.0,Supplier Payment,0.0,0.0,44192.47,0.0,0.0,-44192.47,0,0.0,Bank Transfer,TK,0.0
TXN-00473,2025-06-28,SALE,INV-2506-0704,Thika Road Hardware & Agrovet Ltd,Juja,Phone Order,Retail,CUS-1168,,Plumbing,PVC Pipe 20mm 3m,7,384.29,0.02,2690.03,2636.23,206.95,1448.65,1187.58,,0.0,2636.23,0.0,2636.23,0.0,0.0,-7,-1448.65,,RA,0.0
TXN-00474,2025-06-28,SALE,INV-2506-0706,Thika Road Hardware & Agrovet Ltd,Thika Town,Counter,Farmer,CUS-1023,,Paints,Paint Brush 4in,6,200.3,0.01,1201.8,1189.78,95.4,572.4,617.38,,0.0,1189.78,0.0,1189.78,0.0,0.0,-6,-572.4,,JB,0.0
TXN-00475,2025-06-28,SALE,INV-2506-0708,Thika Road Hardware & Agrovet Ltd,Juja,M-Pesa Till,Retail,CUS-1036,,Plumbing,PVC Pipe 20mm 3m,1,393.33,0.01,393.33,389.4,208.2,208.2,181.2,,0.0,389.4,0.0,389.4,0.0,0.0,-1,-208.2,,RA,0.0
TXN-00476,2025-06-28,CUSTOMER_PAYMENT,RCPT-2506-2691,Thika Road Hardware & Agrovet Ltd,Thika Town,Collections,Wholesale,CUS-1071,,,,0,0.0,0.0,0.0,0.0,0.0,0.0,0.0,Customer Collection,0.0,1794.32,0.0,1794.32,1794.32,0.0,0,0.0,Bank Transfer,JB,0.0
TXN-00477,2025-06-28,CUSTOMER_PAYMENT,RCPT-2506-2693,Thika Road Hardware & Agrovet Ltd,Juja,Collections,Contractor,CUS-1064,,,,0,0.0,0.0,0.0,0.0,0.0,0.0,0.0,Customer Collection,0.0,332.32,0.0,332.32,332.32,0.0,0,0.0,M-PESA,SK,0.0
TXN-00478,2025-06-29,SALE,INV-2506-0710,Thika Road Hardware & Agrovet Ltd,Thika Town,Phone Order,Retail,CUS-1195,,Paints,Gloss Paint 4L,3,2950.94,0.02,8852.82,8675.76,1734.71,5204.13,3471.63,,0.0,8675.76,0.0,8675.76,0.0,0.0,-3,-5204.13,,TK,0.0
TXN-00479,2025-06-30,SALE,INV-2506-0712,Thika Road Hardware & Agrovet Ltd,Thika Town,Phone Order,Wholesale,CUS-1219,,Plumbing,PVC Tee 20mm,8,88.81,0.02,710.48,696.27,46.04,368.32,327.95,,0.0,696.27,0.0,696.27,0.0,0.0,-8,-368.32,,PW,0.0
TXN-00480,2025-06-30,SALE,INV-2506-0714,Thika Road Hardware & Agrovet Ltd,Thika Town,M-Pesa Till,Retail,CUS-1175,,Paints,Paint Brush 4in,1,209.55,0.02,209.55,205.36,96.06,96.06,109.3,,0.0,205.36,0.0,205.36,0.0,0.0,-1,-96.06,,TK,0.0
TXN-00481,2025-06-30,SALE,INV-2506-0716,Thika Road Hardware & Agrovet Ltd,Juja,Online Order,Retail,CUS-1198,,Plumbing,Gate Valve 1in,1,551.66,0.03,551.66,535.11,326.6,326.6,208.51,,0.0,535.11,0.0,535.11,0.0,0.0,-1,-326.6,,PW,0.0
TXN-00482,2025-06-30,SALE,INV-2506-0718,Thika Road Hardware & Agrovet Ltd,Juja,M-Pesa Till,Retail,CUS-1067,,Agro Inputs,CAN Fertilizer 50kg,2,4642.06,0.0,9284.12,9284.12,3085.59,6171.18,3112.94,,0.0,9284.12,0.0,9284.12,0.0,0.0,-2,-6171.18,,MN,0.0
TXN-00483,2025-07-01,SALE,INV-2507-0720,Thika Road Hardware & Agrovet Ltd,Thika Town,Delivery,Farmer,CUS-1180,,Paints,Emulsion Paint 4L,2,2297.54,0.0,4595.08,4595.08,1377.16,2754.32,1840.76,,0.0,4595.08,0.0,4595.08,0.0,0.0,-2,-2754.32,,TK,0.0
TXN-00484,2025-07-01,SALE,INV-2507-0722,Thika Road Hardware & Agrovet Ltd,Thika Town,M-Pesa Till,Farmer,CUS-1158,,Paints,Wood Varnish 1L,5,706.37,0.01,3531.85,3496.53,379.82,1899.1,1597.43,,0.0,3496.53,0.0,3496.53,0.0,0.0,-5,-1899.1,,RA,0.0
TXN-00485,2025-07-01,CUSTOMER_PAYMENT,RCPT-2507-2694,Thika Road Hardware & Agrovet Ltd,Juja,Collections,Contractor,CUS-1207,,,,0,0.0,0.0,0.0,0.0,0.0,0.0,0.0,Customer Collection,0.0,652.84,0.0,652.84,652.84,0.0,0,0.0,Bank Transfer,SK,0.0
TXN-00486,2025-07-02,SALE,INV-2507-0724,Thika Road Hardware & Agrovet Ltd,Juja,Online Order,Wholesale,CUS-1176,,Paints,Wood Varnish 1L,4,655.94,0.01,2623.76,2597.52,374.05,1496.2,1101.32,,0.0,1815.24,0.0,1815.24,782.28,0.0,-4,-1496.2,,RA,0.0
TXN-00487,2025-07-02,SALE,INV-2507-0726,Thika Road Hardware & Agrovet Ltd,Juja,Counter,Wholesale,CUS-1096,,Hardware Tools,Measuring Tape 5m,2,396.1,0.0,792.2,792.2,211.06,422.12,370.08,,0.0,529.01,0.0,529.01,263.19,0.0,-2,-422.12,,TK,0.0
TXN-00488,2025-07-02,SALE,INV-2507-0728,Thika Road Hardware & Agrovet Ltd,Juja,Delivery,Retail,CUS-1043,,Building Materials,Cement 50kg,15,959.18,0.0,14387.7,14387.7,637.68,9565.2,4822.5,,0.0,14387.7,0.0,14387.7,0.0,0.0,-15,-9565.2,,PW,0.0
TXN-00489,2025-07-02,SALE,INV-2507-0730,Thika Road Hardware & Agrovet Ltd,Thika Town,Online Order,Retail,CUS-1152,,Plumbing,Water Tank 1000L,5,12359.22,0.0,61796.1,61796.1,8167.44,40837.2,20958.9,,0.0,61796.1,0.0,61796.1,0.0,0.0,-5,-40837.2,,TK,0.0
TXN-00490,2025-07-03,SALE,INV-2507-0732,Thika Road Hardware & Agrovet Ltd,Juja,Online Order,Reseller,CUS-1099,,Building Materials,Hollow Block 6in,18,97.44,0.0,1753.92,1753.92,55.44,997.92,756.0,,0.0,1753.92,0.0,1753.92,0.0,0.0,-18,-997.92,,MN,0.0
TXN-00491,2025-07-03,SALE,INV-2507-0734,Thika Road Hardware & Agrovet Ltd,Juja,M-Pesa Till,Farmer,CUS-1041,,Electrical,Electrical Cable 2.5mm (roll),2,4776.74,0.03,9553.48,9266.88,3231.82,6463.64,2803.24,,0.0,9266.88,0.0,9266.88,0.0,0.0,-2,-6463.64,,SK,0.0
TXN-00492,2025-07-03,SALE,INV-2507-0736,Thika Road Hardware & Agrovet Ltd,Juja,Phone Order,Farmer,CUS-1180,,Building Materials,Hollow Block 6in,14,90.03,0.01,1260.42,1247.82,55.37,775.18,472.64,,0.0,1247.82,0.0,1247.82,0.0,0.0,-14,-775.18,,RA,0.0
TXN-00493,2025-07-03,SUPPLIER_PAYMENT,SP-2507-2542,Thika Road Hardware & Agrovet Ltd,Thika Town,Supplier,,,Bamburi Cement Depot,,,0,0.0,0.0,0.0,0.0,0.0,0.0,0.0,Supplier Payment,0.0,0.0,57756.59,0.0,0.0,-57756.59,0,0.0,Cheque,SK,0.0
TXN-00494,2025-07-03,CUSTOMER_PAYMENT,RCPT-2507-2697,Thika Road Hardware & Agrovet Ltd,Juja,Collections,Contractor,CUS-1153,,,,0,0.0,0.0,0.0,0.0,0.0,0.0,0.0,Customer Collection,0.0,849.5,0.0,849.5,849.5,0.0,0,0.0,Mpesa,MN,0.0
TXN-00495,2025-07-04,SALE,INV-2507-0738,Thika Road Hardware & Agrovet Ltd,Thika Town,Phone Order,Retail,CUS-1038,,Agro Inputs,DAP Fertilizer 50kg,6,4628.68,0.01,27772.08,27494.36,3391.51,20349.06,7145.3,,0.0,27494.36,0.0,27494.36,0.0,0.0,-6,-20349.06,,MN,0.0
TXN-00496,2025-07-04,SALE,INV-2507-0740,Thika Road Hardware & Agrovet Ltd,Juja,Counter,Contractor,CUS-1065,,Agro Inputs,DAP Fertilizer 50kg,7,4728.3,0.0,33098.1,33098.1,3366.54,23565.78,9532.32,,0.0,7992.14,0.0,7992.14,25105.96,0.0,-7,-23565.78,,JB,0.0
TXN-00497,2025-07-04,SALE,INV-2507-0742,Thika Road Hardware & Agrovet Ltd,Thika Town,Phone Order,Contractor,CUS-1012,,Agro Inputs,CAN Fertilizer 50kg,5,4326.09,0.02,21630.45,21197.84,3175.95,15879.75,5318.09,,0.0,21197.84,0.0,21197.84,0.0,0.0,-5,-15879.75,,MN,0.0
TXN-00498,2025-07-04,SALE,INV-2507-0744,Thika Road Hardware & Agrovet Ltd,Juja,Delivery,Retail,CUS-1028,,Building Materials,River Sand (ton),9,1827.9,0.0,16451.1,16451.1,1197.6,10778.4,5672.7,,0.0,16451.1,0.0,16451.1,0.0,0.0,-9,-10778.4,,RA,0.0
TXN-00499,2025-07-05,SALE,INV-2507-0746,Thika Road Hardware & Agrovet Ltd,Thika Town,Phone Order,Reseller,CUS-1173,,Paints,Emulsion Paint 4L,8,2486.35,0.0,19890.8,19890.8,1412.01,11296.08,8594.72,,0.0,19890.8,0.0,19890.8,0.0,0.0,-8,-11296.08,,JB,0.0
TXN-00500,2025-07-05,SALE,INV-2507-0748,Thika Road Hardware & Agrovet Ltd,Thika Town,Online Order,Wholesale,CUS-1037,,Electrical,LED Bulb 12W,1,308.44,0.0,308.44,308.44,148.38,148.38,160.06,,0.0,115.36,0.0,115.36,193.08,0.0,-1,-148.38,,TK,0.0
TXN-00501,2025-07-06,SALE,INV-2507-0750,Thika Road Hardware & Agrovet Ltd,Thika Town,Delivery,Retail,CUS-1008,,Paints,Paint Brush 4in,6,212.29,0.0,1273.74,1273.74,95.68,574.08,699.66,,0.0,1273.74,0.0,1273.74,0.0,0.0,-6,-574.08,,JB,0.0
TXN-00502,2025-07-06,SALE,INV-2507-0752,Thika Road Hardware & Agrovet Ltd,Juja,Delivery,Wholesale,CUS-1010,,Paints,Emulsion Paint 4L,5,2227.11,0.0,11135.55,11135.55,1433.83,7169.15,3966.4,,0.0,5423.32,0.0,5423.32,5712.23,0.0,-5,-7169.15,,TK,0.0
TXN-00503,2025-07-06,SALE,INV-2507-0754,Thika Road Hardware & Agrovet Ltd,Juja,Online Order,Farmer,CUS-1072,,Building Materials,Cement 50kg,16,1015.75,0.0,16252.0,16252.0,650.69,10411.04,5840.96,,0.0,16252.0,0.0,16252.0,0.0,0.0,-16,-10411.04,,MN,0.0
TXN-00504,2025-07-06,EXPENSE,EXP-2507-2537,Thika Road Hardware & Agrovet Ltd,Thika Town,Back Office,,,,,,0,0.0,0.0,0.0,0.0,0.0,0.0,0.0,Rent,26534.67,0.0,26534.67,0.0,0.0,0.0,0,0.0,Bank Transfer,JB,0.0
TXN-00505,2025-07-07,SALE,INV-2507-0756,Thika Road Hardware & Agrovet Ltd,Juja,Online Order,Wholesale,CUS-1165,,Hardware Tools,Measuring Tape 5m,5,425.59,0.01,2127.95,2106.67,213.47,1067.35,1039.32,,0.0,2106.67,0.0,2106.67,0.0,0.0,-5,-1067.35,,TK,0.0
TXN-00506,2025-07-07,SALE,INV-2507-0758,Thika Road Hardware & Agrovet Ltd,Juja,Online Order,Contractor,CUS-1113,,Electrical,Socket Outlet,5,362.95,0.0,1814.75,1814.75,183.78,918.9,895.85,,0.0,1814.75,0.0,1814.75,0.0,0.0,-5,-918.9,,TK,0.0
TXN-00507,2025-07-07,CUSTOMER_PAYMENT,RCPT-2507-2692,Thika Road Hardware & Agrovet Ltd,Juja,Collections,Wholesale,CUS-1014,,,,0,0.0,0.0,0.0,0.0,0.0,0.0,0.0,Customer Collection,0.0,312.58,0.0,312.58,312.58,0.0,0,0.0,M-PESA,RA,0.0
TXN-00508,2025-07-08,SALE,INV-2507-0760,Thika Road Hardware & Agrovet Ltd,Juja,M-Pesa Till,Farmer,CUS-1166,,Electrical,LED Bulb 12W,1,328.8,0.02,328.8,322.22,151.3,151.3,170.92,,0.0,322.22,0.0,322.22,0.0,0.0,-1,-151.3,,JB,0.0
TXN-00509,2025-07-08,SALE,INV-2507-0762,Thika Road Hardware & Agrovet Ltd,Thika Town,Online Order,Wholesale,CUS-1056,,Hardware Tools,Claw Hammer,2,726.98,0.01,1453.96,1439.42,380.78,761.56,677.86,,0.0,423.88,0.0,423.88,1015.54,0.0,-2,-761.56,,RA,0.0
TXN-00510,2025-07-08,CUSTOMER_PAYMENT,RCPT-2507-2702,Thika Road Hardware & Agrovet Ltd,Juja,Collections,Wholesale,CUS-1096,,,,0,0.0,0.0,0.0,0.0,0.0,0.0,0.0,Customer Collection,0.0,225.56,0.0,225.56,225.56,0.0,0,0.0,Bank Transfer,TK,0.0
TXN-00511,2025-07-09,SALE,INV-2507-0764,Thika Road Hardware & Agrovet Ltd,Juja,M-Pesa Till,Contractor,CUS-1157,,Building Materials,Hollow Block 6in,3,90.43,0.02,271.29,265.86,54.75,164.25,101.61,,0.0,64.45,0.0,64.45,201.41,0.0,-3,-164.25,,RA,0.0
TXN-00512,2025-07-09,EXPENSE,EXP-2507-2538,Thika Road Hardware & Agrovet Ltd,Juja,Back Office,,,,,,0,0.0,0.0,0.0,0.0,0.0,0.0,0.0,Transport,4643.68,0.0,4643.68,0.0,0.0,0.0,0,0.0,Mpesa,MN,0.0
TXN-00513,2025-07-10,SUPPLIER_PAYMENT,SP-2507-2544,Thika Road Hardware & Agrovet Ltd,Juja,Supplier,,,Bamburi Cement Depot,,,0,0.0,0.0,0.0,0.0,0.0,0.0,0.0,Supplier Payment,0.0,0.0,28492.84,0.0,0.0,-28492.84,0,0.0,Bank Transfer,TK,0.0
TXN-00514,2025-07-12,SALE,INV-2507-0766,Thika Road Hardware & Agrovet Ltd,Thika Town,Online Order,Retail,CUS-1102,,Electrical,Socket Outlet,6,340.38,0.0,2042.28,2042.28,178.9,1073.4,968.88,,0.0,2042.28,0.0,2042.28,0.0,0.0,-6,-1073.4,,MN,0.0
TXN-00515,2025-07-12,SALE,INV-2507-0768,Thika Road Hardware & Agrovet Ltd,Juja,M-Pesa Till,Wholesale,CUS-1071,,Hardware Tools,Claw Hammer,4,669.39,0.0,2677.56,2677.56,373.51,1494.04,1183.52,,0.0,2677.56,0.0,2677.56,0.0,0.0,-4,-1494.04,,MN,0.0
TXN-00516,2025-07-12,CUSTOMER_PAYMENT,RCPT-2507-2704,Thika Road Hardware & Agrovet Ltd,Thika Town,Collections,Wholesale,CUS-1037,,,,0,0.0,0.0,0.0,0.0,0.0,0.0,0.0,Customer Collection,0.0,152.15,0.0,152.15,152.15,0.0,0,0.0,M-PESA,MN,0.0
TXN-00517,13-07-2025,SALE,INV-2507-0770,Thika Road Hardware & Agrovet Ltd,Juja,Online Order,Farmer,CUS-1138,,Electrical,Socket Outlet,3,366.9,0.03,1100.7,1067.68,182.53,547.59,520.09,,0.0,1067.68,0.0,1067.68,0.0,0.0,-3,-547.59,,SK,0.0
TXN-00518,2025-07-13,EXPENSE,EXP-2507-2536,Thika Road Hardware & Agrovet Ltd,Juja,Back Office,,,,,,0,0.0,0.0,0.0,0.0,0.0,0.0,0.0,Rent,24074.23,0.0,24074.23,0.0,0.0,0.0,0,0.0,Cash,SK,0.0
TXN-00519,2025-07-13,CUSTOMER_PAYMENT,RCPT-2507-2706,Thika Road Hardware & Agrovet Ltd,Thika Town,Collections,Wholesale,CUS-1056,,,,0,0.0,0.0,0.0,0.0,0.0,0.0,0.0,Customer Collection,0.0,936.41,0.0,936.41,936.41,0.0,0,0.0,M-PESA,JB,0.0
TXN-00520,2025-07-14,SALE,INV-2507-0772,Thika Road Hardware & Agrovet Ltd,Juja,Counter,Retail,CUS-1154,,Plumbing,Water Tank 1000L,4,11896.55,0.01,47586.2,47110.34,8430.35,33721.4,13388.94,,0.0,47110.34,0.0,47110.34,0.0,0.0,-4,-33721.4,,SK,0.0
TXN-00521,2025-07-14,SALE,INV-2507-0774,Thika Road Hardware & Agrovet Ltd,Juja,Counter,Retail,CUS-1049,,Hardware Tools,Measuring Tape 5m,4,408.51,0.02,1634.04,1601.36,215.88,863.52,737.84,,0.0,1601.36,0.0,1601.36,0.0,0.0,-4,-863.52,,JB,0.0
TXN-00522,14-07-2025,SALE,INV-2507-0776,Thika Road Hardware & Agrovet Ltd,Thika Town,Delivery,Contractor,CUS-1048,,Electrical,Socket Outlet,1,339.54,0.0,339.54,339.54,177.78,177.78,161.76,,0.0,339.54,0.0,339.54,0.0,0.0,-1,-177.78,,TK,0.0
TXN-00523,2025-07-14,REFUND,REF-2507-2468,Thika Road Hardware & Agrovet Ltd,Thika Town,Counter,Retail,CUS-1102,,Electrical,Socket Outlet,-1,340.38,0.0,0.0,340.38,178.9,0.0,-340.38,Customer Refund,340.38,0.0,340.38,0.0,0.0,0.0,1,178.9,refund,MN,0.0
TXN-00524,2025-07-15,SALE,INV-2507-0778,Thika Road Hardware & Agrovet Ltd,Thika Town,Counter,Contractor,CUS-1091,,Agro Inputs,Maize Seed 2kg Pack,6,755.92,0.0,4535.52,4535.52,475.36,2852.16,1683.36,,0.0,1311.23,0.0,1311.23,3224.29,0.0,-6,-2852.16,,PW,0.0
TXN-00525,2025-07-15,SALE,INV-2507-0780,Thika Road Hardware & Agrovet Ltd,Juja,Counter,Farmer,CUS-1138,,Electrical,LED Bulb 12W,7,328.78,0.01,2301.46,2278.45,151.26,1058.82,1219.63,,0.0,2278.45,0.0,2278.45,0.0,0.0,-7,-1058.82,,JB,0.0
TXN-00526,2025-07-15,SALE,INV-2507-0782,Thika Road Hardware & Agrovet Ltd,Thika Town,Delivery,Retail,CUS-1094,,Building Materials,Hollow Block 6in,18,92.11,0.0,1657.98,1657.98,54.67,984.06,673.92,,0.0,1657.98,0.0,1657.98,0.0,0.0,-18,-984.06,,RA,0.0
TXN-00527,2025-07-16,SALE,INV-2507-0784,Thika Road Hardware & Agrovet Ltd,Thika Town,M-Pesa Till,Farmer,CUS-1138,,Agro Inputs,Pesticide 1L,4,1071.19,0.0,4284.76,4284.76,630.01,2520.04,1764.72,,0.0,4284.76,0.0,4284.76,0.0,0.0,-4,-2520.04,,MN,0.0
TXN-00528,2025-07-16,SALE,INV-2507-0786,Thika Road Hardware & Agrovet Ltd,Juja,M-Pesa Till,Retail,CUS-1205,,Paints,Emulsion Paint 4L,7,2409.22,0.0,16864.54,16864.54,1415.46,9908.22,6956.32,,0.0,16864.54,0.0,16864.54,0.0,0.0,-7,-9908.22,,TK,0.0
TXN-00529,2025-07-17,SALE,INV-2507-0788,Thika Road Hardware & Agrovet Ltd,Juja,Delivery,Wholesale,CUS-1096,,Paints,Emulsion Paint 4L,1,2427.82,0.0,2427.82,2427.82,1427.65,1427.65,1000.17,,0.0,1314.13,0.0,1314.13,1113.69,0.0,-1,-1427.65,,TK,0.0
TXN-00530,2025-07-17,SALE,INV-2507-0790,Thika Road Hardware & Agrovet Ltd,Juja,M-Pesa Till,Contractor,CUS-1211,,Plumbing,Gate Valve 1in,1,575.51,0.0,575.51,575.51,324.89,324.89,250.62,,0.0,196.62,0.0,196.62,378.89,0.0,-1,-324.89,,TK,0.0
TXN-00531,2025-07-17,SALE,INV-2507-0792,Thika Road Hardware & Agrovet Ltd,Thika Town,M-Pesa Till,Farmer,CUS-1086,,Paints,Emulsion Paint 4L,7,2402.99,0.0,16820.93,16820.93,1428.3,9998.1,6822.83,,0.0,16820.93,0.0,16820.93,0.0,0.0,-7,-9998.1,,RA,0.0
TXN-00532,2025-07-17,SALE,INV-2507-0794,Thika Road Hardware & Agrovet Ltd,Thika Town,Online Order,Reseller,CUS-1103,,Building Materials,Hollow Block 6in,1,87.78,0.0,87.78,87.78,54.85,54.85,32.93,,0.0,87.78,0.0,87.78,0.0,0.0,-1,-54.85,,TK,0.0
TXN-00533,2025-07-17,SALE,INV-2507-0796,Thika Road Hardware & Agrovet Ltd,Juja,Counter,Wholesale,CUS-1056,,Plumbing,PVC Tee 20mm,1,94.86,0.0,94.86,94.86,44.93,44.93,49.93,,0.0,24.26,0.0,24.26,70.6,0.0,-1,-44.93,,TK,0.0
TXN-00534,2025-07-18,SALE,INV-2507-0798,Thika Road Hardware & Agrovet Ltd,Thika Town,Delivery,Farmer,CUS-1000,,Paints,Wood Varnish 1L,2,709.62,0.0,1419.24,1419.24,380.35,760.7,658.54,,0.0,1419.24,0.0,1419.24,0.0,0.0,-2,-760.7,,TK,0.0
TXN-00535,2025-07-19,SALE,INV-2507-0800,Thika Road Hardware & Agrovet Ltd,Juja,Online Order,Contractor,CUS-1101,,Electrical,Circuit Breaker 20A,8,787.7,0.0,6301.6,6301.6,432.32,3458.56,2843.04,,0.0,6301.6,0.0,6301.6,0.0,0.0,-8,-3458.56,,SK,0.0
TXN-00536,2025-07-19,SALE,INV-2507-0802,Thika Road Hardware & Agrovet Ltd,Juja,Delivery,Retail,CUS-1145,,Building Materials,River Sand (ton),21,1860.21,0.0,39064.41,39064.41,1231.48,25861.08,13203.33,,0.0,39064.41,0.0,39064.41,0.0,0.0,-21,-25861.08,,RA,0.0
TXN-00537,2025-07-19,CUSTOMER_PAYMENT,RCPT-2507-2700,Thika Road Hardware & Agrovet Ltd,Thika Town,Collections,Wholesale,CUS-1069,,,,0,0.0,0.0,0.0,0.0,0.0,0.0,0.0,Customer Collection,0.0,481.4,0.0,481.4,481.4,0.0,0,0.0,M-PESA,RA,0.0
TXN-00538,2025-07-20,SALE,INV-2507-0804,Thika Road Hardware & Agrovet Ltd,Thika Town,M-Pesa Till,Contractor,CUS-1029,,Paints,Emulsion Paint 4L,7,2277.99,0.0,15945.93,15945.93,1428.72,10001.04,5944.89,,0.0,15945.93,0.0,15945.93,0.0,0.0,-7,-10001.04,,PW,0.0
TXN-00539,2025-07-20,SALE,INV-2507-0806,Thika Road Hardware & Agrovet Ltd,Thika Town,M-Pesa Till,Farmer,CUS-1178,,Electrical,Socket Outlet,1,364.29,0.0,364.29,364.29,183.78,183.78,180.51,,0.0,364.29,0.0,364.29,0.0,0.0,-1,-183.78,,PW,0.0
TXN-00540,2025-07-20,SALE,INV-2507-0808,Thika Road Hardware & Agrovet Ltd,Juja,M-Pesa Till,Retail,CUS-1085,,Agro Inputs,CAN Fertilizer 50kg,3,4431.5,0.0,13294.5,13294.5,3118.4,9355.2,3939.3,,0.0,13294.5,0.0,13294.5,0.0,0.0,-3,-9355.2,,SK,0.0
TXN-00541,2025-07-21,STOCK_ADJUSTMENT,ADJ-2507-2545,Thika Road Hardware & Agrovet Ltd,Juja,Stock Count,,,,Hardware Tools,Spade,-2,0.0,0.0,0.0,0.0,0.0,0.0,0.0,Stock Adjustment,0.0,0.0,0.0,0.0,0.0,0.0,-2,-1040.0,Manual count variance,PW,0.0
TXN-00542,2025-07-22,SALE,INV-2507-0810,Thika Road Hardware & Agrovet Ltd,Thika Town,Phone Order,Retail,CUS-1047,,Paints,Paint Brush 4in,4,219.45,0.0,877.8,877.8,97.48,389.92,487.88,,0.0,877.8,0.0,877.8,0.0,0.0,-4,-389.92,,MN,0.0
TXN-00543,2025-07-22,SALE,INV-2507-0812,Thika Road Hardware & Agrovet Ltd,Thika Town,M-Pesa Till,Contractor,CUS-1182,,Plumbing,Gate Valve 1in,6,548.3,0.02,3289.8,3224.0,322.1,1932.6,1291.4,,0.0,3224.0,0.0,3224.0,0.0,0.0,-6,-1932.6,,RA,0.0
TXN-00544,2025-07-22,SALE,INV-2507-0814,Thika Road Hardware & Agrovet Ltd,Juja,Counter,Contractor,CUS-1057,,Plumbing,PVC Pipe 20mm 3m,1,375.54,0.0,375.54,375.54,211.03,211.03,164.51,,0.0,88.82,0.0,88.82,286.72,0.0,-1,-211.03,,RA,0.0
TXN-00545,2025-07-22,EXPENSE,EXP-2507-2540,Thika Road Hardware & Agrovet Ltd,Juja,Back Office,,,,,,0,0.0,0.0,0.0,0.0,0.0,0.0,0.0,Transport,4990.27,0.0,4990.27,0.0,0.0,0.0,0,0.0,M-PESA,SK,0.0
TXN-00546,2025-07-22,CUSTOMER_PAYMENT,RCPT-2507-2703,Thika Road Hardware & Agrovet Ltd,Juja,Collections,Contractor,CUS-1065,,,,0,0.0,0.0,0.0,0.0,0.0,0.0,0.0,Customer Collection,0.0,18151.71,0.0,18151.71,18151.71,0.0,0,0.0,M-PESA,PW,0.0
TXN-00547,2025-07-23,SALE,INV-2507-0816,Thika Road Hardware & Agrovet Ltd,Juja,Phone Order,Contractor,CUS-1039,,Plumbing,PVC Pipe 20mm 3m,7,402.0,0.0,2814.0,2814.0,206.76,1447.32,1366.68,,0.0,2814.0,0.0,2814.0,0.0,0.0,-7,-1447.32,,PW,0.0
TXN-00548,23-07-2025,PURCHASE,GRN-2507-0817,Thika Road Hardware & Agrovet Ltd,Juja,Supplier,,,Thika Building Suppliers Ltd,Hardware Tools,Wheelbarrow,179,4314.21,0.0,0.0,0.0,4314.21,772243.59,0.0,Purchase,0.0,0.0,772243.59,0.0,0.0,0.0,179,772243.59,,MN,0.0
TXN-00549,2025-07-23,SALE,INV-2507-0818,Thika Road Hardware & Agrovet Ltd,Thika Town,Phone Order,Retail,CUS-1217,,Hardware Tools,Wheelbarrow,6,7091.04,0.0,42546.24,42546.24,4199.15,25194.9,17351.34,,0.0,42546.24,0.0,42546.24,0.0,0.0,-6,-25194.9,,TK,0.0
TXN-00550,2025-07-23,EXPENSE,EXP-2507-2541,Thika Road Hardware & Agrovet Ltd,,Back Office,,,,,,0,0.0,0.0,0.0,0.0,0.0,0.0,0.0,Rent,23483.4,0.0,23483.4,0.0,0.0,0.0,0,0.0,Bank Transfer,RA,0.0
TXN-00551,2025-07-24,SALE,INV-2507-0820,Thika Road Hardware & Agrovet Ltd,Thika Town,Counter,Contractor,CUS-1060,,Electrical,LED Bulb 12W,8,305.21,0.0,2441.68,2441.68,150.73,1205.84,1235.84,,0.0,1015.85,0.0,1015.85,1425.83,0.0,-8,-1205.84,,TK,0.0
TXN-00552,2025-07-24,SALE,INV-2507-0822,Thika Road Hardware & Agrovet Ltd,Juja,Counter,Retail,CUS-1114,,Building Materials,Iron Sheet 3m Gauge30,24,1139.7,0.0,27352.8,27352.8,772.29,18534.96,8817.84,,0.0,27352.8,0.0,27352.8,0.0,0.0,-24,-18534.96,,TK,0.0
TXN-00553,2025-07-24,SALE,INV-2507-0824,Thika Road Hardware & Agrovet Ltd,Thika Town,,Contractor,CUS-1143,,Plumbing,PVC Pipe 20mm 3m,8,363.01,0.0,2904.08,2904.08,211.9,1695.2,1208.88,,0.0,1121.09,0.0,1121.09,1782.99,0.0,-8,-1695.2,,SK,0.0
TXN-00554,2025-07-24,SALE,INV-2507-0826,Thika Road Hardware & Agrovet Ltd,Juja,Counter,Retail,CUS-1217,,Plumbing,PVC Pipe 20mm 3m,1,407.62,0.03,407.62,395.39,210.24,210.24,185.15,,0.0,395.39,0.0,395.39,0.0,0.0,-1,-210.24,,JB,0.0
TXN-00555,2025-07-25,SALE,INV-2507-0828,Thika Road Hardware & Agrovet Ltd,Thika Town,Phone Order,Contractor,CUS-1003,,Building Materials,River Sand (ton),6,1760.19,0.0,10561.14,10561.14,1196.38,7178.28,3382.86,,0.0,5893.64,0.0,5893.64,4667.5,0.0,-6,-7178.28,,JB,0.0
TXN-00556,2025-07-25,SALE,INV-2507-0830,Thika Road Hardware & Agrovet Ltd,Thika Town,Phone Order,Wholesale,CUS-1118,,Building Materials,Iron Sheet 3m Gauge30,8,1137.75,0.0,9102.0,9102.0,770.35,6162.8,2939.2,,0.0,4606.63,0.0,4606.63,4495.37,0.0,-8,-6162.8,,JB,0.0
TXN-00557,2025-07-26,SALE,INV-2507-0832,Thika Road Hardware & Agrovet Ltd,Juja,Counter,Wholesale,CUS-1009,,Hardware Tools,Claw Hammer,5,712.54,0.0,3562.7,3562.7,377.16,1885.8,1676.9,,0.0,3562.7,0.0,3562.7,0.0,0.0,-5,-1885.8,,MN,0.0
TXN-00558,2025-07-26,SALE,INV-2507-0834,Thika Road Hardware & Agrovet Ltd,Thika Town,Online Order,Farmer,CUS-1042,,Building Materials,Hollow Block 6in,24,91.21,0.02,2189.04,2145.26,56.09,1346.16,799.1,,0.0,2145.26,0.0,2145.26,0.0,0.0,-24,-1346.16,,SK,0.0
TXN-00559,2025-07-26,SALE,INV-2507-0836,Thika Road Hardware & Agrovet Ltd,Juja,Delivery,Farmer,CUS-1105,,Electrical,Electrical Cable 2.5mm (roll),5,5291.39,0.0,26456.95,26456.95,3192.81,15964.05,10492.9,,0.0,26456.95,0.0,26456.95,0.0,0.0,-5,-15964.05,,MN,0.0
TXN-00560,2025-07-26,SUPPLIER_PAYMENT,SP-2507-2543,Thika Road Hardware & Agrovet Ltd,Juja,Supplier,,,Thika Building Suppliers Ltd,,,0,0.0,0.0,0.0,0.0,0.0,0.0,0.0,Supplier Payment,0.0,0.0,48192.44,0.0,0.0,-48192.44,0,0.0,M-PESA,JB,0.0
TXN-00561,2025-07-27,SALE,INV-2507-0838,Thika Road Hardware & Agrovet Ltd,Thika Town,Online Order,Farmer,CUS-1086,,Building Materials,Hollow Block 6in,2,91.19,0.01,182.38,180.56,54.94,109.88,70.68,,0.0,180.56,0.0,180.56,0.0,0.0,-2,-109.88,,JB,0.0
TXN-00562,2025-07-27,SALE,INV-2507-0840,Thika Road Hardware & Agrovet Ltd,Thika Town,Phone Order,Contractor,CUS-1029,,Electrical,Socket Outlet,6,366.22,0.0,2197.32,2197.32,178.74,1072.44,1124.88,,0.0,730.69,0.0,730.69,1466.63,0.0,-6,-1072.44,,PW,0.0
TXN-00563,2025-07-28,SALE,INV-2507-0842,Thika Road Hardware & Agrovet Ltd,Thika Town,Phone Order,Contractor,CUS-1147,,Hardware Tools,Spade,2,939.85,0.0,1879.7,1879.7,531.13,1062.26,817.44,,0.0,1879.7,0.0,1879.7,0.0,0.0,-2,-1062.26,,MN,0.0
TXN-00564,28/07/2025,SALE,INV-2507-0844,Thika Road Hardware & Agrovet Ltd,Thika Town,Counter,Wholesale,CUS-1176,,Paints,Wood Varnish 1L,4,710.81,0.0,2843.24,2843.24,375.47,1501.88,1341.36,,0.0,2843.24,0.0,2843.24,0.0,0.0,-4,-1501.88,,PW,0.0
TXN-00565,2025-07-28,EXPENSE,EXP-2507-2539,Thika Road Hardware & Agrovet Ltd,Thika Town,Back Office,,,,,,0,0.0,0.0,0.0,0.0,0.0,0.0,0.0,Staff Salaries,51318.62,0.0,51318.62,0.0,0.0,0.0,0,0.0,Bank Transfer,PW,0.0
TXN-00566,2025-07-29,CUSTOMER_PAYMENT,RCPT-2507-2701,Thika Road Hardware & Agrovet Ltd,Juja,Collections,Wholesale,CUS-1123,,,,0,0.0,0.0,0.0,0.0,0.0,0.0,0.0,Customer Collection,0.0,2299.78,0.0,2299.78,2299.78,0.0,0,0.0,M-PESA,JB,0.0
TXN-00567,2025-07-30,SALE,INV-2507-0846,Thika Road Hardware & Agrovet Ltd,Thika Town,Delivery,Retail,CUS-1152,,Paints,Wood Varnish 1L,6,705.94,0.0,4235.64,4235.64,379.86,2279.16,1956.48,,0.0,4235.64,0.0,4235.64,0.0,0.0,-6,-2279.16,,TK,0.0
TXN-00568,2025-07-30,CUSTOMER_PAYMENT,RCPT-2507-2707,Thika Road Hardware & Agrovet Ltd,Juja,Collections,Contractor,CUS-1157,,,,0,0.0,0.0,0.0,0.0,0.0,0.0,0.0,Customer Collection,0.0,185.69,0.0,185.69,185.69,0.0,0,0.0,M-PESA,PW,0.0
TXN-00569,2025-07-30,CUSTOMER_PAYMENT,RCPT-2507-2710,Thika Road Hardware & Agrovet Ltd,Juja,Collections,Contractor,CUS-1211,,,,0,0.0,0.0,0.0,0.0,0.0,0.0,0.0,Customer Collection,0.0,317.79,0.0,317.79,317.79,0.0,0,0.0,Bank Transfer,MN,0.0
TXN-00570,2025-07-30,CUSTOMER_PAYMENT,RCPT-2507-2711,Thika Road Hardware & Agrovet Ltd,Juja,Collections,Wholesale,CUS-1056,,,,0,0.0,0.0,0.0,0.0,0.0,0.0,0.0,Customer Collection,0.0,59.46,0.0,59.46,59.46,0.0,0,0.0,M-PESA,RA,0.0
TXN-00571,2025-07-31,SALE,INV-2507-0848,Thika Road Hardware & Agrovet Ltd,Thika Town,Counter,Farmer,CUS-1006,,Building Materials,River Sand (ton),3,1834.23,0.0,5502.69,5502.69,1210.44,3631.32,1871.37,,0.0,5502.69,0.0,5502.69,0.0,0.0,-3,-3631.32,,JB,0.0
TXN-00572,2025-07-31,SALE,INV-2507-0850,Thika Road Hardware & Agrovet Ltd,Thika Town,M-Pesa Till,Contractor,CUS-1060,,Paints,Emulsion Paint 4L,3,2441.08,0.0,7323.24,7323.24,1409.81,4229.43,3093.81,,0.0,7323.24,0.0,7323.24,0.0,0.0,-3,-4229.43,,PW,0.0
TXN-00573,2025-08-01,EXPENSE,EXP-2508-2546,Thika Road Hardware & Agrovet Ltd,Juja,Back Office,,,,,,0,0.0,0.0,0.0,0.0,0.0,0.0,0.0,Transport,11397.51,0.0,11397.51,0.0,0.0,0.0,0,0.0,M-PESA,PW,0.0
TXN-00574,2025-08-02,SALE,INV-2508-0852,Thika Road Hardware & Agrovet Ltd,Thika Town,Phone Order,Contractor,CUS-1039,,Building Materials,Hollow Block 6in,17,88.65,0.01,1507.05,1491.98,56.2,955.4,536.58,,0.0,461.97,0.0,461.97,1030.01,0.0,-17,-955.4,,MN,0.0
TXN-00575,2025-08-02,REFUND,REF-2508-2465,Thika Road Hardware & Agrovet Ltd,Thika Town,Counter,Contractor,CUS-1143,,Plumbing,PVC Pipe 20mm 3m,-3,363.01,0.0,0.0,1089.03,211.9,0.0,-1089.03,Customer Refund,1089.03,0.0,1089.03,0.0,0.0,0.0,3,635.7,refund,SK,0.0
TXN-00576,2025-08-02,CUSTOMER_PAYMENT,RCPT-2508-2714,Thika Road Hardware & Agrovet Ltd,Thika Town,Collections,Contractor,CUS-1003,,,,0,0.0,0.0,0.0,0.0,0.0,0.0,0.0,Customer Collection,0.0,4224.61,0.0,4224.61,4224.61,0.0,0,0.0,M-PESA,SK,0.0
TXN-00577,2025-08-03,SALE,INV-2508-0854,Thika Road Hardware & Agrovet Ltd,Thika Town,,Farmer,CUS-1151,,Electrical,Electrical Cable 2.5mm (roll),3,5291.4,0.0,15874.2,15874.2,3241.4,9724.2,6150.0,,0.0,15874.2,0.0,15874.2,0.0,0.0,-3,-9724.2,,SK,0.0
TXN-00578,2025-08-03,SALE,INV-2508-0856,Thika Road Hardware & Agrovet Ltd,Thika Town,Phone Order,Wholesale,CUS-1021,,Agro Inputs,CAN Fertilizer 50kg,6,4613.33,0.0,27679.98,27679.98,3179.88,19079.28,8600.7,,0.0,27679.98,0.0,27679.98,0.0,0.0,-6,-19079.28,,TK,0.0
TXN-00579,03-08-2025,CUSTOMER_PAYMENT,RCPT-2508-2712,Thika Road Hardware & Agrovet Ltd,Juja,Collections,Contractor,CUS-1057,,,,0,0.0,0.0,0.0,0.0,0.0,0.0,0.0,Customer Collection,0.0,242.65,0.0,242.65,242.65,0.0,0,0.0,M-PESA,RA,0.0
TXN-00580,2025-08-04,SALE,INV-2508-0858,Thika Road Hardware & Agrovet Ltd,Juja,Phone Order,Wholesale,CUS-1110,,Agro Inputs,Pesticide 1L,5,1102.52,0.0,5512.6,5512.6,625.87,3129.35,2383.25,,0.0,5512.6,0.0,5512.6,0.0,0.0,-5,-3129.35,,TK,0.0
TXN-00581,2025-08-04,CUSTOMER_PAYMENT,RCPT-2508-2715,Thika Road Hardware & Agrovet Ltd,Thika Town,Collections,Wholesale,CUS-1118,,,,0,0.0,0.0,0.0,0.0,0.0,0.0,0.0,Customer Collection,0.0,3578.01,0.0,3578.01,3578.01,0.0,0,0.0,Bank Transfer,PW,0.0
TXN-00582,2025-08-05,SALE,INV-2508-0860,Thika Road Hardware & Agrovet Ltd,Juja,Counter,Retail,CUS-1175,,Hardware Tools,Wheelbarrow,5,7039.6,0.0,35198.0,35198.0,4325.27,21626.35,13571.65,,0.0,35198.0,0.0,35198.0,0.0,0.0,-5,-21626.35,,PW,0.0
TXN-00583,2025-08-05,SALE,INV-2508-0862,Thika Road Hardware & Agrovet Ltd,Thika Town,M-Pesa Till,Retail,CUS-1175,,Plumbing,Gate Valve 1in,5,604.98,0.0,3024.9,3024.9,323.63,1618.15,1406.75,,0.0,3024.9,0.0,3024.9,0.0,0.0,-5,-1618.15,,PW,0.0
TXN-00584,2025-08-05,SALE,INV-2508-0864,Thika Road Hardware & Agrovet Ltd,Thika Town,Delivery,Retail,CUS-1004,,Plumbing,Gate Valve 1in,3,575.12,0.02,1725.36,1690.85,324.95,974.85,716.0,,0.0,1690.85,0.0,1690.85,0.0,0.0,-3,-974.85,,TK,0.0
TXN-00585,2025-08-05,SALE,INV-2508-0866,Thika Road Hardware & Agrovet Ltd,Thika Town,Counter,Farmer,CUS-1007,,Plumbing,PVC Tee 20mm,7,92.02,0.0,644.14,644.14,44.67,312.69,331.45,,0.0,644.14,0.0,644.14,0.0,0.0,-7,-312.69,,PW,0.0
TXN-00586,2025-08-05,SALE,INV-2508-0868,Thika Road Hardware & Agrovet Ltd,Juja,M-Pesa Till,Contractor,CUS-1091,,Paints,Paint Brush 4in,1,202.89,0.0,202.89,202.89,95.18,95.18,107.71,,0.0,202.89,0.0,202.89,0.0,0.0,-1,-95.18,,PW,0.0
TXN-00587,2025-08-05,SALE,INV-2508-0870,Thika Road Hardware & Agrovet Ltd,Juja,Phone Order,Retail,CUS-1015,,Agro Inputs,DAP Fertilizer 50kg,1,4879.7,0.0,4879.7,4879.7,3421.04,3421.04,1458.66,,0.0,4879.7,0.0,4879.7,0.0,0.0,-1,-3421.04,,TK,0.0
TXN-00588,2025-08-05,SUPPLIER_PAYMENT,SP-2508-2554,Thika Road Hardware & Agrovet Ltd,Juja,Supplier,,,ElectroParts Kenya,,,0,0.0,0.0,0.0,0.0,0.0,0.0,0.0,Supplier Payment,0.0,0.0,11288.49,0.0,0.0,-11288.49,0,0.0,Bank Transfer,SK,0.0
TXN-00589,2025-08-06,CUSTOMER_PAYMENT,RCPT-2508-2705,Thika Road Hardware & Agrovet Ltd,Juja,Collections,Wholesale,CUS-1010,,,,0,0.0,0.0,0.0,0.0,0.0,0.0,0.0,Customer Collection,0.0,4104.39,0.0,4104.39,4104.39,0.0,0,0.0,Bank Transfer,TK,0.0
TXN-00590,2025-08-07,SALE,INV-2508-0872,Thika Road Hardware & Agrovet Ltd,Juja,M-Pesa Till,Wholesale,CUS-1140,,Paints,Wood Varnish 1L,2,649.14,0.0,1298.28,1298.28,380.08,760.16,538.12,,0.0,1298.28,0.0,1298.28,0.0,0.0,-2,-760.16,,JB,0.0
TXN-00591,2025-08-07,SALE,INV-2508-0874,Thika Road Hardware & Agrovet Ltd,Juja,Online Order,Wholesale,CUS-1219,,Electrical,Circuit Breaker 20A,3,723.08,0.01,2169.24,2147.55,423.27,1269.81,877.74,,0.0,2147.55,0.0,2147.55,0.0,0.0,-3,-1269.81,,JB,0.0
TXN-00592,2025-08-07,SALE,INV-2508-0876,Thika Road Hardware & Agrovet Ltd,Thika Town,Online Order,Farmer,CUS-1159,,Agro Inputs,Maize Seed 2kg Pack,2,741.35,0.0,1482.7,1482.7,482.02,964.04,518.66,,0.0,1482.7,0.0,1482.7,0.0,0.0,-2,-964.04,,JB,0.0
TXN-00593,2025-08-07,CUSTOMER_PAYMENT,RCPT-2508-2716,Thika Road Hardware & Agrovet Ltd,Thika Town,Collections,Contractor,CUS-1029,,,,0,0.0,0.0,0.0,0.0,0.0,0.0,0.0,Customer Collection,0.0,1181.96,0.0,1181.96,1181.96,0.0,0,0.0,M-PESA,TK,0.0
TXN-00594,2025-08-08,SALE,INV-2508-0878,Thika Road Hardware & Agrovet Ltd,Juja,M-Pesa Till,Contractor,CUS-1029,,Building Materials,Iron Sheet 3m Gauge30,22,1120.36,0.0,24647.92,24647.92,767.55,16886.1,7761.82,,0.0,24647.92,0.0,24647.92,0.0,0.0,-22,-16886.1,,TK,0.0
TXN-00595,2025-08-08,SALE,INV-2508-0880,Thika Road Hardware & Agrovet Ltd,Juja,Counter,Retail,CUS-1114,,Building Materials,Iron Sheet 3m Gauge30,24,1127.63,0.02,27063.12,26521.86,771.23,18509.52,8012.34,,0.0,26521.86,0.0,26521.86,0.0,0.0,-24,-18509.52,,RA,0.0
TXN-00596,2025-08-09,SALE,INV-2508-0882,Thika Road Hardware & Agrovet Ltd,Thika Town,Counter,Farmer,CUS-1023,,Agro Inputs,DAP Fertilizer 50kg,7,4982.54,0.0,34877.78,34877.78,3459.68,24217.76,10660.02,,0.0,34877.78,0.0,34877.78,0.0,0.0,-7,-24217.76,,RA,0.0
TXN-00597,2025-08-10,SALE,INV-2508-0884,Thika Road Hardware & Agrovet Ltd,Thika Town,Counter,Farmer,CUS-1044,,Paints,Gloss Paint 4L,6,3009.26,0.0,18055.56,18055.56,1754.32,10525.92,7529.64,,0.0,18055.56,0.0,18055.56,0.0,0.0,-6,-10525.92,,TK,0.0
TXN-00598,2025-08-10,SALE,INV-2508-0886,Thika Road Hardware & Agrovet Ltd,Thika Town,Counter,Retail,CUS-1149,,Building Materials,Hollow Block 6in,2,88.29,0.03,176.58,171.28,55.78,111.56,59.72,,0.0,171.28,0.0,171.28,0.0,0.0,-2,-111.56,,MN,0.0
TXN-00599,2025-08-10,SALE,INV-2508-0888,Thika Road Hardware & Agrovet Ltd,Thika Town,Phone Order,Wholesale,CUS-1033,,Paints,Gloss Paint 4L,4,2828.54,0.02,11314.16,11087.88,1767.78,7071.12,4016.76,,0.0,5303.66,0.0,5303.66,5784.22,0.0,-4,-7071.12,,RA,0.0
TXN-00600,2025-08-10,SALE,INV-2508-0890,Thika Road Hardware & Agrovet Ltd,Thika Town,Phone Order,Reseller,CUS-1161,,Building Materials,Iron Sheet 3m Gauge30,12,1227.18,0.0,14726.16,14726.16,771.1,9253.2,5472.96,,0.0,14726.16,0.0,14726.16,0.0,0.0,-12,-9253.2,,RA,0.0
TXN-00601,2025-08-10,SALE,INV-2508-0892,Thika Road Hardware & Agrovet Ltd,Juja,Delivery,Wholesale,CUS-1144,,Plumbing,Water Tank 1000L,6,13031.7,0.01,78190.2,77408.3,8231.28,49387.68,28020.62,,0.0,77408.3,0.0,77408.3,0.0,0.0,-6,-49387.68,,SK,0.0
TXN-00602,10/08/2025,CUSTOMER_PAYMENT,RCPT-2508-2717,Thika Road Hardware & Agrovet Ltd,Thika Town,Collections,Contractor,CUS-1039,,,,0,0.0,0.0,0.0,0.0,0.0,0.0,0.0,Customer Collection,0.0,815.68,0.0,815.68,815.68,0.0,0,0.0,M-PESA,MN,0.0
TXN-00603,2025-08-11,SALE,INV-2508-0894,Thika Road Hardware & Agrovet Ltd,Thika Town,Counter,Retail,CUS-1004,,Agro Inputs,CAN Fertilizer 50kg,3,4316.37,0.01,12949.11,12819.62,3090.74,9272.22,3547.4,,0.0,12819.62,0.0,12819.62,0.0,0.0,-3,-9272.22,,PW,0.0
TXN-00604,2025-08-11,SALE,INV-2508-0896,Thika Road Hardware & Agrovet Ltd,Juja,Phone Order,Wholesale,CUS-1186,,Plumbing,PVC Pipe 20mm 3m,1,362.19,0.0,362.19,362.19,210.68,210.68,151.51,,0.0,362.19,0.0,362.19,0.0,0.0,-1,-210.68,,TK,0.0
TXN-00605,2025-08-13,SALE,INV-2508-0898,Thika Road Hardware & Agrovet Ltd,Thika Town,Online Order,Contractor,CUS-1062,,Agro Inputs,Pesticide 1L,4,1109.22,0.0,4436.88,4436.88,623.47,2493.88,1943.0,,0.0,4436.88,0.0,4436.88,0.0,0.0,-4,-2493.88,,TK,0.0
TXN-00606,2025-08-13,SALE,INV-2508-0900,Thika Road Hardware & Agrovet Ltd,Juja,M-Pesa Till,Wholesale,CUS-1219,,Electrical,Circuit Breaker 20A,5,740.53,0.01,3702.65,3665.62,429.71,2148.55,1517.07,,0.0,810.22,0.0,810.22,2855.4,0.0,-5,-2148.55,,JB,0.0
TXN-00607,2025-08-13,SALE,INV-2508-0902,Thika Road Hardware & Agrovet Ltd,Juja,Counter,Retail,CUS-1154,,Paints,Wood Varnish 1L,5,628.39,0.0,3141.95,3141.95,384.09,1920.45,1221.5,,0.0,3141.95,0.0,3141.95,0.0,0.0,-5,-1920.45,,PW,0.0
TXN-00608,2025-08-13,SALE,INV-2508-0904,Thika Road Hardware & Agrovet Ltd,Thika Town,Counter,Farmer,CUS-1200,,Building Materials,Iron Sheet 3m Gauge30,22,1142.65,0.05,25138.3,23881.38,787.99,17335.78,6545.6,,0.0,23881.38,0.0,23881.38,0.0,0.0,-22,-17335.78,,MN,0.0
TXN-00609,2025-08-13,SALE,INV-2508-0906,Thika Road Hardware & Agrovet Ltd,Juja,M-Pesa Till,Contractor,CUS-1129,,Building Materials,Cement 50kg,19,1033.51,0.0,19636.69,19636.69,641.43,12187.17,7449.52,,0.0,19636.69,0.0,19636.69,0.0,0.0,-19,-12187.17,,MN,0.0
TXN-00610,2025-08-13,EXPENSE,EXP-2508-2551,Thika Road Hardware & Agrovet Ltd,Juja,Back Office,,,,,,0,0.0,0.0,0.0,0.0,0.0,0.0,0.0,Staff Salaries,38705.87,0.0,38705.87,0.0,0.0,0.0,0,0.0,M-PESA,MN,0.0
TXN-00611,2025-08-14,SALE,INV-2508-0908,Thika Road Hardware & Agrovet Ltd,Thika Town,Phone Order,Contractor,CUS-1157,,Plumbing,Gate Valve 1in,3,611.51,0.0,1834.53,1834.53,313.8,941.4,893.13,,0.0,874.63,0.0,874.63,959.9,0.0,-3,-941.4,,RA,0.0
TXN-00612,2025-08-14,SALE,INV-2508-0910,Thika Road Hardware & Agrovet Ltd,Thika Town,Counter,Retail,CUS-1114,,Electrical,Circuit Breaker 20A,1,770.92,0.0,770.92,770.92,428.81,428.81,342.11,,0.0,770.92,0.0,770.92,0.0,0.0,-1,-428.81,,SK,0.0
TXN-00613,2025-08-14,SALE,INV-2508-0912,Thika Road Hardware & Agrovet Ltd,Juja,M-Pesa Till,Reseller,CUS-1173,,Hardware Tools,Spade,7,976.52,0.0,6835.64,6835.64,531.03,3717.21,3118.43,,0.0,6835.64,0.0,6835.64,0.0,0.0,-7,-3717.21,,PW,0.0
TXN-00614,2025-08-14,SUPPLIER_PAYMENT,SP-2508-2553,Thika Road Hardware & Agrovet Ltd,Juja,Supplier,,,AgroChem Kenya Distributors,,,0,0.0,0.0,0.0,0.0,0.0,0.0,0.0,Supplier Payment,0.0,0.0,39654.17,0.0,0.0,-39654.17,0,0.0,Cheque,TK,0.0
TXN-00615,2025-08-15,SALE,INV-2508-0914,Thika Road Hardware & Agrovet Ltd,Thika Town,Online Order,Farmer,CUS-1044,,Building Materials,Hollow Block 6in,20,94.03,0.0,1880.6,1880.6,55.94,1118.8,761.8,,0.0,1880.6,0.0,1880.6,0.0,0.0,-20,-1118.8,,MN,0.0
TXN-00616,2025-08-15,PURCHASE,GRN-2508-0915,Thika Road Hardware & Agrovet Ltd,Juja,Supplier,,,Thika Building Suppliers Ltd,Building Materials,Iron Sheet 3m Gauge30,188,760.82,0.0,0.0,0.0,760.82,143034.16,0.0,Purchase,0.0,0.0,143034.16,0.0,0.0,0.0,188,143034.16,,RA,0.0
TXN-00617,2025-08-15,SALE,INV-2508-0916,Thika Road Hardware & Agrovet Ltd,Juja,Online Order,Retail,CUS-1015,,Building Materials,Iron Sheet 3m Gauge30,16,1112.56,0.0,17800.96,17800.96,784.34,12549.44,5251.52,,0.0,17800.96,0.0,17800.96,0.0,0.0,-16,-12549.44,,JB,0.0
TXN-00618,2025-08-15,SALE,INV-2508-0918,Thika Road Hardware & Agrovet Ltd,Thika Town,Online Order,Wholesale,CUS-1125,,Building Materials,Cement 50kg,17,960.26,0.0,16324.42,16324.42,657.59,11179.03,5145.39,,0.0,16324.42,0.0,16324.42,0.0,0.0,-17,-11179.03,,RA,0.0
TXN-00619,2025-08-15,SALE,INV-2508-0920,Thika Road Hardware & Agrovet Ltd,Thika Town,Delivery,Wholesale,CUS-1040,,Agro Inputs,Maize Seed 2kg Pack,5,735.46,0.0,3677.3,3677.3,471.65,2358.25,1319.05,,0.0,3677.3,0.0,3677.3,0.0,0.0,-5,-2358.25,,JB,0.0
TXN-00620,2025-08-16,SALE,INV-2508-0922,Thika Road Hardware & Agrovet Ltd,Juja,Online Order,Wholesale,CUS-1106,,Paints,Wood Varnish 1L,6,691.47,0.0,4148.82,4148.82,382.7,2296.2,1852.62,,0.0,4148.82,0.0,4148.82,0.0,0.0,-6,-2296.2,,JB,0.0
TXN-00621,2025-08-16,EXPENSE,EXP-2508-2550,Thika Road Hardware & Agrovet Ltd,Juja,Back Office,,,,,,0,0.0,0.0,0.0,0.0,0.0,0.0,0.0,Staff Salaries,41212.08,0.0,41212.08,0.0,0.0,0.0,0,0.0,Bank Transfer,RA,0.0
TXN-00622,2025-08-17,SALE,INV-2508-0924,Thika Road Hardware & Agrovet Ltd,Thika Town,Phone Order,Farmer,CUS-1104,,Building Materials,Hollow Block 6in,10,94.48,0.0,944.8,944.8,55.09,550.9,393.9,,0.0,944.8,0.0,944.8,0.0,0.0,-10,-550.9,,JB,0.0
TXN-00623,2025-08-17,SALE,INV-2508-0926,Thika Road Hardware & Agrovet Ltd,Juja,Counter,Retail,CUS-1036,,Plumbing,PVC Pipe 20mm 3m,1,387.71,0.0,387.71,387.71,213.4,213.4,174.31,,0.0,387.71,0.0,387.71,0.0,0.0,-1,-213.4,,RA,0.0
TXN-00624,2025-08-17,SALE,INV-2508-0928,Thika Road Hardware & Agrovet Ltd,Thika Town,Online Order,Retail,CUS-1114,,Building Materials,Iron Sheet 3m Gauge30,24,1158.4,0.0,27801.6,27801.6,782.79,18786.96,9014.64,,0.0,27801.6,0.0,27801.6,0.0,0.0,-24,-18786.96,,TK,0.0
TXN-00625,2025-08-18,SALE,INV-2508-0930,Thika Road Hardware & Agrovet Ltd,Thika Town,M-Pesa Till,Wholesale,CUS-1033,,Paints,Wood Varnish 1L,5,689.62,0.0,3448.1,3448.1,376.22,1881.1,1567.0,,0.0,3448.1,0.0,3448.1,0.0,0.0,-5,-1881.1,,MN,0.0
TXN-00626,2025-08-18,SALE,INV-2508-0932,Thika Road Hardware & Agrovet Ltd,Juja,Delivery,Wholesale,CUS-1096,,Paints,Paint Brush 4in,5,201.02,0.01,1005.1,995.05,93.85,469.25,525.8,,0.0,995.05,0.0,995.05,0.0,0.0,-5,-469.25,,RA,0.0
TXN-00627,2025-08-18,SALE,INV-2508-0934,Thika Road Hardware & Agrovet Ltd,Thika Town,Online Order,Contractor,CUS-1060,,Building Materials,Hollow Block 6in,15,93.04,0.0,1395.6,1395.6,56.43,846.45,549.15,,0.0,1395.6,0.0,1395.6,0.0,0.0,-15,-846.45,,RA,0.0
TXN-00628,2025-08-19,SALE,INV-2508-0936,Thika Road Hardware & Agrovet Ltd,Juja,Delivery,Reseller,CUS-1011,,Paints,Gloss Paint 4L,6,3025.5,0.0,18153.0,18153.0,1737.49,10424.94,7728.06,,0.0,18153.0,0.0,18153.0,0.0,0.0,-6,-10424.94,,JB,0.0
TXN-00629,2025-08-19,SALE,INV-2508-0938,Thika Road Hardware & Agrovet Ltd,Juja,Delivery,Farmer,CUS-1000,,Building Materials,Hollow Block 6in,7,93.55,0.0,654.85,654.85,54.4,380.8,274.05,,0.0,654.85,0.0,654.85,0.0,0.0,-7,-380.8,,MN,0.0
TXN-00630,2025-08-19,SALE,INV-2508-0940,Thika Road Hardware & Agrovet Ltd,Thika Town,Counter,Retail,CUS-1083,,Plumbing,PVC Pipe 20mm 3m,0,367.89,0.0,1103.67,1103.67,208.29,624.87,478.8,,0.0,1103.67,0.0,1103.67,0.0,0.0,-3,-624.87,,JB,0.0
TXN-00631,2025-08-19,SALE,INV-2508-0942,Thika Road Hardware & Agrovet Ltd,Thika Town,Phone Order,Contractor,CUS-1182,,Agro Inputs,CAN Fertilizer 50kg,7,4417.75,0.0,30924.25,30924.25,3125.94,21881.58,9042.67,,0.0,30924.25,0.0,30924.25,0.0,0.0,-7,-21881.58,,MN,0.0
TXN-00632,2025-08-19,SALE,INV-2508-0944,Thika Road Hardware & Agrovet Ltd,Juja,Counter,Retail,CUS-1008,,Paints,Emulsion Paint 4L,4,2315.16,0.02,9260.64,9075.43,1435.84,5743.36,3332.07,,0.0,9075.43,0.0,9075.43,0.0,0.0,-4,-5743.36,,JB,0.0
TXN-00633,2025-08-19,CUSTOMER_PAYMENT,RCPT-2508-2713,Thika Road Hardware & Agrovet Ltd,Thika Town,Collections,Contractor,CUS-1143,,,,0,0.0,0.0,0.0,0.0,0.0,0.0,0.0,Customer Collection,0.0,1401.52,0.0,1401.52,1401.52,0.0,0,0.0,M-PESA,SK,0.0
TXN-00634,2025-08-20,SALE,INV-2508-0946,Thika Road Hardware & Agrovet Ltd,Juja,Online Order,Retail,CUS-1107,,Paints,Emulsion Paint 4L,4,2388.07,0.0,9552.28,9552.28,1430.96,5723.84,3828.44,,0.0,9552.28,0.0,9552.28,0.0,0.0,-4,-5723.84,,TK,0.0
TXN-00635,2025-08-20,SALE,INV-2508-0948,Thika Road Hardware & Agrovet Ltd,Thika Town,Counter,Farmer,CUS-1116,,Electrical,Electrical Cable 2.5mm (roll),3,4923.57,0.0,14770.71,14770.71,3229.45,9688.35,5082.36,,0.0,14770.71,0.0,14770.71,0.0,0.0,-3,-9688.35,,RA,0.0
TXN-00636,2025-08-20,SALE,INV-2508-0950,Thika Road Hardware & Agrovet Ltd,Thika Town,Delivery,Contractor,CUS-1091,,Paints,Wood Varnish 1L,6,655.87,0.03,3935.22,3817.16,375.72,2254.32,1562.84,,0.0,1079.36,0.0,1079.36,2737.8,0.0,-6,-2254.32,,JB,0.0
TXN-00637,2025-08-20,STOCK_ADJUSTMENT,ADJ-2508-2555,Thika Road Hardware & Agrovet Ltd,Thika Town,Stock Count,,,,Hardware Tools,Measuring Tape 5m,3,0.0,0.0,0.0,0.0,0.0,0.0,0.0,Stock Adjustment,0.0,0.0,0.0,0.0,0.0,0.0,3,630.0,Manual count variance,SK,0.0
TXN-00638,2025-08-20,CUSTOMER_PAYMENT,RCPT-2508-2708,Thika Road Hardware & Agrovet Ltd,Thika Town,Collections,Contractor,CUS-1091,,,,0,0.0,0.0,0.0,0.0,0.0,0.0,0.0,Customer Collection,0.0,2741.17,0.0,2741.17,2741.17,0.0,0,0.0,M-PESA,JB,0.0
TXN-00639,2025-08-21,SALE,INV-2508-0952,Thika Road Hardware & Agrovet Ltd,Juja,M-Pesa Till,Retail,CUS-1199,,Building Materials,Iron Sheet 3m Gauge30,3,1152.1,0.0,3456.3,3456.3,765.98,2297.94,1158.36,,0.0,3456.3,0.0,3456.3,0.0,0.0,-3,-2297.94,,PW,0.0
TXN-00640,2025-08-21,SALE,INV-2508-0954,Thika Road Hardware & Agrovet Ltd,Juja,Delivery,Farmer,CUS-1052,,Plumbing,Gate Valve 1in,8,599.08,0.03,4792.64,4648.86,320.95,2567.6,2081.26,,0.0,4648.86,0.0,4648.86,0.0,0.0,-8,-2567.6,,JB,0.0
TXN-00641,2025-08-21,SALE,INV-2508-0956,Thika Road Hardware & Agrovet Ltd,Juja,Phone Order,Reseller,CUS-1190,,Building Materials,Iron Sheet 3m Gauge30,10,1152.34,0.01,11523.4,11408.17,768.77,7687.7,3720.47,,0.0,11408.17,0.0,11408.17,0.0,0.0,-10,-7687.7,,RA,0.0
TXN-00642,2025-08-22,SALE,INV-2508-0958,Thika Road Hardware & Agrovet Ltd,Thika Town,Phone Order,Retail,CUS-1187,,Plumbing,Gate Valve 1in,7,611.43,0.0,4280.01,4280.01,317.94,2225.58,2054.43,,0.0,4280.01,0.0,4280.01,0.0,0.0,-7,-2225.58,,JB,0.0
TXN-00643,2025-08-22,SALE,INV-2508-0960,Thika Road Hardware & Agrovet Ltd,Juja,Delivery,Farmer,CUS-1188,,Plumbing,PVC Tee 20mm,2,96.66,0.0,193.32,193.32,45.12,90.24,103.08,,0.0,193.32,0.0,193.32,0.0,0.0,-2,-90.24,,RA,0.0
TXN-00644,2025-08-22,SALE,INV-2508-0962,Thika Road Hardware & Agrovet Ltd,Juja,M-Pesa Till,Wholesale,CUS-1087,,Building Materials,River Sand (ton),12,1835.43,0.0,22025.16,22025.16,1221.38,14656.56,7368.6,,0.0,10891.3,0.0,10891.3,11133.86,0.0,-12,-14656.56,,JB,0.0
TXN-00645,2025-08-23,EXPENSE,EXP-2508-2549,Thika Road Hardware & Agrovet Ltd,Juja,Back Office,,,,,,0,0.0,0.0,0.0,0.0,0.0,0.0,0.0,Staff Salaries,50819.67,0.0,50819.67,0.0,0.0,0.0,0,0.0,Bank Transfer,TK,0.0
TXN-00646,2025-08-23,CUSTOMER_PAYMENT,RCPT-2508-2709,Thika Road Hardware & Agrovet Ltd,Juja,Collections,Wholesale,CUS-1096,,,,0,0.0,0.0,0.0,0.0,0.0,0.0,0.0,Customer Collection,0.0,858.72,0.0,858.72,858.72,0.0,0,0.0,M-PESA,TK,0.0
TXN-00647,2025-08-25,SALE,INV-2508-0964,Thika Road Hardware & Agrovet Ltd,Juja,Delivery,Retail,CUS-1025,,Building Materials,Iron Sheet 3m Gauge30,15,1155.4,0.0,17331.0,17331.0,776.04,11640.6,5690.4,,0.0,17331.0,0.0,17331.0,0.0,0.0,-15,-11640.6,,JB,0.0
TXN-00648,2025-08-25,SALE,INV-2508-0966,Thika Road Hardware & Agrovet Ltd,Thika Town,Delivery,Contractor,CUS-1091,,Building Materials,Cement 50kg,14,1028.9,0.02,14404.6,14116.51,650.67,9109.38,5007.13,,0.0,14116.51,0.0,14116.51,0.0,0.0,-14,-9109.38,,JB,0.0
TXN-00649,2025-08-25,SUPPLIER_PAYMENT,SP-2508-2552,Thika Road Hardware & Agrovet Ltd,Thika Town,Supplier,,,ElectroParts Kenya,,,0,0.0,0.0,0.0,0.0,0.0,0.0,0.0,Supplier Payment,0.0,0.0,34479.63,0.0,0.0,-34479.63,0,0.0,Bank Transfer,MN,0.0
TXN-00650,2025-08-26,EXPENSE,EXP-2508-2548,Thika Road Hardware & Agrovet Ltd,,Back Office,,,,,,0,0.0,0.0,0.0,0.0,0.0,0.0,0.0,Rent,26289.76,0.0,26289.76,0.0,0.0,0.0,0,0.0,M-PESA,MN,0.0
TXN-00651,2025-08-27,SALE,INV-2508-0968,Thika Road Hardware & Agrovet Ltd,Juja,M-Pesa Till,Contractor,CUS-1121,,Building Materials,Hollow Block 6in,24,96.66,0.0,2319.84,2319.84,55.7,1336.8,983.04,,0.0,2319.84,0.0,2319.84,0.0,0.0,-24,-1336.8,,PW,0.0
TXN-00652,2025-08-29,SALE,INV-2508-0970,Thika Road Hardware & Agrovet Ltd,Thika Town,Counter,Reseller,CUS-1190,,Electrical,LED Bulb 12W,4,297.1,0.0,1188.4,1188.4,147.37,589.48,598.92,,0.0,1188.4,0.0,1188.4,0.0,0.0,-4,-589.48,,SK,0.0
TXN-00653,2025-08-29,SALE,INV-2508-0972,Thika Road Hardware & Agrovet Ltd,Thika Town,Phone Order,Contractor,CUS-1078,,Plumbing,Water Tank 1000L,2,12213.24,0.05,24426.48,23205.16,8139.42,16278.84,6926.32,,0.0,23205.16,0.0,23205.16,0.0,0.0,-2,-16278.84,,MN,0.0
TXN-00654,2025-08-29,REFUND,REF-2508-2478,Thika Road Hardware & Agrovet Ltd,Juja,Counter,Reseller,CUS-1190,,Building Materials,Iron Sheet 3m Gauge30,-5,1152.34,0.0,0.0,5704.09,768.77,0.0,-5704.09,Customer Refund,5704.09,0.0,5704.09,0.0,0.0,0.0,5,3843.85,refund,RA,0.0
TXN-00655,2025-08-29,EXPENSE,EXP-2508-2547,Thika Road Hardware & Agrovet Ltd,Juja,Back Office,,,,,,0,0.0,0.0,0.0,0.0,0.0,0.0,0.0,Repairs,4221.05,0.0,4221.05,0.0,0.0,0.0,0,0.0,M-PESA,MN,0.0
TXN-00656,2025-08-30,SALE,INV-2508-0974,Thika Road Hardware & Agrovet Ltd,Juja,Delivery,Farmer,CUS-1000,,Electrical,LED Bulb 12W,2,318.41,0.0,636.82,636.82,152.6,305.2,331.62,,0.0,636.82,0.0,636.82,0.0,0.0,-2,-305.2,,TK,0.0
TXN-00657,2025-08-30,SALE,INV-2508-0976,Thika Road Hardware & Agrovet Ltd,Juja,Online Order,Retail,CUS-1154,,Building Materials,Hollow Block 6in,9,99.29,0.0,893.61,893.61,54.65,491.85,401.76,,0.0,893.61,0.0,893.61,0.0,0.0,-9,-491.85,,PW,0.0
TXN-00658,2025-08-30,SALE,INV-2508-0978,Thika Road Hardware & Agrovet Ltd,Juja,Phone Order,Farmer,CUS-1166,,Electrical,LED Bulb 12W,8,292.94,0.0,2343.52,2343.52,151.32,1210.56,1132.96,,0.0,2343.52,0.0,2343.52,0.0,0.0,-8,-1210.56,,PW,0.0
TXN-00659,2025-08-31,SALE,INV-2508-0980,Thika Road Hardware & Agrovet Ltd,Juja,Counter,Contractor,CUS-1080,,Building Materials,Iron Sheet 3m Gauge30,17,1238.67,0.0,21057.39,21057.39,796.43,13539.31,7518.08,,0.0,9362.42,0.0,9362.42,11694.97,0.0,-17,-13539.31,,RA,0.0
TXN-00660,2025-08-31,SALE,INV-2508-0982,Thika Road Hardware & Agrovet Ltd,Thika Town,Online Order,Wholesale,CUS-1186,,Agro Inputs,Maize Seed 2kg Pack,8,826.49,0.0,6611.92,6611.92,488.86,3910.88,2701.04,,0.0,6611.92,0.0,6611.92,0.0,0.0,-8,-3910.88,,PW,0.0
TXN-00661,2025-09-01,SALE,INV-2509-0984,Thika Road Hardware & Agrovet Ltd,Thika Town,Phone Order,Retail,CUS-1051,,Agro Inputs,Maize Seed 2kg Pack,7,778.18,0.0,5447.26,5447.26,475.27,3326.89,2120.37,,0.0,5447.26,0.0,5447.26,0.0,0.0,-7,-3326.89,,PW,0.0
TXN-00662,2025-09-02,SALE,INV-2509-0986,Thika Road Hardware & Agrovet Ltd,Juja,Online Order,Contractor,CUS-1039,,Paints,Wood Varnish 1L,2,656.23,0.0,1312.46,1312.46,384.24,768.48,543.98,,0.0,1312.46,0.0,1312.46,0.0,0.0,-2,-768.48,,SK,0.0
TXN-00663,2025-09-02,SALE,INV-2509-0988,Thika Road Hardware & Agrovet Ltd,Thika Town,Online Order,Retail,CUS-1070,,Electrical,Electrical Cable 2.5mm (roll),6,5260.45,0.0,31562.7,31562.7,3153.02,18918.12,12644.58,,0.0,31562.7,0.0,31562.7,0.0,0.0,-6,-18918.12,,PW,0.0
TXN-00664,2025-09-02,SALE,INV-2509-0990,Thika Road Hardware & Agrovet Ltd,Juja,M-Pesa Till,Wholesale,CUS-1148,,Paints,Wood Varnish 1L,1,667.88,0.0,667.88,667.88,377.85,377.85,290.03,,0.0,317.02,0.0,317.02,350.86,0.0,-1,-377.85,,TK,0.0
TXN-00665,2025-09-02,SALE,INV-2509-0992,Thika Road Hardware & Agrovet Ltd,Juja,Delivery,Retail,CUS-1206,,Building Materials,Hollow Block 6in,16,95.08,0.02,1521.28,1490.85,54.2,867.2,623.65,,0.0,1490.85,0.0,1490.85,0.0,0.0,-16,-867.2,,MN,0.0
TXN-00666,2025-09-03,SALE,INV-2509-0994,Thika Road Hardware & Agrovet Ltd,Juja,Phone Order,Farmer,CUS-1042,,Paints,Wood Varnish 1L,4,650.53,0.0,2602.12,2602.12,380.9,1523.6,1078.52,,0.0,2602.12,0.0,2602.12,0.0,0.0,-4,-1523.6,,TK,0.0
TXN-00667,2025-09-03,SALE,INV-2509-0996,Thika Road Hardware & Agrovet Ltd,Juja,Phone Order,Reseller,CUS-1011,,Electrical,Socket Outlet,8,340.23,0.0,2721.84,2721.84,177.98,1423.84,1298.0,,0.0,2721.84,0.0,2721.84,0.0,0.0,-8,-1423.84,,TK,0.0
TXN-00668,2025-09-03,SALE,INV-2509-0998,Thika Road Hardware & Agrovet Ltd,Juja,Online Order,Farmer,CUS-1104,,Building Materials,Cement 50kg,1,935.39,0.0,935.39,935.39,659.03,659.03,276.36,,0.0,935.39,0.0,935.39,0.0,0.0,-1,-659.03,,MN,0.0
TXN-00669,2025-09-03,CUSTOMER_PAYMENT,RCPT-2509-2719,Thika Road Hardware & Agrovet Ltd,Thika Town,Collections,Contractor,CUS-1091,,,,0,0.0,0.0,0.0,0.0,0.0,0.0,0.0,Customer Collection,0.0,2104.19,0.0,2104.19,2104.19,0.0,0,0.0,Bank Transfer,MN,0.0
TXN-00670,2025-09-04,SALE,INV-2509-1000,Thika Road Hardware & Agrovet Ltd,Juja,Counter,Retail,CUS-1102,,Paints,Gloss Paint 4L,7,3063.81,0.01,21446.67,21232.2,1726.05,12082.35,9149.85,,0.0,21232.2,0.0,21232.2,0.0,0.0,-7,-12082.35,,TK,0.0
TXN-00671,2025-09-04,SALE,INV-2509-1002,Thika Road Hardware & Agrovet Ltd,Thika Town,Delivery,Retail,CUS-1194,,Agro Inputs,CAN Fertilizer 50kg,4,4265.51,0.0,17062.04,17062.04,3062.13,12248.52,4813.52,,0.0,17062.04,0.0,17062.04,0.0,0.0,-4,-12248.52,,RA,0.0
TXN-00672,2025-09-04,SALE,INV-2509-1004,Thika Road Hardware & Agrovet Ltd,Juja,Phone Order,Farmer,CUS-1018,,Paints,Wood Varnish 1L,2,677.52,0.0,1355.04,1355.04,387.81,775.62,579.42,,0.0,1355.04,0.0,1355.04,0.0,0.0,-2,-775.62,,SK,0.0
TXN-00673,2025-09-05,SALE,INV-2509-1006,Thika Road Hardware & Agrovet Ltd,Juja,Counter,Wholesale,CUS-1034,,Building Materials,Iron Sheet 3m Gauge30,17,1156.33,0.0,19657.61,19657.61,775.37,13181.29,6476.32,,0.0,19657.61,0.0,19657.61,0.0,0.0,-17,-13181.29,,PW,0.0
TXN-00674,2025-09-05,PURCHASE,GRN-2509-1007,Thika Road Hardware & Agrovet Ltd,Thika Town,Supplier,,,ElectroParts Kenya,Building Materials,Cement 50kg,86,665.58,0.0,0.0,0.0,665.58,57239.88,0.0,Purchase,0.0,0.0,0.0,0.0,0.0,57239.88,86,57239.88,,SK,0.0
TXN-00675,2025-09-05,SALE,INV-2509-1008,Thika Road Hardware & Agrovet Ltd,Thika Town,Phone Order,,CUS-1167,,Building Materials,Cement 50kg,17,1024.29,0.05,17412.93,16542.28,638.33,10851.61,5690.67,,0.0,16542.28,0.0,16542.28,0.0,0.0,-17,-10851.61,,MN,0.0
TXN-00676,2025-09-06,SALE,INV-2509-1010,Thika Road Hardware & Agrovet Ltd,Juja,Online Order,Retail,CUS-1160,,Agro Inputs,CAN Fertilizer 50kg,7,4475.05,0.0,31325.35,31325.35,3150.69,22054.83,9270.52,,0.0,31325.35,0.0,31325.35,0.0,0.0,-7,-22054.83,,SK,0.0
TXN-00677,2025-09-07,CUSTOMER_PAYMENT,RCPT-2509-2718,Thika Road Hardware & Agrovet Ltd,Thika Town,Collections,Wholesale,CUS-1033,,,,0,0.0,0.0,0.0,0.0,0.0,0.0,0.0,Customer Collection,0.0,4182.74,0.0,4182.74,4182.74,0.0,0,0.0,Bank Transfer,RA,0.0
TXN-00678,2025-09-08,SALE,INV-2509-1012,Thika Road Hardware & Agrovet Ltd,Thika Town,Online Order,Retail,CUS-1088,,Electrical,Socket Outlet,4,346.38,0.0,1385.52,1385.52,183.38,733.52,652.0,,0.0,1385.52,0.0,1385.52,0.0,0.0,-4,-733.52,,JB,0.0
TXN-00679,2025-09-08,SALE,INV-2509-1014,Thika Road Hardware & Agrovet Ltd,Juja,M-Pesa Till,Farmer,CUS-1082,,Paints,Emulsion Paint 4L,8,2260.25,0.0,18082.0,18082.0,1378.05,11024.4,7057.6,,0.0,18082.0,0.0,18082.0,0.0,0.0,-8,-11024.4,,SK,0.0
TXN-00680,2025-09-09,SALE,INV-2509-1016,Thika Road Hardware & Agrovet Ltd,Thika Town,M-Pesa Till,Retail,CUS-1174,,Paints,Gloss Paint 4L,4,2838.88,0.0,11355.52,11355.52,1793.85,7175.4,4180.12,,0.0,11355.52,0.0,11355.52,0.0,0.0,-4,-7175.4,,PW,0.0
TXN-00681,2025-09-09,SALE,INV-2509-1018,Thika Road Hardware & Agrovet Ltd,Juja,Phone Order,Contractor,CUS-1129,,Paints,Gloss Paint 4L,4,2936.85,0.0,11747.4,11747.4,1754.09,7016.36,4731.04,,0.0,11747.4,0.0,11747.4,0.0,0.0,-4,-7016.36,,JB,0.0
TXN-00682,2025-09-09,CUSTOMER_PAYMENT,RCPT-2509-2720,Thika Road Hardware & Agrovet Ltd,Juja,Collections,Wholesale,CUS-1087,,,,0,0.0,0.0,0.0,0.0,0.0,0.0,0.0,Customer Collection,0.0,9636.16,0.0,9636.16,9636.16,0.0,0,0.0,M-PESA,TK,0.0
TXN-00683,2025-09-10,SALE,INV-2509-1020,Thika Road Hardware & Agrovet Ltd,Juja,M-Pesa Till,Retail,CUS-1074,,Building Materials,Hollow Block 6in,19,97.06,0.0,1844.14,1844.14,55.56,1055.64,788.5,,0.0,1844.14,0.0,1844.14,0.0,0.0,-19,-1055.64,,PW,0.0
TXN-00684,10/09/2025,SALE,INV-2509-1022,Thika Road Hardware & Agrovet Ltd,Juja,Delivery,Retail,CUS-1075,,Agro Inputs,CAN Fertilizer 50kg,1,4339.9,0.02,4339.9,4253.1,3153.62,3153.62,1099.48,,0.0,4253.1,0.0,4253.1,0.0,0.0,-1,-3153.62,,MN,0.0
TXN-00685,2025-09-10,SALE,INV-2509-1024,Thika Road Hardware & Agrovet Ltd,Thika Town,Counter,Wholesale,CUS-1140,,Building Materials,Cement 50kg,8,957.1,0.0,7656.8,7656.8,652.13,5217.04,2439.76,,0.0,1805.42,0.0,1805.42,5851.38,0.0,-8,-5217.04,,TK,0.0
TXN-00686,2025-09-11,SALE,INV-2509-1026,Thika Road Hardware & Agrovet Ltd,Thika Town,Phone Order,Retail,CUS-1191,,Plumbing,PVC Tee 20mm,4,88.76,0.0,355.04,355.04,45.29,181.16,173.88,,0.0,355.04,0.0,355.04,0.0,0.0,-4,-181.16,,MN,0.0
TXN-00687,2025-09-11,SALE,INV-2509-1028,Thika Road Hardware & Agrovet Ltd,Thika Town,M-Pesa Till,Contractor,CUS-1119,,Hardware Tools,Wheelbarrow,2,6634.21,0.05,13268.42,12605.0,4129.7,8259.4,4345.6,,0.0,12605.0,0.0,12605.0,0.0,0.0,-2,-8259.4,,JB,0.0
TXN-00688,2025-09-12,SALE,INV-2509-1030,Thika Road Hardware & Agrovet Ltd,Thika Town,M-Pesa Till,Retail,CUS-1111,,Hardware Tools,Spade,7,926.84,0.0,6487.88,6487.88,526.73,3687.11,2800.77,,0.0,6487.88,0.0,6487.88,0.0,0.0,-7,-3687.11,,RA,0.0
TXN-00689,2025-09-12,SALE,INV-2509-1032,Thika Road Hardware & Agrovet Ltd,Thika Town,M-Pesa Till,Wholesale,CUS-1141,,Electrical,LED Bulb 12W,1,307.31,0.0,307.31,307.31,150.35,150.35,156.96,,0.0,72.99,0.0,72.99,234.32,0.0,-1,-150.35,,SK,0.0
TXN-00690,2025-09-13,SALE,INV-2509-1034,Thika Road Hardware & Agrovet Ltd,Thika Town,Online Order,Wholesale,CUS-1144,,Building Materials,Cement 50kg,19,969.72,0.05,18424.68,17503.45,656.52,12473.88,5029.57,,0.0,17503.45,0.0,17503.45,0.0,0.0,-19,-12473.88,,JB,0.0
TXN-00691,2025-09-13,SALE,INV-2509-1036,Thika Road Hardware & Agrovet Ltd,Juja,Online Order,Contractor,CUS-1164,,Paints,Wood Varnish 1L,6,639.51,0.0,3837.06,3837.06,381.73,2290.38,1546.68,,0.0,1293.53,0.0,1293.53,2543.53,0.0,-6,-2290.38,,TK,0.0
TXN-00692,14/09/2025,SALE,INV-2509-1038,Thika Road Hardware & Agrovet Ltd,,M-Pesa Till,Farmer,CUS-1041,,Building Materials,River Sand (ton),24,1851.49,0.01,44435.76,43991.4,1221.48,29315.52,14675.88,,0.0,43991.4,0.0,43991.4,0.0,0.0,-24,-29315.52,,PW,0.0
TXN-00693,2025-09-14,SALE,INV-2509-1040,Thika Road Hardware & Agrovet Ltd,Thika Town,M-Pesa Till,Contractor,CUS-1101,,Building Materials,Cement 50kg,8,1034.17,0.0,8273.36,8273.36,640.28,5122.24,3151.12,,0.0,8273.36,0.0,8273.36,0.0,0.0,-8,-5122.24,,SK,0.0
TXN-00694,2025-09-14,STOCK_ADJUSTMENT,ADJ-2509-2565,Thika Road Hardware & Agrovet Ltd,Juja,Stock Count,,,,Building Materials,River Sand (ton),1,0.0,0.0,0.0,0.0,0.0,0.0,0.0,Stock Adjustment,0.0,0.0,0.0,0.0,0.0,0.0,1,1200.0,Manual count variance,JB,0.0
TXN-00695,2025-09-15,SALE,INV-2509-1042,Thika Road Hardware & Agrovet Ltd,Thika Town,Counter,Retail,CUS-1149,,Plumbing,Gate Valve 1in,2,575.46,0.03,1150.92,1116.39,320.45,640.9,475.49,,0.0,1116.39,0.0,1116.39,0.0,0.0,-2,-640.9,,MN,0.0
TXN-00696,2025-09-15,SALE,INV-2509-1044,Thika Road Hardware & Agrovet Ltd,Thika Town,Delivery,Wholesale,CUS-1118,,Plumbing,PVC Pipe 20mm 3m,8,385.84,0.0,3086.72,3086.72,208.68,1669.44,1417.28,,0.0,3086.72,0.0,3086.72,0.0,0.0,-8,-1669.44,,JB,0.0
TXN-00697,2025-09-16,SALE,INV-2509-1046,Thika Road Hardware & Agrovet Ltd,Thika Town,Phone Order,Contractor,CUS-1039,,Paints,Emulsion Paint 4L,7,2345.32,0.01,16417.24,16253.07,1435.63,10049.41,6203.66,,0.0,16253.07,0.0,16253.07,0.0,0.0,-7,-10049.41,,PW,0.0
TXN-00698,2025-09-16,SALE,INV-2509-1048,Thika Road Hardware & Agrovet Ltd,Juja,Counter,Retail,CUS-1073,,Electrical,Electrical Cable 2.5mm (roll),2,5240.73,0.0,10481.46,10481.46,3137.72,6275.44,4206.02,,0.0,10481.46,0.0,10481.46,0.0,0.0,-2,-6275.44,,RA,0.0
TXN-00699,2025-09-16,SALE,INV-2509-1050,Thika Road Hardware & Agrovet Ltd,Thika Town,Delivery,Wholesale,CUS-1093,,Agro Inputs,DAP Fertilizer 50kg,4,4769.02,0.0,19076.08,19076.08,3399.12,13596.48,5479.6,,0.0,5130.51,0.0,5130.51,13945.57,0.0,-4,-13596.48,,SK,0.0
TXN-00700,2025-09-16,SALE,INV-2509-1052,Thika Road Hardware & Agrovet Ltd,Juja,Counter,Farmer,CUS-1044,,Agro Inputs,DAP Fertilizer 50kg,1,5056.09,0.01,5056.09,5005.53,3353.31,3353.31,1652.22,,0.0,5005.53,0.0,5005.53,0.0,0.0,-1,-3353.31,,PW,0.0
TXN-00701,2025-09-16,SALE,INV-2509-1054,Thika Road Hardware & Agrovet Ltd,Thika Town,Online Order,Farmer,CUS-1138,,Plumbing,Water Tank 1000L,6,11807.97,0.0,70847.82,70847.82,8243.21,49459.26,21388.56,,0.0,70847.82,0.0,70847.82,0.0,0.0,-6,-49459.26,,MN,0.0
TXN-00702,2025-09-16,SALE,INV-2509-1056,Thika Road Hardware & Agrovet Ltd,Thika Town,M-Pesa Till,Retail,CUS-1145,,Agro Inputs,CAN Fertilizer 50kg,7,4270.06,0.0,29890.42,29890.42,3074.87,21524.09,8366.33,,0.0,29890.42,0.0,29890.42,0.0,0.0,-7,-21524.09,,JB,0.0
TXN-00703,2025-09-16,EXPENSE,EXP-2509-2560,Thika Road Hardware & Agrovet Ltd,Juja,Back Office,,,,,,0,0.0,0.0,0.0,0.0,0.0,0.0,0.0,Staff Salaries,39436.2,0.0,39436.2,0.0,0.0,0.0,0,0.0,Bank Transfer,SK,0.0
TXN-00704,2025-09-16,SUPPLIER_PAYMENT,SP-2509-2562,Thika Road Hardware & Agrovet Ltd,Juja,Supplier,,,Bamburi Cement Depot,,,0,0.0,0.0,0.0,0.0,0.0,0.0,0.0,Supplier Payment,0.0,0.0,33825.23,0.0,0.0,-33825.23,0,0.0,Bank Transfer,MN,0.0
TXN-00705,2025-09-17,SALE,INV-2509-1058,Thika Road Hardware & Agrovet Ltd,Juja,Phone Order,Contractor,CUS-1053,,Paints,Paint Brush 4in,5,214.86,0.0,1074.3,1074.3,95.57,477.85,596.45,,0.0,1074.3,0.0,1074.3,0.0,0.0,-5,-477.85,,TK,0.0
TXN-00706,2025-09-17,SALE,INV-2509-1060,Thika Road Hardware & Agrovet Ltd,Thika Town,Phone Order,Farmer,CUS-1079,,Paints,Paint Brush 4in,8,200.19,0.0,1601.52,1601.52,95.96,767.68,833.84,,0.0,1601.52,0.0,1601.52,0.0,0.0,-8,-767.68,,RA,0.0
TXN-00707,2025-09-19,SALE,INV-2509-1062,Thika Road Hardware & Agrovet Ltd,Thika Town,Phone Order,Farmer,CUS-1023,,Agro Inputs,Pesticide 1L,7,1092.58,0.0,7648.06,7648.06,638.59,4470.13,3177.93,,0.0,7648.06,0.0,7648.06,0.0,0.0,-7,-4470.13,,JB,0.0
TXN-00708,2025-09-19,SALE,INV-2509-1064,Thika Road Hardware & Agrovet Ltd,Juja,M-Pesa Till,Retail,CUS-1059,,Paints,Emulsion Paint 4L,5,2429.76,0.0,12148.8,12148.8,1387.46,6937.3,5211.5,,0.0,12148.8,0.0,12148.8,0.0,0.0,-5,-6937.3,,TK,0.0
TXN-00709,2025-09-21,SALE,INV-2509-1066,Thika Road Hardware & Agrovet Ltd,Thika Town,Delivery,Reseller,CUS-1109,,Agro Inputs,Pesticide 1L,6,1037.08,0.0,6222.48,6222.48,634.83,3808.98,2413.5,,0.0,6222.48,0.0,6222.48,0.0,0.0,-6,-3808.98,,JB,0.0
TXN-00710,2025-09-21,SALE,INV-2509-1068,Thika Road Hardware & Agrovet Ltd,Thika Town,Phone Order,Wholesale,CUS-1026,,Agro Inputs,Maize Seed 2kg Pack,5,796.7,0.0,3983.5,3983.5,473.29,2366.45,1617.05,,0.0,3983.5,0.0,3983.5,0.0,0.0,-5,-2366.45,,JB,0.0
TXN-00711,2025-09-21,EXPENSE,EXP-2509-2558,Thika Road Hardware & Agrovet Ltd,Thika Town,Back Office,,,,,,0,0.0,0.0,0.0,0.0,0.0,0.0,0.0,Staff Salaries,50813.52,0.0,50813.52,0.0,0.0,0.0,0,0.0,Cash,JB,0.0
TXN-00712,2025-09-22,SALE,INV-2509-1070,Thika Road Hardware & Agrovet Ltd,Thika Town,M-Pesa Till,Farmer,CUS-1179,,Paints,Wood Varnish 1L,1,692.09,0.0,692.09,692.09,389.89,389.89,302.2,,0.0,692.09,0.0,692.09,0.0,0.0,-1,-389.89,,JB,0.0
TXN-00713,2025-09-22,SALE,INV-2509-1072,Thika Road Hardware & Agrovet Ltd,Thika Town,Delivery,Contractor,CUS-1060,,Building Materials,River Sand (ton),18,1946.73,0.0,35041.14,35041.14,1196.48,21536.64,13504.5,,0.0,15505.01,0.0,15505.01,19536.13,0.0,-18,-21536.64,,SK,0.0
TXN-00714,2025-09-22,SALE,INV-2509-1074,Thika Road Hardware & Agrovet Ltd,Juja,Counter,Farmer,CUS-1138,,Electrical,Socket Outlet,7,360.13,0.0,2520.91,2520.91,182.08,1274.56,1246.35,,0.0,2520.91,0.0,2520.91,0.0,0.0,-7,-1274.56,,RA,0.0
TXN-00715,2025-09-22,SALE,INV-2509-1076,Thika Road Hardware & Agrovet Ltd,Thika Town,M-Pesa Till,Farmer,CUS-1138,,Electrical,Socket Outlet,8,333.45,0.02,2667.6,2614.25,176.88,1415.04,1199.21,,0.0,2614.25,0.0,2614.25,0.0,0.0,-8,-1415.04,,TK,0.0
TXN-00716,2025-09-22,EXPENSE,EXP-2509-2557,Thika Road Hardware & Agrovet Ltd,Juja,Back Office,,,,,,0,0.0,0.0,0.0,0.0,0.0,0.0,0.0,Transport,11058.7,0.0,11058.7,0.0,0.0,0.0,0,0.0,Bank Transfer,SK,0.0
TXN-00717,2025-09-22,SUPPLIER_PAYMENT,SP-2509-2563,Thika Road Hardware & Agrovet Ltd,Juja,Supplier,,,Thika Building Suppliers Ltd,,,0,0.0,0.0,0.0,0.0,0.0,0.0,0.0,Supplier Payment,0.0,0.0,52465.79,0.0,0.0,-52465.79,0,0.0,Bank Transfer,PW,0.0
TXN-00718,2025-09-23,SALE,INV-2509-1078,Thika Road Hardware & Agrovet Ltd,Juja,Phone Order,Wholesale,CUS-1176,,Plumbing,Water Tank 1000L,5,12729.16,0.01,63645.8,63009.34,8304.79,41523.95,21485.39,,0.0,63009.34,0.0,63009.34,0.0,0.0,-5,-41523.95,,MN,0.0
TXN-00719,2025-09-23,SALE,INV-2509-1080,Thika Road Hardware & Agrovet Ltd,Juja,Phone Order,Farmer,CUS-1215,,Building Materials,Hollow Block 6in,22,90.16,0.0,1983.52,1983.52,56.26,1237.72,745.8,,0.0,1983.52,0.0,1983.52,0.0,0.0,-22,-1237.72,,PW,0.0
TXN-00720,2025-09-23,SALE,INV-2509-1082,Thika Road Hardware & Agrovet Ltd,Thika Town,Phone Order,Wholesale,CUS-1034,,Electrical,Socket Outlet,2,332.17,0.0,664.34,664.34,178.59,357.18,307.16,,0.0,135.94,0.0,135.94,528.4,0.0,-2,-357.18,,PW,0.0
TXN-00721,2025-09-24,SALE,INV-2509-1084,Thika Road Hardware & Agrovet Ltd,Juja,Online Order,Reseller,CUS-1136,,Building Materials,River Sand (ton),15,1886.55,0.0,28298.25,28298.25,1195.02,17925.3,10372.95,,0.0,28298.25,0.0,28298.25,0.0,0.0,-15,-17925.3,,JB,0.0
TXN-00722,24/09/2025,SALE,INV-2509-1086,Thika Road Hardware & Agrovet Ltd,Thika Town,Online Order,Retail,CUS-1102,,Paints,Paint Brush 4in,1,201.77,0.01,201.77,199.75,97.44,97.44,102.31,,0.0,199.75,0.0,199.75,0.0,0.0,-1,-97.44,,RA,0.0
TXN-00723,2025-09-24,SALE,INV-2509-1088,Thika Road Hardware & Agrovet Ltd,Juja,Counter,Retail,CUS-1035,,Paints,Gloss Paint 4L,7,2861.91,0.0,20033.37,20033.37,1770.4,12392.8,7640.57,,0.0,20033.37,0.0,20033.37,0.0,0.0,-7,-12392.8,,MN,0.0
TXN-00724,2025-09-24,EXPENSE,EXP-2509-2559,Thika Road Hardware & Agrovet Ltd,Thika Town,Back Office,,,,,,0,0.0,0.0,0.0,0.0,0.0,0.0,0.0,Rent,21944.5,0.0,21944.5,0.0,0.0,0.0,0,0.0,Cash,PW,0.0
TXN-00725,2025-09-25,SALE,INV-2509-1090,Thika Road Hardware & Agrovet Ltd,Thika Town,Phone Order,Wholesale,CUS-1001,,Building Materials,Iron Sheet 3m Gauge30,11,1239.63,0.0,13635.93,13635.93,778.26,8560.86,5075.07,,0.0,13635.93,0.0,13635.93,0.0,0.0,-11,-8560.86,,JB,0.0
TXN-00726,2025-09-25,SALE,INV-2509-1092,Thika Road Hardware & Agrovet Ltd,Juja,Counter,Contractor,CUS-1077,,Plumbing,PVC Pipe 20mm 3m,8,388.92,0.0,3111.36,3111.36,212.76,1702.08,1409.28,,0.0,3111.36,0.0,3111.36,0.0,0.0,-8,-1702.08,,JB,0.0
TXN-00727,2025-09-25,SALE,INV-2509-1094,Thika Road Hardware & Agrovet Ltd,Thika Town,Phone Order,,CUS-1170,,Paints,Gloss Paint 4L,6,2991.03,0.0,17946.18,17946.18,1750.25,10501.5,7444.68,,0.0,17946.18,0.0,17946.18,0.0,0.0,-6,-10501.5,,TK,0.0
TXN-00728,2025-09-26,SALE,INV-2509-1096,Thika Road Hardware & Agrovet Ltd,Juja,M-Pesa Till,Farmer,CUS-1159,,Building Materials,Hollow Block 6in,24,89.79,0.0,2154.96,2154.96,55.29,1326.96,828.0,,0.0,2154.96,0.0,2154.96,0.0,0.0,-24,-1326.96,,SK,0.0
TXN-00729,2025-09-26,SALE,INV-2509-1098,Thika Road Hardware & Agrovet Ltd,Thika Town,Delivery,Contractor,CUS-1202,,Paints,Paint Brush 4in,5,218.72,0.02,1093.6,1071.73,96.09,480.45,591.28,,0.0,1071.73,0.0,1071.73,0.0,0.0,-5,-480.45,,RA,0.0
TXN-00730,2025-09-26,SALE,INV-2509-1100,Thika Road Hardware & Agrovet Ltd,Thika Town,Counter,Retail,CUS-1130,,Paints,Emulsion Paint 4L,6,2227.33,0.0,13363.98,13363.98,1431.61,8589.66,4774.32,,0.0,13363.98,0.0,13363.98,0.0,0.0,-6,-8589.66,,RA,0.0
TXN-00731,2025-09-26,SALE,INV-2509-1102,Thika Road Hardware & Agrovet Ltd,Juja,Delivery,Retail,CUS-1043,,Plumbing,Gate Valve 1in,2,604.03,0.0,1208.06,1208.06,327.75,655.5,552.56,,0.0,1208.06,0.0,1208.06,0.0,0.0,-2,-655.5,,PW,0.0
TXN-00732,2025-09-26,EXPENSE,EXP-2509-2556,Thika Road Hardware & Agrovet Ltd,Thika Town,Back Office,,,,,,0,0.0,0.0,0.0,0.0,0.0,0.0,0.0,Staff Salaries,35274.97,0.0,35274.97,0.0,0.0,0.0,0,0.0,Cash,MN,0.0
TXN-00733,2025-09-27,SALE,INV-2509-1104,Thika Road Hardware & Agrovet Ltd,Juja,Counter,Wholesale,CUS-1069,,Building Materials,Cement 50kg,5,981.1,0.0,4905.5,4905.5,659.16,3295.8,1609.7,,0.0,3018.44,0.0,3018.44,1887.06,0.0,-5,-3295.8,,TK,0.0
TXN-00734,2025-09-27,SALE,INV-2509-1106,Thika Road Hardware & Agrovet Ltd,Juja,M-Pesa Till,Wholesale,CUS-1092,,Building Materials,Iron Sheet 3m Gauge30,22,1194.62,0.0,26281.64,26281.64,796.26,17517.72,8763.92,,0.0,12474.18,0.0,12474.18,13807.46,0.0,-22,-17517.72,,JB,0.0
TXN-00735,2025-09-28,SALE,INV-2509-1108,Thika Road Hardware & Agrovet Ltd,Thika Town,M-Pesa Till,Wholesale,CUS-1037,,Building Materials,Hollow Block 6in,14,89.37,0.0,1251.18,1251.18,54.3,760.2,490.98,,0.0,1251.18,0.0,1251.18,0.0,0.0,-14,-760.2,,JB,0.0
TXN-00736,2025-09-28,SALE,INV-2509-1110,Thika Road Hardware & Agrovet Ltd,Juja,M-Pesa Till,Contractor,CUS-1060,,Paints,Paint Brush 4in,4,209.68,0.0,838.72,838.72,94.73,378.92,459.8,,0.0,838.72,0.0,838.72,0.0,0.0,-4,-378.92,,TK,0.0
TXN-00737,2025-09-28,CUSTOMER_PAYMENT,RCPT-2509-2726,Thika Road Hardware & Agrovet Ltd,Thika Town,Collections,Wholesale,CUS-1093,,,,0,0.0,0.0,0.0,0.0,0.0,0.0,0.0,Customer Collection,0.0,9820.7,0.0,9820.7,9820.7,0.0,0,0.0,M-pesa,RA,0.0
TXN-00738,2025-09-29,SALE,INV-2509-1112,Thika Road Hardware & Agrovet Ltd,Juja,,Retail,CUS-1107,,Building Materials,Iron Sheet 3m Gauge30,10,1132.5,0.0,11325.0,11325.0,792.38,7923.8,3401.2,,0.0,11325.0,0.0,11325.0,0.0,0.0,-10,-7923.8,,SK,0.0
TXN-00739,2025-09-29,SALE,INV-2509-1114,Thika Road Hardware & Agrovet Ltd,Juja,M-Pesa Till,Reseller,CUS-1011,,Paints,Paint Brush 4in,3,221.22,0.0,663.66,663.66,96.82,290.46,373.2,,0.0,663.66,0.0,663.66,0.0,0.0,-3,-290.46,,RA,0.0
TXN-00740,2025-09-29,EXPENSE,EXP-2509-2561,Thika Road Hardware & Agrovet Ltd,Juja,Back Office,,,,,,0,0.0,0.0,0.0,0.0,0.0,0.0,0.0,Transport,8146.22,0.0,8146.22,0.0,0.0,0.0,0,0.0,M-PESA,JB,0.0
TXN-00741,2025-09-29,SUPPLIER_PAYMENT,SP-2509-2564,Thika Road Hardware & Agrovet Ltd,Thika Town,Supplier,,,AgroChem Kenya Distributors,,,0,0.0,0.0,0.0,0.0,0.0,0.0,0.0,Supplier Payment,0.0,0.0,59476.54,0.0,0.0,-59476.54,0,0.0,Bank Transfer,TK,0.0
TXN-00742,2025-09-30,SALE,INV-2509-1116,Thika Road Hardware & Agrovet Ltd,Thika Town,Online Order,Retail,CUS-1090,,Paints,Wood Varnish 1L,7,692.95,0.0,4850.65,4850.65,379.32,2655.24,2195.41,,0.0,4850.65,0.0,4850.65,0.0,0.0,-7,-2655.24,,PW,0.0
TXN-00743,2025-10-01,SALE,INV-2510-1118,Thika Road Hardware & Agrovet Ltd,Juja,Delivery,Wholesale,CUS-1141,,Electrical,Electrical Cable 2.5mm (roll),8,5241.61,0.02,41932.88,41094.22,3226.12,25808.96,15285.26,,0.0,8687.32,0.0,8687.32,32406.9,0.0,-8,-25808.96,,RA,0.0
TXN-00744,01/10/2025,SALE,INV-2510-1120,Thika Road Hardware & Agrovet Ltd,Thika Town,Counter,Retail,CUS-1036,,Paints,Wood Varnish 1L,7,652.51,0.0,4567.57,4567.57,388.3,2718.1,1849.47,,0.0,4567.57,0.0,4567.57,0.0,0.0,-7,-2718.1,,SK,0.0
TXN-00745,2025-10-01,CUSTOMER_PAYMENT,RCPT-2510-2722,Thika Road Hardware & Agrovet Ltd,Juja,Collections,Wholesale,CUS-1148,,,,0,0.0,0.0,0.0,0.0,0.0,0.0,0.0,Customer Collection,0.0,349.55,0.0,349.55,349.55,0.0,0,0.0,Bank Transfer,RA,0.0
TXN-00746,2025-10-01,CUSTOMER_PAYMENT,RCPT-2510-2729,Thika Road Hardware & Agrovet Ltd,Juja,Collections,Wholesale,CUS-1069,,,,0,0.0,0.0,0.0,0.0,0.0,0.0,0.0,Customer Collection,0.0,1865.45,0.0,1865.45,1865.45,0.0,0,0.0,M-PESA,JB,0.0
TXN-00747,2025-10-02,SALE,INV-2510-1122,Thika Road Hardware & Agrovet Ltd,Juja,Delivery,Retail,CUS-1205,,Electrical,Electrical Cable 2.5mm (roll),3,4783.39,0.02,14350.17,14063.17,3232.23,9696.69,4366.48,,0.0,14063.17,0.0,14063.17,0.0,0.0,-3,-9696.69,,JB,0.0
TXN-00748,2025-10-02,SALE,INV-2510-1124,Thika Road Hardware & Agrovet Ltd,Juja,M-Pesa Till,Reseller,CUS-1136,,Plumbing,PVC Pipe 20mm 3m,6,373.78,0.0,2242.68,2242.68,211.62,1269.72,972.96,,0.0,2242.68,0.0,2242.68,0.0,0.0,-6,-1269.72,,TK,0.0
TXN-00749,2025-10-02,SALE,INV-2510-1126,Thika Road Hardware & Agrovet Ltd,Juja,Counter,Retail,CUS-1047,,Paints,Gloss Paint 4L,1,3090.97,0.03,3090.97,2998.24,1741.22,1741.22,1257.02,,0.0,2998.24,0.0,2998.24,0.0,0.0,-1,-1741.22,,TK,0.0
TXN-00750,2025-10-03,SALE,INV-2510-1128,Thika Road Hardware & Agrovet Ltd,Juja,Phone Order,Retail,CUS-1192,,Plumbing,PVC Pipe 20mm 3m,3,383.27,0.0,1149.81,1149.81,206.22,618.66,531.15,,0.0,1149.81,0.0,1149.81,0.0,0.0,-3,-618.66,,SK,0.0
TXN-00751,2025-10-03,SALE,INV-2510-1130,Thika Road Hardware & Agrovet Ltd,Thika Town,Online Order,Wholesale,CUS-1123,,Electrical,Circuit Breaker 20A,1,725.36,0.02,725.36,710.85,418.55,418.55,292.3,,0.0,710.85,0.0,710.85,0.0,0.0,-1,-418.55,,RA,0.0
TXN-00752,2025-10-05,SALE,INV-2510-1132,Thika Road Hardware & Agrovet Ltd,Thika Town,Counter,Contractor,CUS-1060,,Agro Inputs,CAN Fertilizer 50kg,7,4582.51,0.0,32077.57,32077.57,3111.46,21780.22,10297.35,,0.0,7422.16,0.0,7422.16,24655.41,0.0,-7,-21780.22,,SK,0.0
TXN-00753,2025-10-05,SALE,INV-2510-1134,Thika Road Hardware & Agrovet Ltd,Juja,Counter,Reseller,CUS-1100,,Plumbing,PVC Tee 20mm,3,91.05,0.05,273.15,259.49,46.21,138.63,120.86,,0.0,259.49,0.0,259.49,0.0,0.0,-3,-138.63,,JB,0.0
TXN-00754,2025-10-05,CUSTOMER_PAYMENT,RCPT-2510-2727,Thika Road Hardware & Agrovet Ltd,Thika Town,Collections,Contractor,CUS-1060,,,,0,0.0,0.0,0.0,0.0,0.0,0.0,0.0,Customer Collection,0.0,15638.1,0.0,15638.1,15638.1,0.0,0,0.0,M-PESA,TK,0.0
TXN-00755,2025-10-05,CUSTOMER_PAYMENT,RCPT-2510-2731,Thika Road Hardware & Agrovet Ltd,Juja,Collections,Wholesale,CUS-1141,,,,0,0.0,0.0,0.0,0.0,0.0,0.0,0.0,Customer Collection,0.0,27333.23,0.0,27333.23,27333.23,0.0,0,0.0,M-PESA,JB,0.0
TXN-00756,2025-10-06,SALE,INV-2510-1136,Thika Road Hardware & Agrovet Ltd,Juja,Phone Order,Reseller,CUS-1161,,Electrical,Socket Outlet,3,341.39,0.0,1024.17,1024.17,177.52,532.56,491.61,,0.0,1024.17,0.0,1024.17,0.0,0.0,-3,-532.56,,TK,0.0
TXN-00757,2025-10-06,SALE,INV-2510-1138,Thika Road Hardware & Agrovet Ltd,Thika Town,Counter,Farmer,CUS-1184,,Electrical,Electrical Cable 2.5mm (roll),6,4738.39,0.0,28430.34,28430.34,3143.76,18862.56,9567.78,,0.0,28430.34,0.0,28430.34,0.0,0.0,-6,-18862.56,,TK,0.0
TXN-00758,2025-10-06,SALE,INV-2510-1140,Thika Road Hardware & Agrovet Ltd,Thika Town,Delivery,Farmer,CUS-1116,,Plumbing,PVC Pipe 20mm 3m,8,391.01,0.0,3128.08,3128.08,205.83,1646.64,1481.44,,0.0,3128.08,0.0,3128.08,0.0,0.0,-8,-1646.64,,SK,0.0
TXN-00759,06/10/2025,SALE,INV-2510-1142,Thika Road Hardware & Agrovet Ltd,Juja,Delivery,Retail,CUS-1004,,Agro Inputs,DAP Fertilizer 50kg,3,4929.74,0.02,14789.22,14493.44,3429.32,10287.96,4205.48,,0.0,14493.44,0.0,14493.44,0.0,0.0,-3,-10287.96,,MN,0.0
TXN-00760,2025-10-07,SALE,INV-2510-1144,Thika Road Hardware & Agrovet Ltd,Thika Town,M-Pesa Till,Wholesale,CUS-1148,,Building Materials,Hollow Block 6in,4,97.97,0.03,391.88,380.12,55.12,220.48,159.64,,0.0,219.2,0.0,219.2,160.92,0.0,-4,-220.48,,JB,0.0
TXN-00761,2025-10-07,SALE,INV-2510-1146,Thika Road Hardware & Agrovet Ltd,Thika Town,Counter,Wholesale,CUS-1037,,Building Materials,River Sand (ton),21,1846.73,0.0,38781.33,38781.33,1177.18,24720.78,14060.55,,0.0,25787.35,0.0,25787.35,12993.98,0.0,-21,-24720.78,,RA,0.0
TXN-00762,2025-10-07,SALE,INV-2510-1148,Thika Road Hardware & Agrovet Ltd,Thika Town,Phone Order,Contractor,CUS-1053,,Paints,Gloss Paint 4L,7,3108.26,0.02,21757.82,21322.66,1750.42,12252.94,9069.72,,0.0,21322.66,0.0,21322.66,0.0,0.0,-7,-12252.94,,TK,0.0
TXN-00763,2025-10-07,EXPENSE,EXP-2510-2569,Thika Road Hardware & Agrovet Ltd,Juja,Back Office,,,,,,0,0.0,0.0,0.0,0.0,0.0,0.0,0.0,Rent,23356.96,0.0,23356.96,0.0,0.0,0.0,0,0.0,M-PESA,JB,0.0
TXN-00764,2025-10-08,SALE,INV-2510-1150,Thika Road Hardware & Agrovet Ltd,Juja,M-Pesa Till,Wholesale,CUS-1026,,Paints,Gloss Paint 4L,1,2784.92,0.0,2784.92,2784.92,1723.64,1723.64,1061.28,,0.0,1226.08,0.0,1226.08,1558.84,0.0,-1,-1723.64,,JB,0.0
TXN-00765,2025-10-08,SALE,INV-2510-1152,Thika Road Hardware & Agrovet Ltd,Thika Town,M-Pesa Till,Farmer,CUS-1042,,Building Materials,Cement 50kg,9,960.46,0.01,8644.14,8557.7,656.49,5908.41,2649.29,,0.0,8557.7,0.0,8557.7,0.0,0.0,-9,-5908.41,,MN,0.0
TXN-00766,2025-10-08,SALE,INV-2510-1154,Thika Road Hardware & Agrovet Ltd,Thika Town,Counter,Wholesale,CUS-1137,,Electrical,Socket Outlet,5,333.28,0.0,1666.4,1666.4,180.34,901.7,764.7,,0.0,1666.4,0.0,1666.4,0.0,0.0,-5,-901.7,,JB,0.0
TXN-00767,2025-10-08,CUSTOMER_PAYMENT,RCPT-2510-2721,Thika Road Hardware & Agrovet Ltd,Juja,Collections,Contractor,CUS-1080,,,,0,0.0,0.0,0.0,0.0,0.0,0.0,0.0,Customer Collection,0.0,11260.41,0.0,11260.41,11260.41,0.0,0,0.0,M-PESA,MN,0.0
TXN-00768,2025-10-09,SALE,INV-2510-1156,Thika Road Hardware & Agrovet Ltd,Juja,Online Order,Contractor,CUS-1057,,Paints,Emulsion Paint 4L,8,2359.53,0.0,18876.24,18876.24,1407.66,11261.28,7614.96,,0.0,4746.8,0.0,4746.8,14129.44,0.0,-8,-11261.28,,PW,0.0
TXN-00769,2025-10-10,SALE,INV-2510-1158,Thika Road Hardware & Agrovet Ltd,Thika Town,M-Pesa Till,Wholesale,CUS-1056,,Building Materials,River Sand (ton),10,1928.73,0.01,19287.3,19094.43,1228.55,12285.5,6808.93,,0.0,19094.43,0.0,19094.43,0.0,0.0,-10,-12285.5,,RA,0.0
TXN-00770,2025-10-10,PURCHASE,GRN-2510-1159,Thika Road Hardware & Agrovet Ltd,,Supplier,,,ElectroParts Kenya,Building Materials,River Sand (ton),162,1220.17,0.0,0.0,0.0,1220.17,197667.54,0.0,Purchase,0.0,0.0,197667.54,0.0,0.0,0.0,162,197667.54,,JB,0.0
TXN-00771,2025-10-10,SALE,INV-2510-1160,Thika Road Hardware & Agrovet Ltd,Thika Town,M-Pesa Till,Wholesale,CUS-1081,,Building Materials,River Sand (ton),24,1749.38,0.0,41985.12,41985.12,1228.19,29476.56,12508.56,,0.0,41985.12,0.0,41985.12,0.0,0.0,-24,-29476.56,,SK,0.0
TXN-00772,2025-10-10,CUSTOMER_PAYMENT,RCPT-2510-2725,Thika Road Hardware & Agrovet Ltd,Juja,Collections,Contractor,CUS-1164,,,,0,0.0,0.0,0.0,0.0,0.0,0.0,0.0,Customer Collection,0.0,1914.63,0.0,1914.63,1914.63,0.0,0,0.0,M-PESA,JB,0.0
TXN-00773,2025-10-11,SALE,INV-2510-1162,Thika Road Hardware & Agrovet Ltd,Juja,M-Pesa Till,Farmer,CUS-1181,,Agro Inputs,Pesticide 1L,5,1115.06,0.0,5575.3,5575.3,631.05,3155.25,2420.05,,0.0,5575.3,0.0,5575.3,0.0,0.0,-5,-3155.25,,JB,0.0
TXN-00774,2025-10-11,SALE,INV-2510-1164,Thika Road Hardware & Agrovet Ltd,Thika Town,Phone Order,Retail,CUS-1160,,Building Materials,Hollow Block 6in,14,98.9,0.0,1384.6,1384.6,56.61,792.54,592.06,,0.0,1384.6,0.0,1384.6,0.0,0.0,-14,-792.54,,JB,0.0
TXN-00775,2025-10-11,EXPENSE,EXP-2510-2571,Thika Road Hardware & Agrovet Ltd,Juja,Back Office,,,,,,0,0.0,0.0,0.0,0.0,0.0,0.0,0.0,Licenses,4111.69,0.0,4111.69,0.0,0.0,0.0,0,0.0,M-PESA,JB,0.0
TXN-00776,2025-10-12,SALE,INV-2510-1166,Thika Road Hardware & Agrovet Ltd,Juja,Phone Order,Retail,CUS-1172,,Building Materials,Cement 50kg,5,1001.07,0.0,5005.35,5005.35,646.67,3233.35,1772.0,,0.0,5005.35,0.0,5005.35,0.0,0.0,-5,-3233.35,,TK,0.0
TXN-00777,2025-10-12,CUSTOMER_PAYMENT,RCPT-2510-2734,Thika Road Hardware & Agrovet Ltd,Thika Town,Collections,Wholesale,CUS-1037,,,,0,0.0,0.0,0.0,0.0,0.0,0.0,0.0,Customer Collection,0.0,12865.18,0.0,12865.18,12865.18,0.0,0,0.0,M-pesa,TK,0.0
TXN-00778,2025-10-13,SALE,INV-2510-1168,Thika Road Hardware & Agrovet Ltd,Juja,Phone Order,Retail,CUS-1146,,Agro Inputs,CAN Fertilizer 50kg,4,4642.32,0.0,18569.28,18569.28,3191.67,12766.68,5802.6,,0.0,18569.28,0.0,18569.28,0.0,0.0,-4,-12766.68,,MN,0.0
TXN-00779,2025-10-13,SALE,INV-2510-1170,Thika Road Hardware & Agrovet Ltd,Thika Town,Online Order,Contractor,CUS-1121,,Building Materials,River Sand (ton),18,1883.39,0.0,33901.02,33901.02,1196.13,21530.34,12370.68,,0.0,17496.82,0.0,17496.82,16404.2,0.0,-18,-21530.34,,TK,0.0
TXN-00780,2025-10-13,SALE,INV-2510-1172,Thika Road Hardware & Agrovet Ltd,Juja,Phone Order,Wholesale,CUS-1061,,Building Materials,River Sand (ton),23,1838.7,0.0,42290.1,42290.1,1196.82,27526.86,14763.24,,0.0,42290.1,0.0,42290.1,0.0,0.0,-23,-27526.86,,PW,0.0
TXN-00781,2025-10-14,SALE,INV-2510-1174,Thika Road Hardware & Agrovet Ltd,Juja,Delivery,Reseller,CUS-1201,,Building Materials,River Sand (ton),2,1834.3,0.0,3668.6,3668.6,1181.19,2362.38,1306.22,,0.0,3668.6,0.0,3668.6,0.0,0.0,-2,-2362.38,,JB,0.0
TXN-00782,2025-10-14,SALE,INV-2510-1176,Thika Road Hardware & Agrovet Ltd,Juja,M-Pesa Till,Reseller,CUS-1031,,Building Materials,Iron Sheet 3m Gauge30,9,1132.02,0.0,10188.18,10188.18,800.33,7202.97,2985.21,,0.0,10188.18,0.0,10188.18,0.0,0.0,-9,-7202.97,,PW,0.0
TXN-00783,2025-10-14,SUPPLIER_PAYMENT,SP-2510-2574,Thika Road Hardware & Agrovet Ltd,Thika Town,Supplier,,,ElectroParts Kenya,,,0,0.0,0.0,0.0,0.0,0.0,0.0,0.0,Supplier Payment,0.0,0.0,37862.2,0.0,0.0,-37862.2,0,0.0,Bank Transfer,RA,0.0
TXN-00784,2025-10-15,SALE,INV-2510-1178,Thika Road Hardware & Agrovet Ltd,Thika Town,Delivery,Retail,CUS-1163,,Agro Inputs,CAN Fertilizer 50kg,3,4345.7,0.0,13037.1,13037.1,3093.46,9280.38,3756.72,,0.0,13037.1,0.0,13037.1,0.0,0.0,-3,-9280.38,,MN,0.0
TXN-00785,2025-10-15,SALE,INV-2510-1180,Thika Road Hardware & Agrovet Ltd,Juja,M-Pesa Till,Contractor,CUS-1182,,Electrical,Electrical Cable 2.5mm (roll),3,4886.75,0.0,14660.25,14660.25,3142.77,9428.31,5231.94,,0.0,14660.25,0.0,14660.25,0.0,0.0,-3,-9428.31,,JB,0.0
TXN-00786,2025-10-15,SALE,INV-2510-1182,Thika Road Hardware & Agrovet Ltd,Thika Town,Online Order,Farmer,CUS-1159,,Building Materials,River Sand (ton),17,1915.58,0.0,32564.86,32564.86,1188.23,20199.91,12364.95,,0.0,32564.86,0.0,32564.86,0.0,0.0,-17,-20199.91,,SK,0.0
TXN-00787,2025-10-16,SALE,INV-2510-1184,Thika Road Hardware & Agrovet Ltd,Juja,Phone Order,Contractor,CUS-1143,,Electrical,Circuit Breaker 20A,6,781.03,0.02,4686.18,4592.46,424.11,2544.66,2047.8,,0.0,4592.46,0.0,4592.46,0.0,0.0,-6,-2544.66,,MN,0.0
TXN-00788,2025-10-16,SALE,INV-2510-1186,Thika Road Hardware & Agrovet Ltd,Thika Town,M-Pesa Till,Contractor,CUS-1016,,Electrical,Circuit Breaker 20A,1,708.54,0.02,708.54,694.37,430.17,430.17,264.2,,0.0,694.37,0.0,694.37,0.0,0.0,-1,-430.17,,SK,0.0
TXN-00789,2025-10-16,SALE,INV-2510-1188,Thika Road Hardware & Agrovet Ltd,Thika Town,Delivery,Wholesale,CUS-1069,,Agro Inputs,Pesticide 1L,1,1017.53,0.05,1017.53,966.65,608.54,608.54,358.11,,0.0,966.65,0.0,966.65,0.0,0.0,-1,-608.54,,TK,0.0
TXN-00790,2025-10-17,SALE,INV-2510-1190,Thika Road Hardware & Agrovet Ltd,Juja,Delivery,Farmer,CUS-1158,,Building Materials,Hollow Block 6in,18,90.03,0.01,1620.54,1604.33,54.5,981.0,623.33,,0.0,1604.33,0.0,1604.33,0.0,0.0,-18,-981.0,,JB,0.0
TXN-00791,2025-10-17,SALE,INV-2510-1192,Thika Road Hardware & Agrovet Ltd,Thika Town,M-Pesa Till,Farmer,CUS-1052,,Building Materials,Iron Sheet 3m Gauge30,7,1228.11,0.0,8596.77,8596.77,771.84,5402.88,3193.89,,0.0,8596.77,0.0,8596.77,0.0,0.0,-7,-5402.88,,MN,0.0
TXN-00792,2025-10-17,EXPENSE,EXP-2510-2566,Thika Road Hardware & Agrovet Ltd,Juja,Back Office,,,,,,0,0.0,0.0,0.0,0.0,0.0,0.0,0.0,Staff Salaries,46564.99,0.0,46564.99,0.0,0.0,0.0,0,0.0,Bank Transfer,RA,0.0
TXN-00793,2025-10-17,STOCK_ADJUSTMENT,ADJ-2510-2576,Thika Road Hardware & Agrovet Ltd,Juja,Stock Count,,,,Agro Inputs,Pesticide 1L,5,0.0,0.0,0.0,0.0,0.0,0.0,0.0,Stock Adjustment,0.0,0.0,0.0,0.0,0.0,0.0,5,3100.0,Manual count variance,TK,0.0
TXN-00794,2025-10-17,CUSTOMER_PAYMENT,RCPT-2510-2732,Thika Road Hardware & Agrovet Ltd,Thika Town,Collections,Contractor,CUS-1060,,,,0,0.0,0.0,0.0,0.0,0.0,0.0,0.0,Customer Collection,0.0,18599.1,0.0,18599.1,18599.1,0.0,0,0.0,M-PESA,MN,0.0
TXN-00795,2025-10-18,SALE,INV-2510-1194,Thika Road Hardware & Agrovet Ltd,Juja,M-Pesa Till,Retail,CUS-1085,,Plumbing,Water Tank 1000L,4,13346.36,0.0,53385.44,53385.44,8213.83,32855.32,20530.12,,0.0,53385.44,0.0,53385.44,0.0,0.0,-4,-32855.32,,MN,0.0
TXN-00796,2025-10-18,SALE,INV-2510-1196,Thika Road Hardware & Agrovet Ltd,Juja,Phone Order,Farmer,CUS-1151,,Paints,Emulsion Paint 4L,3,2231.98,0.0,6695.94,6695.94,1386.08,4158.24,2537.7,,0.0,6695.94,0.0,6695.94,0.0,0.0,-3,-4158.24,,RA,0.0
TXN-00797,2025-10-18,CUSTOMER_PAYMENT,RCPT-2510-2723,Thika Road Hardware & Agrovet Ltd,Thika Town,Collections,Wholesale,CUS-1140,,,,0,0.0,0.0,0.0,0.0,0.0,0.0,0.0,Customer Collection,0.0,5109.82,0.0,5109.82,5109.82,0.0,0,0.0,M-pesa,JB,0.0
TXN-00798,2025-10-18,CUSTOMER_PAYMENT,RCPT-2510-2733,Thika Road Hardware & Agrovet Ltd,Thika Town,Collections,Wholesale,CUS-1148,,,,0,0.0,0.0,0.0,0.0,0.0,0.0,0.0,Customer Collection,0.0,137.58,0.0,137.58,137.58,0.0,0,0.0,M-PESA,PW,0.0
TXN-00799,2025-10-18,CUSTOMER_PAYMENT,RCPT-2510-2736,Thika Road Hardware & Agrovet Ltd,Juja,Collections,Contractor,CUS-1057,,,,0,0.0,0.0,0.0,0.0,0.0,0.0,0.0,Customer Collection,0.0,13801.91,0.0,13801.91,13801.91,0.0,0,0.0,M-PESA,RA,0.0
TXN-00800,2025-10-19,SALE,INV-2510-1198,Thika Road Hardware & Agrovet Ltd,Juja,Online Order,Retail,CUS-1160,,Plumbing,PVC Pipe 20mm 3m,4,376.13,0.0,1504.52,1504.52,208.18,832.72,671.8,,0.0,1504.52,0.0,1504.52,0.0,0.0,-4,-832.72,,JB,0.0
TXN-00801,2025-10-19,EXPENSE,EXP-2510-2567,Thika Road Hardware & Agrovet Ltd,Juja,Back Office,,,,,,0,0.0,0.0,0.0,0.0,0.0,0.0,0.0,Utilities,4945.51,0.0,4945.51,0.0,0.0,0.0,0,0.0,M-PESA,TK,0.0
TXN-00802,2025-10-19,SUPPLIER_PAYMENT,SP-2510-2575,Thika Road Hardware & Agrovet Ltd,Thika Town,Supplier,,,Thika Building Suppliers Ltd,,,0,0.0,0.0,0.0,0.0,0.0,0.0,0.0,Supplier Payment,0.0,0.0,30267.03,0.0,0.0,-30267.03,0,0.0,Bank Transfer,RA,0.0
TXN-00803,2025-10-20,SALE,INV-2510-1200,Thika Road Hardware & Agrovet Ltd,Thika Town,Counter,Farmer,CUS-1072,,Agro Inputs,CAN Fertilizer 50kg,6,4312.32,0.0,25873.92,25873.92,3110.62,18663.72,7210.2,,0.0,25873.92,0.0,25873.92,0.0,0.0,-6,-18663.72,,PW,0.0
TXN-00804,20/10/2025,SALE,INV-2510-1202,Thika Road Hardware & Agrovet Ltd,Thika Town,Delivery,Contractor,CUS-1077,,Building Materials,Iron Sheet 3m Gauge30,2,1168.23,0.0,2336.46,2686.9289999999996,795.03,1590.06,746.4,,0.0,1556.63,0.0,1556.63,779.83,0.0,-2,-1590.06,,JB,0.0
TXN-00805,2025-10-20,SALE,INV-2510-1204,Thika Road Hardware & Agrovet Ltd,Juja,Delivery,Retail,CUS-1204,,Agro Inputs,Pesticide 1L,6,1079.74,0.0,6478.44,6478.44,621.33,3727.98,2750.46,,0.0,6478.44,0.0,6478.44,0.0,0.0,-6,-3727.98,,MN,0.0
TXN-00806,2025-10-20,SALE,INV-2510-1206,Thika Road Hardware & Agrovet Ltd,Juja,Counter,Farmer,CUS-1020,,Electrical,Socket Outlet,3,362.01,0.0,1086.03,1086.03,184.9,554.7,531.33,,0.0,1086.03,0.0,1086.03,0.0,0.0,-3,-554.7,,PW,0.0
TXN-00807,2025-10-20,EXPENSE,EXP-2510-2572,Thika Road Hardware & Agrovet Ltd,Juja,Back Office,,,,,,0,0.0,0.0,0.0,0.0,0.0,0.0,0.0,Staff Salaries,34543.18,0.0,34543.18,0.0,0.0,0.0,0,0.0,M-PESA,PW,0.0
TXN-00808,2025-10-20,CUSTOMER_PAYMENT,RCPT-2510-2737,Thika Road Hardware & Agrovet Ltd,Thika Town,Collections,Contractor,CUS-1121,,,,0,0.0,0.0,0.0,0.0,0.0,0.0,0.0,Customer Collection,0.0,13748.05,0.0,13748.05,13748.05,0.0,0,0.0,Bank Transfer,PW,0.0
TXN-00809,2025-10-21,SALE,INV-2510-1208,Thika Road Hardware & Agrovet Ltd,Thika Town,Online Order,Farmer,CUS-1180,,Agro Inputs,DAP Fertilizer 50kg,2,5060.74,0.03,10121.48,9817.84,3377.99,6755.98,3061.86,,0.0,9817.84,0.0,9817.84,0.0,0.0,-2,-6755.98,,SK,0.0
TXN-00810,2025-10-21,SALE,INV-2510-1210,Thika Road Hardware & Agrovet Ltd,Juja,Counter,Retail,CUS-1098,,Plumbing,PVC Tee 20mm,6,87.51,0.0,525.06,525.06,45.78,274.68,250.38,,0.0,525.06,0.0,525.06,0.0,0.0,-6,-274.68,,JB,0.0
TXN-00811,2025-10-21,SALE,INV-2510-1212,Thika Road Hardware & Agrovet Ltd,Juja,Counter,Contractor,CUS-1039,,Plumbing,Water Tank 1000L,2,12810.93,0.0,25621.86,25621.86,8062.05,16124.1,9497.76,,0.0,25621.86,0.0,25621.86,0.0,0.0,-2,-16124.1,,PW,0.0
TXN-00812,2025-10-21,SALE,INV-2510-1214,Thika Road Hardware & Agrovet Ltd,Juja,Counter,Contractor,CUS-1012,,Electrical,LED Bulb 12W,3,323.76,0.01,971.28,961.57,148.06,444.18,517.39,,0.0,961.57,0.0,961.57,0.0,0.0,-3,-444.18,,SK,0.0
TXN-00813,2025-10-21,CUSTOMER_PAYMENT,RCPT-2510-2724,Thika Road Hardware & Agrovet Ltd,Thika Town,Collections,Wholesale,CUS-1141,,,,0,0.0,0.0,0.0,0.0,0.0,0.0,0.0,Customer Collection,0.0,180.01,0.0,180.01,180.01,0.0,0,0.0,M-PESA,PW,0.0
TXN-00814,2025-10-22,EXPENSE,EXP-2510-2570,Thika Road Hardware & Agrovet Ltd,Juja,Back Office,,,,,,0,0.0,0.0,0.0,0.0,0.0,0.0,0.0,Transport,7920.02,0.0,7920.02,0.0,0.0,0.0,0,0.0,M-PESA,PW,0.0
TXN-00815,2025-10-23,SALE,INV-2510-1216,Thika Road Hardware & Agrovet Ltd,Juja,M-Pesa Till,Contractor,CUS-1207,,Building Materials,Hollow Block 6in,15,89.92,0.0,1348.8,1348.8,54.25,813.75,535.05,,0.0,573.88,0.0,573.88,774.92,0.0,-15,-813.75,,TK,0.0
TXN-00816,2025-10-23,SALE,INV-2510-1218,Thika Road Hardware & Agrovet Ltd,Thika Town,Online Order,Farmer,CUS-1000,,Building Materials,Iron Sheet 3m Gauge30,3,1163.0,0.0,3489.0,3489.0,798.87,2396.61,1092.39,,0.0,3489.0,0.0,3489.0,0.0,0.0,-3,-2396.61,,RA,0.0
TXN-00817,2025-10-23,SALE,INV-2510-1220,Thika Road Hardware & Agrovet Ltd,Juja,Phone Order,Retail,CUS-1090,,Building Materials,Iron Sheet 3m Gauge30,16,1223.06,0.0,19568.96,19568.96,790.27,12644.32,6924.64,,0.0,19568.96,0.0,19568.96,0.0,0.0,-16,-12644.32,,JB,0.0
TXN-00818,2025-10-24,SALE,INV-2510-1222,Thika Road Hardware & Agrovet Ltd,Juja,Phone Order,Farmer,CUS-1055,,Agro Inputs,CAN Fertilizer 50kg,3,4758.48,0.0,14275.44,14275.44,3041.65,9124.95,5150.49,,0.0,14275.44,0.0,14275.44,0.0,0.0,-3,-9124.95,,JB,0.0
TXN-00819,2025-10-24,SALE,INV-2510-1224,Thika Road Hardware & Agrovet Ltd,Thika Town,Counter,Farmer,CUS-1024,,Plumbing,PVC Pipe 20mm 3m,5,389.45,0.02,1947.25,1908.31,209.61,1048.05,860.26,,0.0,1908.31,0.0,1908.31,0.0,0.0,-5,-1048.05,,SK,0.0
TXN-00820,2025-10-24,SALE,INV-2510-1226,Thika Road Hardware & Agrovet Ltd,Juja,Phone Order,Retail,CUS-1130,,Agro Inputs,CAN Fertilizer 50kg,2,4261.93,0.0,8523.86,8523.86,3110.55,6221.1,2302.76,,0.0,8523.86,0.0,8523.86,0.0,0.0,-2,-6221.1,,SK,0.0
TXN-00821,2025-10-24,SALE,INV-2510-1228,Thika Road Hardware & Agrovet Ltd,Juja,M-Pesa Till,Retail,CUS-1038,,Hardware Tools,Claw Hammer,5,678.83,0.0,3394.15,3394.15,383.23,1916.15,1478.0,,0.0,3394.15,0.0,3394.15,0.0,0.0,-5,-1916.15,,MN,0.0
TXN-00822,2025-10-25,SALE,INV-2510-1230,Thika Road Hardware & Agrovet Ltd,Juja,Online Order,Wholesale,CUS-1148,,Paints,Gloss Paint 4L,4,2852.32,0.02,11409.28,11181.09,1741.81,6967.24,4213.85,,0.0,7572.77,0.0,7572.77,3608.32,0.0,-4,-6967.24,,RA,0.0
TXN-00823,2025-10-25,PURCHASE,GRN-2510-1231,Thika Road Hardware & Agrovet Ltd,Juja,Supplier,,,AgroChem Kenya Distributors,Agro Inputs,CAN Fertilizer 50kg,129,3092.99,0.0,0.0,0.0,3092.99,398995.71,0.0,Purchase,0.0,0.0,0.0,0.0,0.0,398995.71,129,398995.71,,SK,0.0
TXN-00824,2025-10-25,SALE,INV-2510-1232,Thika Road Hardware & Agrovet Ltd,Juja,M-Pesa Till,Contractor,CUS-1065,,Agro Inputs,CAN Fertilizer 50kg,7,4552.74,0.0,31869.18,31869.18,3038.16,21267.12,10602.06,,0.0,31869.18,0.0,31869.18,0.0,0.0,-7,-21267.12,,PW,0.0
TXN-00825,2025-10-25,SUPPLIER_PAYMENT,SP-2510-2573,Thika Road Hardware & Agrovet Ltd,Thika Town,Supplier,,,Thika Building Suppliers Ltd,,,0,0.0,0.0,0.0,0.0,0.0,0.0,0.0,Supplier Payment,0.0,0.0,49371.43,0.0,0.0,-49371.43,0,0.0,M-PESA,RA,0.0
TXN-00826,2025-10-26,SALE,INV-2510-1234,Thika Road Hardware & Agrovet Ltd,Thika Town,M-Pesa Till,Contractor,CUS-1121,,Plumbing,Gate Valve 1in,1,559.44,0.03,559.44,542.66,323.55,323.55,219.11,,0.0,542.66,0.0,542.66,0.0,0.0,-1,-323.55,,JB,0.0
TXN-00827,2025-10-26,SALE,INV-2510-1236,Thika Road Hardware & Agrovet Ltd,Thika Town,Delivery,Contractor,CUS-1077,,Building Materials,River Sand (ton),8,1779.42,0.0,14235.36,14235.36,1228.74,9829.92,4405.44,,0.0,5216.42,0.0,5216.42,9018.94,0.0,-8,-9829.92,,MN,0.0
TXN-00828,2025-10-26,EXPENSE,EXP-2510-2568,Thika Road Hardware & Agrovet Ltd,Thika Town,Back Office,,,,,,0,0.0,0.0,0.0,0.0,0.0,0.0,0.0,Staff Salaries,38165.35,0.0,38165.35,0.0,0.0,0.0,0,0.0,Bank Transfer,SK,0.0
TXN-00829,2025-10-27,SALE,INV-2510-1238,Thika Road Hardware & Agrovet Ltd,Juja,Counter,Contractor,CUS-1080,,Hardware Tools,Claw Hammer,3,670.55,0.0,2011.65,2011.65,390.12,1170.36,841.29,,0.0,1068.46,0.0,1068.46,943.19,0.0,-3,-1170.36,,RA,0.0
TXN-00830,2025-10-27,SALE,INV-2510-1240,Thika Road Hardware & Agrovet Ltd,Juja,Phone Order,Retail,CUS-1032,,Agro Inputs,DAP Fertilizer 50kg,1,4607.89,0.0,4607.89,4607.89,3478.66,3478.66,1129.23,,0.0,4607.89,0.0,4607.89,0.0,0.0,-1,-3478.66,,PW,0.0
TXN-00831,2025-10-27,SALE,INV-2510-1242,Thika Road Hardware & Agrovet Ltd,Juja,Phone Order,Wholesale,CUS-1148,,Hardware Tools,Claw Hammer,5,738.38,0.01,3691.9,3654.98,385.67,1928.35,1726.63,,0.0,3654.98,0.0,3654.98,0.0,0.0,-5,-1928.35,,JB,0.0
TXN-00832,2025-10-27,SALE,INV-2510-1244,Thika Road Hardware & Agrovet Ltd,Thika Town,M-Pesa Till,Contractor,CUS-1209,,Electrical,Electrical Cable 2.5mm (roll),4,5074.58,0.0,20298.32,20298.32,3214.32,12857.28,7441.04,,0.0,20298.32,0.0,20298.32,0.0,0.0,-4,-12857.28,,TK,0.0
TXN-00833,2025-10-27,SALE,INV-2510-1246,Thika Road Hardware & Agrovet Ltd,Thika Town,M-Pesa Till,Farmer,CUS-1002,,Plumbing,Water Tank 1000L,5,12688.34,0.0,63441.7,63441.7,8411.26,42056.3,21385.4,,0.0,63441.7,0.0,63441.7,0.0,0.0,-5,-42056.3,,MN,0.0
TXN-00834,2025-10-28,CUSTOMER_PAYMENT,RCPT-2510-2735,Thika Road Hardware & Agrovet Ltd,Juja,Collections,Wholesale,CUS-1026,,,,0,0.0,0.0,0.0,0.0,0.0,0.0,0.0,Customer Collection,0.0,1159.77,0.0,1159.77,1159.77,0.0,0,0.0,M-PESA,RA,0.0
TXN-00835,2025-10-29,SALE,INV-2510-1248,Thika Road Hardware & Agrovet Ltd,Juja,M-Pesa Till,Farmer,CUS-1116,,Plumbing,Gate Valve 1in,8,543.04,0.02,4344.32,4257.43,328.17,2625.36,1632.07,,0.0,4257.43,0.0,4257.43,0.0,0.0,-8,-2625.36,,SK,0.0
TXN-00836,29/10/2025,SALE,INV-2510-1250,Thika Road Hardware & Agrovet Ltd,Thika Town,Delivery,Reseller,CUS-1131,,Building Materials,Hollow Block 6in,12,92.57,0.0,1110.84,1110.84,54.03,648.36,462.48,,0.0,1110.84,0.0,1110.84,0.0,0.0,-12,-648.36,,RA,0.0
TXN-00837,29/10/2025,SALE,INV-2510-1252,Thika Road Hardware & Agrovet Ltd,Juja,Counter,Wholesale,CUS-1137,,Electrical,Socket Outlet,4,335.18,0.0,1340.72,1340.72,183.92,735.68,605.04,,0.0,1340.72,0.0,1340.72,0.0,0.0,-4,-735.68,,TK,0.0
TXN-00838,2025-10-29,SALE,INV-2510-1254,Thika Road Hardware & Agrovet Ltd,Juja,Delivery,Wholesale,CUS-1141,,Paints,Emulsion Paint 4L,5,2406.24,0.0,12031.2,12031.2,1414.54,7072.7,4958.5,,0.0,12031.2,0.0,12031.2,0.0,0.0,-5,-7072.7,,PW,0.0
TXN-00839,2025-10-30,SALE,INV-2510-1256,Thika Road Hardware & Agrovet Ltd,Juja,Phone Order,Wholesale,CUS-1092,,Paints,Gloss Paint 4L,2,2814.01,0.0,5628.02,5628.02,1721.22,3442.44,2185.58,,0.0,3007.32,0.0,3007.32,2620.7,0.0,-2,-3442.44,,PW,0.0
TXN-00840,2025-10-30,SALE,INV-2510-1258,Thika Road Hardware & Agrovet Ltd,Thika Town,Delivery,Wholesale,CUS-1123,,Building Materials,Hollow Block 6in,5,92.12,0.01,460.6,455.99,56.06,280.3,175.69,,0.0,455.99,0.0,455.99,0.0,0.0,-5,-280.3,,RA,0.0
TXN-00841,2025-10-31,SALE,INV-2510-1260,Thika Road Hardware & Agrovet Ltd,Thika Town,M-Pesa Till,Retail,CUS-1017,,Plumbing,PVC Pipe 20mm 3m,7,380.05,0.0,2660.35,2660.35,215.08,1505.56,1154.79,,0.0,2660.35,0.0,2660.35,0.0,0.0,-7,-1505.56,,RA,0.0
TXN-00842,2025-10-31,SALE,INV-2510-1262,Thika Road Hardware & Agrovet Ltd,Thika Town,Counter,Farmer,CUS-1063,,Paints,Paint Brush 4in,3,201.62,0.02,604.86,592.76,96.9,290.7,302.06,,0.0,592.76,0.0,592.76,0.0,0.0,-3,-290.7,,RA,0.0
TXN-00843,2025-10-31,SALE,INV-2510-1264,Thika Road Hardware & Agrovet Ltd,Juja,Phone Order,Contractor,CUS-1003,,Paints,Paint Brush 4in,5,210.36,0.0,1051.8,1051.8,94.1,470.5,581.3,,0.0,1051.8,0.0,1051.8,0.0,0.0,-5,-470.5,,TK,0.0
TXN-00844,2025-11-01,SALE,INV-2511-1266,Thika Road Hardware & Agrovet Ltd,Juja,M-Pesa Till,Retail,CUS-1183,,Electrical,Circuit Breaker 20A,6,753.53,0.02,4521.18,4430.76,419.2,2515.2,1915.56,,0.0,4430.76,0.0,4430.76,0.0,0.0,-6,-2515.2,,MN,0.0
TXN-00845,2025-11-01,SALE,INV-2511-1268,Thika Road Hardware & Agrovet Ltd,Juja,Online Order,Retail,CUS-1036,,Agro Inputs,Maize Seed 2kg Pack,5,786.29,0.01,3931.45,3892.14,479.28,2396.4,1495.74,,0.0,3892.14,0.0,3892.14,0.0,0.0,-5,-2396.4,,TK,0.0
TXN-00846,2025-11-01,SALE,INV-2511-1270,Thika Road Hardware & Agrovet Ltd,Juja,Counter,Retail,CUS-1128,,Building Materials,River Sand (ton),18,1837.55,0.0,33075.9,33075.9,1180.19,21243.42,11832.48,,0.0,33075.9,0.0,33075.9,0.0,0.0,-18,-21243.42,,JB,0.0
TXN-00847,2025-11-01,SALE,INV-2511-1272,Thika Road Hardware & Agrovet Ltd,Thika Town,Phone Order,Contractor,CUS-1120,,Agro Inputs,Pesticide 1L,0,1012.1,0.0,3036.3,3036.3,634.12,1902.36,1133.94,,0.0,3036.3,0.0,3036.3,0.0,0.0,-3,-1902.36,,MN,0.0
TXN-00848,2025-11-01,CUSTOMER_PAYMENT,RCPT-2511-2728,Thika Road Hardware & Agrovet Ltd,Thika Town,Collections,Wholesale,CUS-1034,,,,0,0.0,0.0,0.0,0.0,0.0,0.0,0.0,Customer Collection,0.0,423.89,0.0,423.89,423.89,0.0,0,0.0,M-PESA,SK,0.0
TXN-00849,01/11/2025,CUSTOMER_PAYMENT,RCPT-2511-2741,Thika Road Hardware & Agrovet Ltd,Juja,Collections,Contractor,CUS-1080,,,,0,0.0,0.0,0.0,0.0,0.0,0.0,0.0,Customer Collection,0.0,829.16,0.0,829.16,829.16,0.0,0,0.0,M-pesa,MN,0.0
TXN-00850,2025-11-03,PURCHASE,GRN-2511-1273,Thika Road Hardware & Agrovet Ltd,Thika Town,Supplier,,,Thika Building Suppliers Ltd,Agro Inputs,DAP Fertilizer 50kg,168,3312.61,0.0,0.0,0.0,3312.61,556518.48,0.0,Purchase,0.0,0.0,0.0,0.0,0.0,556518.48,168,556518.48,,JB,0.0
TXN-00851,2025-11-03,SALE,INV-2511-1274,Thika Road Hardware & Agrovet Ltd,Juja,Online Order,Farmer,CUS-1013,,Agro Inputs,DAP Fertilizer 50kg,6,5073.21,0.0,30439.26,30439.26,3402.47,20414.82,10024.44,,0.0,30439.26,0.0,30439.26,0.0,0.0,-6,-20414.82,,SK,0.0
TXN-00852,2025-11-04,PURCHASE,GRN-2511-1275,Thika Road Hardware & Agrovet Ltd,Juja,Supplier,,,AgroChem Kenya Distributors,Building Materials,Iron Sheet 3m Gauge30,148,804.79,0.0,0.0,0.0,804.79,119108.92,0.0,Purchase,0.0,0.0,71465.35,0.0,0.0,47643.57,148,119108.92,,JB,0.0
TXN-00853,2025-11-04,SALE,INV-2511-1276,Thika Road Hardware & Agrovet Ltd,Thika Town,Online Order,Farmer,CUS-1150,,Building Materials,Iron Sheet 3m Gauge30,15,1125.61,0.0,16884.15,16884.15,796.62,11949.3,4934.85,,0.0,16884.15,0.0,16884.15,0.0,0.0,-15,-11949.3,,PW,0.0
TXN-00854,2025-11-04,SALE,INV-2511-1278,Thika Road Hardware & Agrovet Ltd,Juja,Online Order,Farmer,CUS-1167,,Building Materials,Cement 50kg,18,938.62,0.0,16895.16,16895.16,655.64,11801.52,5093.64,,0.0,16895.16,0.0,16895.16,0.0,0.0,-18,-11801.52,,RA,0.0
TXN-00855,2025-11-04,SALE,INV-2511-1280,Thika Road Hardware & Agrovet Ltd,Juja,Online Order,Retail,CUS-1070,,Electrical,Circuit Breaker 20A,8,781.22,0.0,6249.76,6249.76,417.39,3339.12,2910.64,,0.0,6249.76,0.0,6249.76,0.0,0.0,-8,-3339.12,,PW,0.0
TXN-00856,2025-11-04,EXPENSE,EXP-2511-2580,Thika Road Hardware & Agrovet Ltd,Juja,Back Office,,,,,,0,0.0,0.0,0.0,0.0,0.0,0.0,0.0,Transport,7557.71,0.0,7557.71,0.0,0.0,0.0,0,0.0,M-PESA,SK,0.0
TXN-00857,2025-11-04,STOCK_ADJUSTMENT,ADJ-2511-2587,Thika Road Hardware & Agrovet Ltd,Thika Town,Stock Count,,,,Hardware Tools,Wheelbarrow,-3,0.0,0.0,0.0,0.0,0.0,0.0,0.0,Stock Adjustment,0.0,0.0,0.0,0.0,0.0,0.0,-3,-12600.0,Manual count variance,MN,0.0
TXN-00858,2025-11-04,CUSTOMER_PAYMENT,RCPT-2511-2738,Thika Road Hardware & Agrovet Ltd,Thika Town,Collections,Contractor,CUS-1077,,,,0,0.0,0.0,0.0,0.0,0.0,0.0,0.0,Customer Collection,0.0,761.89,0.0,761.89,761.89,0.0,0,0.0,M-PESA,MN,0.0
TXN-00859,2025-11-05,SALE,INV-2511-1282,Thika Road Hardware & Agrovet Ltd,Thika Town,Phone Order,Wholesale,CUS-1034,,Agro Inputs,Maize Seed 2kg Pack,7,823.6,0.0,5765.2,5765.2,486.43,3405.01,2360.19,,0.0,5765.2,0.0,5765.2,0.0,0.0,-7,-3405.01,,MN,0.0
TXN-00860,2025-11-06,SALE,INV-2511-1284,Thika Road Hardware & Agrovet Ltd,Thika Town,Counter,Reseller,CUS-1173,,Electrical,Electrical Cable 2.5mm (roll),7,5286.08,0.0,37002.56,37002.56,3146.82,22027.74,14974.82,,0.0,37002.56,0.0,37002.56,0.0,0.0,-7,-22027.74,,JB,0.0
TXN-00861,2025-11-06,SALE,INV-2511-1286,Thika Road Hardware & Agrovet Ltd,Thika Town,Delivery,Retail,CUS-1212,,Hardware Tools,Measuring Tape 5m,1,383.06,0.0,383.06,383.06,213.78,213.78,169.28,,0.0,383.06,0.0,383.06,0.0,0.0,-1,-213.78,,MN,0.0
TXN-00862,2025-11-06,SALE,INV-2511-1288,Thika Road Hardware & Agrovet Ltd,Juja,Counter,Reseller,CUS-1031,,Plumbing,PVC Pipe 20mm 3m,2,382.93,0.0,765.86,765.86,206.36,412.72,353.14,,0.0,765.86,0.0,765.86,0.0,0.0,-2,-412.72,,MN,0.0
TXN-00863,2025-11-08,SALE,INV-2511-1290,Thika Road Hardware & Agrovet Ltd,Juja,Delivery,Retail,CUS-1205,,Electrical,Circuit Breaker 20A,3,739.72,0.0,2219.16,2219.16,419.13,1257.39,961.77,,0.0,2219.16,0.0,2219.16,0.0,0.0,-3,-1257.39,,TK,0.0
TXN-00864,2025-11-09,SALE,INV-2511-1292,Thika Road Hardware & Agrovet Ltd,Juja,Delivery,Wholesale,CUS-1176,,Electrical,Socket Outlet,7,364.05,0.0,2548.35,2548.35,181.14,1267.98,1280.37,,0.0,557.52,0.0,557.52,1990.83,0.0,-7,-1267.98,,RA,0.0
TXN-00865,2025-11-09,SALE,INV-2511-1294,Thika Road Hardware & Agrovet Ltd,Juja,Phone Order,Contractor,CUS-1019,,Electrical,Electrical Cable 2.5mm (roll),7,5349.6,0.05,37447.2,35574.84,3210.4,22472.8,13102.04,,0.0,35574.84,0.0,35574.84,0.0,0.0,-7,-22472.8,,PW,0.0
TXN-00866,2025-11-09,CUSTOMER_PAYMENT,RCPT-2511-2730,Thika Road Hardware & Agrovet Ltd,Juja,Collections,Wholesale,CUS-1092,,,,0,0.0,0.0,0.0,0.0,0.0,0.0,0.0,Customer Collection,0.0,11384.38,0.0,11384.38,11384.38,0.0,0,0.0,M-pesa,TK,0.0
TXN-00867,2025-11-10,SALE,INV-2511-1296,Thika Road Hardware & Agrovet Ltd,Thika Town,Delivery,Farmer,CUS-1179,,Agro Inputs,Maize Seed 2kg Pack,8,809.59,0.0,6476.72,6476.72,490.08,3920.64,2556.08,,0.0,6476.72,0.0,6476.72,0.0,0.0,-8,-3920.64,,SK,0.0
TXN-00868,2025-11-10,PURCHASE,GRN-2511-1297,Thika Road Hardware & Agrovet Ltd,Juja,Supplier,,,Nairobi Paints Wholesale,Building Materials,Cement 50kg,174,652.82,0.0,0.0,0.0,652.82,113590.68,0.0,Purchase,0.0,0.0,68154.41,0.0,0.0,45436.27,174,113590.68,,TK,0.0
TXN-00869,10/11/2025,SALE,INV-2511-1298,Thika Road Hardware & Agrovet Ltd,Juja,Delivery,Retail,CUS-1145,,Building Materials,Cement 50kg,22,980.87,0.0,21579.14,21579.14,646.57,14224.54,7354.6,,0.0,21579.14,0.0,21579.14,0.0,0.0,-22,-14224.54,,RA,0.0
TXN-00870,2025-11-10,SALE,INV-2511-1300,Thika Road Hardware & Agrovet Ltd,Thika Town,Delivery,Farmer,CUS-1159,,Plumbing,Gate Valve 1in,3,590.01,0.01,1770.03,1752.33,314.6,943.8,808.53,,0.0,1752.33,0.0,1752.33,0.0,0.0,-3,-943.8,,RA,0.0
TXN-00871,2025-11-10,SALE,INV-2511-1302,Thika Road Hardware & Agrovet Ltd,Thika Town,Phone Order,Retail,CUS-1149,,Building Materials,Hollow Block 6in,16,96.01,0.0,1536.16,1536.16,56.08,897.28,638.88,,0.0,1536.16,0.0,1536.16,0.0,0.0,-16,-897.28,,SK,0.0
TXN-00872,11-11-2025,SALE,INV-2511-1304,Thika Road Hardware & Agrovet Ltd,Thika Town,Counter,Retail,CUS-1090,,Paints,Gloss Paint 4L,3,3008.0,0.01,9024.0,8933.76,1778.08,5334.24,3599.52,,0.0,8933.76,0.0,8933.76,0.0,0.0,-3,-5334.24,,SK,0.0
TXN-00873,2025-11-11,SALE,INV-2511-1306,Thika Road Hardware & Agrovet Ltd,Thika Town,Delivery,Farmer,CUS-1151,,Building Materials,River Sand (ton),12,1796.56,0.0,21558.72,21558.72,1223.51,14682.12,6876.6,,0.0,21558.72,0.0,21558.72,0.0,0.0,-12,-14682.12,,JB,0.0
TXN-00874,2025-11-12,SALE,INV-2511-1308,Thika Road Hardware & Agrovet Ltd,Juja,M-Pesa Till,Contractor,CUS-1143,,Paints,Emulsion Paint 4L,3,2386.47,0.0,7159.41,7159.41,1433.18,4299.54,2859.87,,0.0,7159.41,0.0,7159.41,0.0,0.0,-3,-4299.54,,PW,0.0
TXN-00875,2025-11-12,SALE,INV-2511-1310,Thika Road Hardware & Agrovet Ltd,Thika Town,Online Order,Retail,CUS-1073,,Paints,Gloss Paint 4L,8,2848.2,0.0,22785.6,22785.6,1755.45,14043.6,8742.0,,0.0,22785.6,0.0,22785.6,0.0,0.0,-8,-14043.6,,RA,0.0
TXN-00876,2025-11-12,SALE,INV-2511-1312,Thika Road Hardware & Agrovet Ltd,Thika Town,Counter,Reseller,CUS-1022,,Building Materials,Iron Sheet 3m Gauge30,17,1229.06,0.05,20894.02,19849.32,798.08,13567.36,6281.96,,0.0,19849.32,0.0,19849.32,0.0,0.0,-17,-13567.36,,JB,0.0
TXN-00877,2025-11-12,SALE,INV-2511-1314,Thika Road Hardware & Agrovet Ltd,Juja,Phone Order,Farmer,CUS-1180,,Building Materials,River Sand (ton),15,1875.79,0.0,28136.85,28136.85,1209.27,18139.05,9997.8,,0.0,28136.85,0.0,28136.85,0.0,0.0,-15,-18139.05,,SK,0.0
TXN-00878,2025-11-13,SALE,INV-2511-1316,Thika Road Hardware & Agrovet Ltd,Thika Town,Online Order,Reseller,CUS-1142,,Building Materials,Hollow Block 6in,7,96.23,0.0,673.61,673.61,54.81,383.67,289.94,,0.0,673.61,0.0,673.61,0.0,0.0,-7,-383.67,,SK,0.0
TXN-00879,2025-11-13,SALE,INV-2511-1318,Thika Road Hardware & Agrovet Ltd,Thika Town,Counter,Farmer,CUS-1042,,Building Materials,Hollow Block 6in,6,95.06,0.0,570.36,570.36,54.23,325.38,244.98,,0.0,570.36,0.0,570.36,0.0,0.0,-6,-325.38,,PW,0.0
TXN-00880,2025-11-13,SALE,INV-2511-1320,Thika Road Hardware & Agrovet Ltd,Thika Town,Phone Order,Retail,CUS-1133,,Plumbing,PVC Pipe 20mm 3m,5,367.38,0.0,1836.9,1836.9,208.75,1043.75,793.15,,0.0,1836.9,0.0,1836.9,0.0,0.0,-5,-1043.75,,MN,0.0
TXN-00881,2025-11-13,SUPPLIER_PAYMENT,SP-2511-2585,Thika Road Hardware & Agrovet Ltd,Thika Town,Supplier,,,AgroChem Kenya Distributors,,,0,0.0,0.0,0.0,0.0,0.0,0.0,0.0,Supplier Payment,0.0,0.0,9805.09,0.0,0.0,-9805.09,0,0.0,M-PESA,JB,0.0
TXN-00882,2025-11-14,SALE,INV-2511-1322,Thika Road Hardware & Agrovet Ltd,Juja,Counter,Contractor,CUS-1211,,Agro Inputs,DAP Fertilizer 50kg,6,4905.85,0.0,29435.1,29435.1,3376.3,20257.8,9177.3,,0.0,18290.42,0.0,18290.42,11144.68,0.0,-6,-20257.8,,PW,0.0
TXN-00883,2025-11-14,SALE,INV-2511-1324,Thika Road Hardware & Agrovet Ltd,Thika Town,M-Pesa Till,Contractor,CUS-1113,,Plumbing,Water Tank 1000L,3,13135.33,0.0,39405.99,39405.99,8354.63,25063.89,14342.1,,0.0,24447.04,0.0,24447.04,14958.95,0.0,-3,-25063.89,,JB,0.0
TXN-00884,2025-11-14,SALE,INV-2511-1326,Thika Road Hardware & Agrovet Ltd,Thika Town,Online Order,Farmer,CUS-1006,,Agro Inputs,DAP Fertilizer 50kg,5,4683.13,0.01,23415.65,23181.49,3411.03,17055.15,6126.34,,0.0,23181.49,0.0,23181.49,0.0,0.0,-5,-17055.15,,TK,0.0
TXN-00885,2025-11-15,SALE,INV-2511-1328,Thika Road Hardware & Agrovet Ltd,,Phone Order,Contractor,CUS-1064,,Electrical,Electrical Cable 2.5mm (roll),5,4794.33,0.03,23971.65,23252.5,3152.77,15763.85,7488.65,,0.0,23252.5,0.0,23252.5,0.0,0.0,-5,-15763.85,,TK,0.0
TXN-00886,2025-11-15,SALE,INV-2511-1330,Thika Road Hardware & Agrovet Ltd,Juja,M-Pesa Till,Retail,CUS-1175,,Plumbing,PVC Tee 20mm,6,96.74,0.02,580.44,568.83,44.76,268.56,300.27,,0.0,568.83,0.0,568.83,0.0,0.0,-6,-268.56,,RA,0.0
TXN-00887,2025-11-15,SALE,INV-2511-1332,Thika Road Hardware & Agrovet Ltd,Juja,Online Order,Contractor,CUS-1066,,Electrical,LED Bulb 12W,7,313.85,0.0,2196.95,2196.95,153.15,1072.05,1124.9,,0.0,2196.95,0.0,2196.95,0.0,0.0,-7,-1072.05,,MN,0.0
TXN-00888,2025-11-15,EXPENSE,EXP-2511-2583,Thika Road Hardware & Agrovet Ltd,Thika Town,Back Office,,,,,,0,0.0,0.0,0.0,0.0,0.0,0.0,0.0,Rent,26146.8,0.0,26146.8,0.0,0.0,0.0,0,0.0,M-PESA,TK,0.0
TXN-00889,2025-11-15,CUSTOMER_PAYMENT,RCPT-2511-2740,Thika Road Hardware & Agrovet Ltd,Juja,Collections,Wholesale,CUS-1148,,,,0,0.0,0.0,0.0,0.0,0.0,0.0,0.0,Customer Collection,0.0,3565.11,0.0,3565.11,3565.11,0.0,0,0.0,MPESA ,RA,0.0
TXN-00890,2025-11-16,SALE,INV-2511-1334,Thika Road Hardware & Agrovet Ltd,Thika Town,,Farmer,CUS-1054,,Hardware Tools,Claw Hammer,6,689.4,0.0,4136.4,4136.4,377.48,2264.88,1871.52,,0.0,4136.4,0.0,4136.4,0.0,0.0,-6,-2264.88,,PW,0.0
TXN-00891,2025-11-16,SALE,INV-2511-1336,Thika Road Hardware & Agrovet Ltd,Juja,Counter,Wholesale,CUS-1144,,Paints,Gloss Paint 4L,6,3060.65,0.0,18363.9,18363.9,1767.0,10602.0,7761.9,,0.0,11166.31,0.0,11166.31,7197.59,0.0,-6,-10602.0,,SK,0.0
TXN-00892,2025-11-16,SALE,INV-2511-1338,Thika Road Hardware & Agrovet Ltd,Thika Town,M-Pesa Till,Retail,CUS-1146,,Building Materials,River Sand (ton),13,1825.14,0.0,23726.82,23726.82,1196.82,15558.66,8168.16,,0.0,23726.82,0.0,23726.82,0.0,0.0,-13,-15558.66,,TK,0.0
TXN-00893,2025-11-16,SALE,INV-2511-1340,Thika Road Hardware & Agrovet Ltd,Thika Town,Delivery,Retail,CUS-1094,,Building Materials,River Sand (ton),13,1889.98,0.0,24569.74,24569.74,1180.52,15346.76,9222.98,,0.0,24569.74,0.0,24569.74,0.0,0.0,-13,-15346.76,,MN,0.0
TXN-00894,2025-11-16,SALE,INV-2511-1342,Thika Road Hardware & Agrovet Ltd,Thika Town,Phone Order,Wholesale,CUS-1034,,Building Materials,River Sand (ton),2,1855.85,0.0,3711.7,3711.7,1217.66,2435.32,1276.38,,0.0,2176.53,0.0,2176.53,1535.17,0.0,-2,-2435.32,,SK,0.0
TXN-00895,2025-11-16,SALE,INV-2511-1344,Thika Road Hardware & Agrovet Ltd,Thika Town,Online Order,Retail,CUS-1084,,Agro Inputs,Maize Seed 2kg Pack,3,733.32,0.0,2199.96,2199.96,494.29,1482.87,717.09,,0.0,2199.96,0.0,2199.96,0.0,0.0,-3,-1482.87,,RA,0.0
TXN-00896,2025-11-16,SALE,INV-2511-1346,Thika Road Hardware & Agrovet Ltd,Thika Town,M-Pesa Till,Retail,CUS-1075,,Electrical,LED Bulb 12W,3,297.85,0.0,893.55,893.55,150.76,452.28,441.27,,0.0,893.55,0.0,893.55,0.0,0.0,-3,-452.28,,MN,0.0
TXN-00897,2025-11-16,EXPENSE,EXP-2511-2577,Thika Road Hardware & Agrovet Ltd,Thika Town,Back Office,,,,,,0,0.0,0.0,0.0,0.0,0.0,0.0,0.0,Repairs,8087.63,0.0,8087.63,0.0,0.0,0.0,0,0.0,M-PESA,JB,0.0
TXN-00898,2025-11-17,SALE,INV-2511-1348,Thika Road Hardware & Agrovet Ltd,Juja,Online Order,Retail,CUS-1146,,Paints,Wood Varnish 1L,5,659.22,0.0,3296.1,3296.1,379.58,1897.9,1398.2,,0.0,3296.1,0.0,3296.1,0.0,0.0,-5,-1897.9,,JB,0.0
TXN-00899,2025-11-18,SALE,INV-2511-1350,Thika Road Hardware & Agrovet Ltd,Thika Town,Phone Order,Farmer,CUS-1151,,Building Materials,River Sand (ton),12,1966.61,0.02,23599.32,23127.33,1210.32,14523.84,8603.49,,0.0,23127.33,0.0,23127.33,0.0,0.0,-12,-14523.84,,RA,0.0
TXN-00900,2025-11-18,SALE,INV-2511-1352,Thika Road Hardware & Agrovet Ltd,Juja,M-Pesa Till,Retail,CUS-1189,,Agro Inputs,Maize Seed 2kg Pack,1,810.3,0.0,810.3,810.3,473.25,473.25,337.05,,0.0,810.3,0.0,810.3,0.0,0.0,-1,-473.25,,TK,0.0
TXN-00901,2025-11-18,SALE,INV-2511-1354,Thika Road Hardware & Agrovet Ltd,Thika Town,Online Order,Reseller,CUS-1109,,Building Materials,Cement 50kg,4,1013.87,0.02,4055.48,3974.37,652.25,2609.0,1365.37,,0.0,3974.37,0.0,3974.37,0.0,0.0,-4,-2609.0,,SK,0.0
TXN-00902,2025-11-18,EXPENSE,EXP-2511-2582,Thika Road Hardware & Agrovet Ltd,Juja,Back Office,,,,,,0,0.0,0.0,0.0,0.0,0.0,0.0,0.0,Transport,10727.91,0.0,10727.91,0.0,0.0,0.0,0,0.0,M-PESA,SK,0.0
TXN-00903,2025-11-19,SALE,INV-2511-1356,Thika Road Hardware & Agrovet Ltd,Juja,Counter,Farmer,CUS-1002,,Electrical,Circuit Breaker 20A,8,754.57,0.0,6036.56,6036.56,412.83,3302.64,2733.92,,0.0,6036.56,0.0,6036.56,0.0,0.0,-8,-3302.64,,SK,0.0
TXN-00904,2025-11-19,SALE,INV-2511-1358,Thika Road Hardware & Agrovet Ltd,Juja,Online Order,Retail,CUS-1208,,Electrical,Circuit Breaker 20A,6,788.13,0.02,4728.78,4634.2,414.39,2486.34,2147.86,,0.0,4634.2,0.0,4634.2,0.0,0.0,-6,-2486.34,,PW,0.0
TXN-00905,2025-11-19,SALE,INV-2511-1360,Thika Road Hardware & Agrovet Ltd,Thika Town,M-Pesa Till,Wholesale,CUS-1033,,Agro Inputs,Pesticide 1L,7,1013.64,0.02,7095.48,6953.57,612.99,4290.93,2662.64,,0.0,6953.57,0.0,6953.57,0.0,0.0,-7,-4290.93,,MN,0.0
TXN-00906,2025-11-19,SALE,INV-2511-1362,Thika Road Hardware & Agrovet Ltd,Juja,Phone Order,Reseller,CUS-1218,,Building Materials,Cement 50kg,22,1042.05,0.02,22925.1,22466.6,636.31,13998.82,8467.78,,0.0,22466.6,0.0,22466.6,0.0,0.0,-22,-13998.82,,RA,0.0
TXN-00907,2025-11-19,SALE,INV-2511-1364,Thika Road Hardware & Agrovet Ltd,Juja,Phone Order,Wholesale,CUS-1001,,Paints,Emulsion Paint 4L,7,2456.26,0.05,17193.82,16334.13,1409.01,9863.07,6471.06,,0.0,16334.13,0.0,16334.13,0.0,0.0,-7,-9863.07,,TK,0.0
TXN-00908,2025-11-20,SALE,INV-2511-1366,Thika Road Hardware & Agrovet Ltd,Thika Town,Counter,Wholesale,CUS-1110,,Building Materials,Cement 50kg,11,985.41,0.0,10839.51,10839.51,654.37,7198.07,3641.44,,0.0,2317.84,0.0,2317.84,8521.67,0.0,-11,-7198.07,,JB,0.0
TXN-00909,2025-11-20,SALE,INV-2511-1368,Thika Road Hardware & Agrovet Ltd,Thika Town,Counter,Reseller,CUS-1177,,Plumbing,PVC Pipe 20mm 3m,2,402.25,0.0,804.5,804.5,210.03,420.06,384.44,,0.0,804.5,0.0,804.5,0.0,0.0,-2,-420.06,,JB,0.0
TXN-00910,2025-11-20,SUPPLIER_PAYMENT,SP-2511-2584,Thika Road Hardware & Agrovet Ltd,Thika Town,Supplier,,,Nairobi Paints Wholesale,,,0,0.0,0.0,0.0,0.0,0.0,0.0,0.0,Supplier Payment,0.0,0.0,8913.64,0.0,0.0,-8913.64,0,0.0,Bank Transfer,MN,0.0
TXN-00911,20/11/2025,SUPPLIER_PAYMENT,SP-2511-2586,Thika Road Hardware & Agrovet Ltd,Thika Town,Supplier,,,ElectroParts Kenya,,,0,0.0,0.0,0.0,0.0,0.0,0.0,0.0,Supplier Payment,0.0,0.0,45432.09,0.0,0.0,-45432.09,0,0.0,Bank Transfer,RA,0.0
TXN-00912,2025-11-21,PURCHASE,GRN-2511-1369,Thika Road Hardware & Agrovet Ltd,Thika Town,Supplier,,,Thika Building Suppliers Ltd,Paints,Emulsion Paint 4L,172,1412.51,0.0,0.0,0.0,1412.51,242951.72,0.0,Purchase,0.0,0.0,242951.72,0.0,0.0,0.0,172,242951.72,,TK,0.0
TXN-00913,2025-11-21,SALE,INV-2511-1370,Thika Road Hardware & Agrovet Ltd,Thika Town,Counter,Farmer,CUS-1030,,Paints,Emulsion Paint 4L,8,2498.58,0.0,19988.64,19988.64,1372.9,10983.2,9005.44,,0.0,19988.64,0.0,19988.64,0.0,0.0,-8,-10983.2,,PW,0.0
TXN-00914,2025-11-21,SALE,INV-2511-1372,Thika Road Hardware & Agrovet Ltd,Thika Town,M-Pesa Till,Wholesale,CUS-1137,,Plumbing,Water Tank 1000L,6,12346.7,0.0,74080.2,74080.2,8387.02,50322.12,23758.08,,0.0,16040.56,0.0,16040.56,58039.64,0.0,-6,-50322.12,,TK,0.0
TXN-00915,2025-11-21,EXPENSE,EXP-2511-2581,Thika Road Hardware & Agrovet Ltd,Juja,Back Office,,,,,,0,0.0,0.0,0.0,0.0,0.0,0.0,0.0,Rent,25613.14,0.0,25613.14,0.0,0.0,0.0,0,0.0,Cheque,TK,0.0
TXN-00916,2025-11-22,SALE,INV-2511-1374,Thika Road Hardware & Agrovet Ltd,Juja,Counter,Wholesale,CUS-1176,,Building Materials,Cement 50kg,17,993.02,0.0,16881.34,16881.34,638.36,10852.12,6029.22,,0.0,16881.34,0.0,16881.34,0.0,0.0,-17,-10852.12,,PW,0.0
TXN-00917,2025-11-22,SALE,INV-2511-1376,Thika Road Hardware & Agrovet Ltd,Thika Town,M-Pesa Till,Retail,CUS-1133,,Plumbing,PVC Pipe 20mm 3m,2,406.46,0.0,812.92,812.92,206.48,412.96,399.96,,0.0,812.92,0.0,812.92,0.0,0.0,-2,-412.96,,PW,0.0
TXN-00918,2025-11-22,SALE,INV-2511-1378,Thika Road Hardware & Agrovet Ltd,Juja,Online Order,Contractor,CUS-1121,,Building Materials,Hollow Block 6in,13,89.8,0.01,1167.4,1155.73,56.2,730.6,425.13,,0.0,1155.73,0.0,1155.73,0.0,0.0,-13,-730.6,,MN,0.0
TXN-00919,2025-11-22,SALE,INV-2511-1380,Thika Road Hardware & Agrovet Ltd,Juja,M-Pesa Till,Contractor,CUS-1080,,Building Materials,Iron Sheet 3m Gauge30,2,1200.96,0.0,2401.92,2401.92,779.32,1558.64,843.28,,0.0,1623.76,0.0,1623.76,778.16,0.0,-2,-1558.64,,PW,0.0
TXN-00920,2025-11-23,SALE,INV-2511-1382,Thika Road Hardware & Agrovet Ltd,Juja,Phone Order,Retail,CUS-1028,,Paints,Wood Varnish 1L,6,701.91,0.0,4211.46,4211.46,373.46,2240.76,1970.7,,0.0,4211.46,0.0,4211.46,0.0,0.0,-6,-2240.76,,PW,0.0
TXN-00921,2025-11-23,EXPENSE,EXP-2511-2578,Thika Road Hardware & Agrovet Ltd,Juja,Back Office,,,,,,0,0.0,0.0,0.0,0.0,0.0,0.0,0.0,Staff Salaries,35247.18,0.0,35247.18,0.0,0.0,0.0,0,0.0,M-PESA,PW,0.0
TXN-00922,2025-11-24,SALE,INV-2511-1384,Thika Road Hardware & Agrovet Ltd,Thika Town,Counter,Wholesale,CUS-1014,,Paints,Paint Brush 4in,8,204.71,0.0,1637.68,1637.68,93.13,745.04,892.64,,0.0,1637.68,0.0,1637.68,0.0,0.0,-8,-745.04,,PW,0.0
TXN-00923,2025-11-24,SALE,INV-2511-1386,Thika Road Hardware & Agrovet Ltd,Thika Town,Online Order,Farmer,CUS-1159,,Electrical,Socket Outlet,3,336.81,0.0,1010.43,1010.43,178.62,535.86,474.57,,0.0,1010.43,0.0,1010.43,0.0,0.0,-3,-535.86,,TK,0.0
TXN-00924,2025-11-24,EXPENSE,EXP-2511-2579,Thika Road Hardware & Agrovet Ltd,Thika Town,Back Office,,,,,,0,0.0,0.0,0.0,0.0,0.0,0.0,0.0,Rent,24698.0,0.0,24698.0,0.0,0.0,0.0,0,0.0,Bank Transfer,JB,0.0
TXN-00925,2025-11-24,CUSTOMER_PAYMENT,RCPT-2511-2744,Thika Road Hardware & Agrovet Ltd,Juja,Collections,Contractor,CUS-1211,,,,0,0.0,0.0,0.0,0.0,0.0,0.0,0.0,Customer Collection,0.0,8927.7,0.0,8927.7,8927.7,0.0,0,0.0,M-PESA,RA,0.0
TXN-00926,2025-11-25,SALE,INV-2511-1388,Thika Road Hardware & Agrovet Ltd,Thika Town,Delivery,Retail,CUS-1097,,Building Materials,Cement 50kg,4,954.53,0.0,3818.12,3818.12,630.27,2521.08,1297.04,,0.0,3818.12,0.0,3818.12,0.0,0.0,-4,-2521.08,,MN,0.0
TXN-00927,2025-11-25,SALE,INV-2511-1390,Thika Road Hardware & Agrovet Ltd,Juja,Online Order,Retail,CUS-1170,,Electrical,Electrical Cable 2.5mm (roll),4,4918.47,0.02,19673.88,19280.4,3253.31,13013.24,6267.16,,0.0,19280.4,0.0,19280.4,0.0,0.0,-4,-13013.24,,MN,0.0
TXN-00928,2025-11-26,SALE,INV-2511-1392,Thika Road Hardware & Agrovet Ltd,Thika Town,Online Order,Contractor,CUS-1062,,Paints,Paint Brush 4in,8,207.52,0.0,1660.16,1660.16,95.24,761.92,898.24,,0.0,335.31,0.0,335.31,1324.85,0.0,-8,-761.92,,PW,0.0
TXN-00929,2025-11-26,SALE,INV-2511-1394,Thika Road Hardware & Agrovet Ltd,Juja,Delivery,Retail,CUS-1075,,Plumbing,Gate Valve 1in,8,580.09,0.02,4640.72,4547.91,324.04,2592.32,1955.59,,0.0,4547.91,0.0,4547.91,0.0,0.0,-8,-2592.32,,RA,0.0
TXN-00930,2025-11-26,SALE,INV-2511-1396,Thika Road Hardware & Agrovet Ltd,Juja,M-Pesa Till,Contractor,CUS-1153,,Paints,Emulsion Paint 4L,1,2517.54,0.0,2517.54,2517.54,1399.45,1399.45,1118.09,,0.0,2517.54,0.0,2517.54,0.0,0.0,-1,-1399.45,,MN,0.0
TXN-00931,2025-11-26,SALE,INV-2511-1398,Thika Road Hardware & Agrovet Ltd,Juja,M-Pesa Till,Farmer,CUS-1079,,Electrical,Circuit Breaker 20A,5,730.35,0.0,3651.75,3651.75,412.37,2061.85,1589.9,,0.0,3651.75,0.0,3651.75,0.0,0.0,-5,-2061.85,,SK,0.0
TXN-00932,2025-11-26,CUSTOMER_PAYMENT,RCPT-2511-2743,Thika Road Hardware & Agrovet Ltd,Juja,Collections,Wholesale,CUS-1176,,,,0,0.0,0.0,0.0,0.0,0.0,0.0,0.0,Customer Collection,0.0,1477.32,0.0,1477.32,1477.32,0.0,0,0.0,M-PESA,RA,0.0
TXN-00933,2025-11-27,SALE,INV-2511-1400,Thika Road Hardware & Agrovet Ltd,Juja,Delivery,Retail,CUS-1043,,Electrical,Circuit Breaker 20A,6,764.26,0.0,4585.56,4585.56,417.11,2502.66,2082.9,,0.0,4585.56,0.0,4585.56,0.0,0.0,-6,-2502.66,,RA,0.0
TXN-00934,2025-11-27,SALE,INV-2511-1402,Thika Road Hardware & Agrovet Ltd,Thika Town,Delivery,Contractor,CUS-1029,,Agro Inputs,Maize Seed 2kg Pack,2,748.08,0.0,1496.16,1496.16,471.46,942.92,553.24,,0.0,1496.16,0.0,1496.16,0.0,0.0,-2,-942.92,,TK,0.0
TXN-00935,2025-11-27,REFUND,REF-2511-2463,Thika Road Hardware & Agrovet Ltd,Thika Town,Counter,Retail,CUS-1133,,Plumbing,PVC Pipe 20mm 3m,-1,406.46,0.0,0.0,406.46,206.48,0.0,-406.46,Customer Refund,406.46,0.0,406.46,0.0,0.0,0.0,1,206.48,refund,PW,0.0
TXN-00936,2025-11-28,SALE,INV-2511-1404,Thika Road Hardware & Agrovet Ltd,Thika Town,Counter,Retail,CUS-1217,,Paints,Gloss Paint 4L,8,2936.59,0.0,23492.72,23492.72,1763.89,14111.12,9381.6,,0.0,23492.72,0.0,23492.72,0.0,0.0,-8,-14111.12,,MN,0.0
TXN-00937,2025-11-28,SALE,INV-2511-1406,Thika Road Hardware & Agrovet Ltd,Thika Town,Phone Order,Wholesale,CUS-1087,,Electrical,LED Bulb 12W,4,303.02,0.0,1212.08,1212.08,153.35,613.4,598.68,,0.0,696.94,0.0,696.94,515.14,0.0,-4,-613.4,,TK,0.0
TXN-00938,2025-11-28,SALE,INV-2511-1408,Thika Road Hardware & Agrovet Ltd,Thika Town,M-Pesa Till,Wholesale,CUS-1034,,Building Materials,Hollow Block 6in,7,93.82,0.0,656.74,656.74,54.44,381.08,275.66,,0.0,656.74,0.0,656.74,0.0,0.0,-7,-381.08,,JB,0.0
TXN-00939,2025-11-28,SALE,INV-2511-1410,Thika Road Hardware & Agrovet Ltd,Thika Town,Phone Order,Retail,CUS-1032,,Plumbing,PVC Pipe 20mm 3m,1,383.74,0.0,383.74,383.74,210.9,210.9,172.84,,0.0,383.74,0.0,383.74,0.0,0.0,-1,-210.9,,MN,0.0
TXN-00940,2025-11-28,SALE,INV-2511-1412,Thika Road Hardware & Agrovet Ltd,Thika Town,Phone Order,Retail,CUS-1199,,Paints,Emulsion Paint 4L,4,2368.39,0.01,9473.56,9378.82,1387.8,5551.2,3827.62,,0.0,9378.82,0.0,9378.82,0.0,0.0,-4,-5551.2,,PW,0.0
TXN-00941,2025-11-28,CUSTOMER_PAYMENT,RCPT-2511-2739,Thika Road Hardware & Agrovet Ltd,Juja,Collections,Contractor,CUS-1207,,,,0,0.0,0.0,0.0,0.0,0.0,0.0,0.0,Customer Collection,0.0,731.43,0.0,731.43,731.43,0.0,0,0.0,M-PESA,RA,0.0
TXN-00942,2025-11-29,SALE,INV-2511-1414,Thika Road Hardware & Agrovet Ltd,Thika Town,Delivery,Contractor,CUS-1147,,Paints,Gloss Paint 4L,7,3061.46,0.0,21430.22,21430.22,1771.01,12397.07,9033.15,,0.0,4684.71,0.0,4684.71,16745.51,0.0,-7,-12397.07,,PW,0.0
TXN-00943,2025-11-29,CUSTOMER_PAYMENT,RCPT-2511-2742,Thika Road Hardware & Agrovet Ltd,Juja,Collections,Wholesale,CUS-1092,,,,0,0.0,0.0,0.0,0.0,0.0,0.0,0.0,Customer Collection,0.0,2195.26,0.0,2195.26,2195.26,0.0,0,0.0,M-PESA,MN,0.0
TXN-00944,2025-11-30,SALE,INV-2511-1416,Thika Road Hardware & Agrovet Ltd,Thika Town,Online Order,Retail,CUS-1206,,Building Materials,Cement 50kg,7,1053.11,0.0,7371.77,7371.77,639.32,4475.24,2896.53,,0.0,7371.77,0.0,7371.77,0.0,0.0,-7,-4475.24,,MN,0.0
TXN-00945,2025-11-30,SALE,INV-2511-1418,Thika Road Hardware & Agrovet Ltd,Juja,Phone Order,Contractor,CUS-1078,,Paints,Gloss Paint 4L,3,3089.47,0.02,9268.41,9083.04,1771.95,5315.85,3767.19,,0.0,4006.5,0.0,4006.5,5076.54,0.0,-3,-5315.85,,PW,0.0
TXN-00946,2025-11-30,SALE,INV-2511-1420,Thika Road Hardware & Agrovet Ltd,Thika Town,Counter,Reseller,CUS-1011,,Building Materials,Iron Sheet 3m Gauge30,16,1216.77,0.0,19468.32,19468.32,797.1,12753.6,6714.72,,0.0,19468.32,0.0,19468.32,0.0,0.0,-16,-12753.6,,PW,0.0
TXN-00947,2025-12-01,SALE,INV-2512-1422,Thika Road Hardware & Agrovet Ltd,Juja,Counter,Farmer,CUS-1006,,Building Materials,Iron Sheet 3m Gauge30,5,1179.85,0.0,5899.25,5899.25,787.56,3937.8,1961.45,,0.0,5899.25,0.0,5899.25,0.0,0.0,-5,-3937.8,,PW,0.0
TXN-00948,2025-12-01,SALE,INV-2512-1424,Thika Road Hardware & Agrovet Ltd,Juja,Phone Order,Wholesale,CUS-1046,,Electrical,LED Bulb 12W,6,317.64,0.0,1905.84,1905.84,147.44,884.64,1021.2,,0.0,1905.84,0.0,1905.84,0.0,0.0,-6,-884.64,,RA,0.0
TXN-00949,2025-12-01,PURCHASE,GRN-2512-1425,Thika Road Hardware & Agrovet Ltd,Juja,Supplier,,,AgroChem Kenya Distributors,Building Materials,River Sand (ton),184,1217.83,0.0,0.0,0.0,1217.83,224080.72,0.0,Purchase,0.0,0.0,134448.43,0.0,0.0,89632.29,184,224080.72,,MN,0.0
TXN-00950,2025-12-01,SALE,INV-2512-1426,Thika Road Hardware & Agrovet Ltd,Juja,Online Order,Retail,CUS-1073,,Building Materials,River Sand (ton),24,1949.35,0.0,46784.4,46784.4,1231.71,29561.04,17223.36,,0.0,46784.4,0.0,46784.4,0.0,0.0,-24,-29561.04,,JB,0.0
TXN-00951,2025-12-01,SALE,INV-2512-1428,Thika Road Hardware & Agrovet Ltd,Thika Town,Online Order,Retail,CUS-1175,,Building Materials,Iron Sheet 3m Gauge30,3,1231.97,0.0,3695.91,3695.91,775.28,2325.84,1370.07,,0.0,3695.91,0.0,3695.91,0.0,0.0,-3,-2325.84,,RA,0.0
TXN-00952,2025-12-02,SALE,INV-2512-1430,Thika Road Hardware & Agrovet Ltd,Thika Town,Delivery,Retail,CUS-1114,,Plumbing,PVC Pipe 20mm 3m,7,366.66,0.0,2566.62,2566.62,206.73,1447.11,1119.51,,0.0,2566.62,0.0,2566.62,0.0,0.0,-7,-1447.11,,SK,0.0
TXN-00953,2025-12-02,SALE,INV-2512-1432,Thika Road Hardware & Agrovet Ltd,Juja,Counter,Retail,CUS-1156,,Paints,Wood Varnish 1L,1,641.23,0.01,641.23,634.82,390.49,390.49,244.33,,0.0,634.82,0.0,634.82,0.0,0.0,-1,-390.49,,PW,0.0
TXN-00954,2025-12-02,SALE,INV-2512-1434,Thika Road Hardware & Agrovet Ltd,Juja,Phone Order,Farmer,CUS-1116,,Plumbing,Gate Valve 1in,1,590.1,0.0,590.1,590.1,323.21,323.21,266.89,,0.0,590.1,0.0,590.1,0.0,0.0,-1,-323.21,,MN,0.0
TXN-00955,2025-12-02,SALE,INV-2512-1436,Thika Road Hardware & Agrovet Ltd,Juja,M-Pesa Till,Farmer,CUS-1024,,Agro Inputs,CAN Fertilizer 50kg,3,4547.51,0.0,13642.53,13642.53,3169.21,9507.63,4134.9,,0.0,13642.53,0.0,13642.53,0.0,0.0,-3,-9507.63,,MN,0.0
TXN-00956,2025-12-02,SALE,INV-2512-1438,Thika Road Hardware & Agrovet Ltd,Juja,Phone Order,Wholesale,CUS-1096,,Building Materials,River Sand (ton),11,1965.24,0.0,21617.64,21617.64,1204.17,13245.87,8371.77,,0.0,21617.64,0.0,21617.64,0.0,0.0,-11,-13245.87,,MN,0.0
TXN-00957,2025-12-02,EXPENSE,EXP-2512-2595,Thika Road Hardware & Agrovet Ltd,Juja,Back Office,,,,,,0,0.0,0.0,0.0,0.0,0.0,0.0,0.0,Staff Salaries,38484.23,0.0,38484.23,0.0,0.0,0.0,0,0.0,MPESA ,TK,0.0
TXN-00958,2025-12-03,SALE,INV-2512-1440,Thika Road Hardware & Agrovet Ltd,Thika Town,M-Pesa Till,Wholesale,CUS-1033,,Paints,Emulsion Paint 4L,4,2436.39,0.02,9745.56,9550.65,1435.39,5741.56,3809.09,,0.0,9550.65,0.0,9550.65,0.0,0.0,-4,-5741.56,,SK,0.0
TXN-00959,2025-12-03,SALE,INV-2512-1442,Thika Road Hardware & Agrovet Ltd,Juja,Online Order,Contractor,CUS-1210,,Electrical,Socket Outlet,8,357.43,0.0,2859.44,2859.44,182.6,1460.8,1398.64,,0.0,2859.44,0.0,2859.44,0.0,0.0,-8,-1460.8,,PW,0.0
TXN-00960,2025-12-04,SALE,INV-2512-1444,Thika Road Hardware & Agrovet Ltd,Juja,M-Pesa Till,Contractor,CUS-1060,,Paints,Wood Varnish 1L,7,670.7,0.0,4694.9,4694.9,390.31,2732.17,1962.73,,0.0,4694.9,0.0,4694.9,0.0,0.0,-7,-2732.17,,TK,0.0
TXN-00961,2025-12-04,SALE,INV-2512-1446,Thika Road Hardware & Agrovet Ltd,Juja,M-Pesa Till,Retail,CUS-1114,,Electrical,Socket Outlet,8,330.83,0.02,2646.64,2593.71,179.63,1437.04,1156.67,,0.0,2593.71,0.0,2593.71,0.0,0.0,-8,-1437.04,,MN,0.0
TXN-00962,2025-12-04,SALE,INV-2512-1448,Thika Road Hardware & Agrovet Ltd,Thika Town,Delivery,Retail,CUS-1154,,Plumbing,PVC Pipe 20mm 3m,1,401.97,0.0,401.97,401.97,216.02,216.02,185.95,,0.0,401.97,0.0,401.97,0.0,0.0,-1,-216.02,,JB,0.0
TXN-00963,2025-12-04,SALE,INV-2512-1450,Thika Road Hardware & Agrovet Ltd,Thika Town,Online Order,Contractor,CUS-1065,,Building Materials,River Sand (ton),9,1945.77,0.0,17511.93,17511.93,1203.77,10833.93,6678.0,,0.0,17511.93,0.0,17511.93,0.0,0.0,-9,-10833.93,,SK,0.0
TXN-00964,2025-12-04,EXPENSE,EXP-2512-2591,Thika Road Hardware & Agrovet Ltd,Thika Town,Back Office,,,,,,0,0.0,0.0,0.0,0.0,0.0,0.0,0.0,Repairs,4858.45,0.0,4858.45,0.0,0.0,0.0,0,0.0,M-PESA,PW,0.0
TXN-00965,2025-12-05,SALE,INV-2512-1452,Thika Road Hardware & Agrovet Ltd,Juja,Online Order,Retail,CUS-1038,,Electrical,Electrical Cable 2.5mm (roll),5,5273.5,0.0,26367.5,26367.5,3156.54,15782.7,10584.8,,0.0,26367.5,0.0,26367.5,0.0,0.0,-5,-15782.7,,SK,0.0
TXN-00966,2025-12-05,CUSTOMER_PAYMENT,RCPT-2512-2753,Thika Road Hardware & Agrovet Ltd,Thika Town,Collections,Contractor,CUS-1147,,,,0,0.0,0.0,0.0,0.0,0.0,0.0,0.0,Customer Collection,0.0,15915.53,0.0,15915.53,15915.53,0.0,0,0.0,M-PESA,MN,0.0
TXN-00967,2025-12-07,SALE,INV-2512-1454,Thika Road Hardware & Agrovet Ltd,Thika Town,Delivery,Wholesale,CUS-1137,,Building Materials,Cement 50kg,14,971.03,0.0,13594.42,13594.42,646.44,9050.16,4544.26,,0.0,13594.42,0.0,13594.42,0.0,0.0,-14,-9050.16,,SK,0.0
TXN-00968,2025-12-08,SALE,INV-2512-1456,Thika Road Hardware & Agrovet Ltd,Thika Town,M-Pesa Till,Farmer,CUS-1179,,Plumbing,PVC Pipe 20mm 3m,5,366.63,0.0,1833.15,1833.15,205.83,1029.15,804.0,,0.0,1833.15,0.0,1833.15,0.0,0.0,-5,-1029.15,,PW,0.0
TXN-00969,08/12/2025,SALE,INV-2512-1458,Thika Road Hardware & Agrovet Ltd,Juja,M-Pesa Till,Contractor,CUS-1211,,Electrical,LED Bulb 12W,6,299.79,0.0,1798.74,1798.74,148.59,891.54,907.2,,0.0,1041.97,0.0,1041.97,756.77,0.0,-6,-891.54,,SK,0.0
TXN-00970,2025-12-08,SALE,INV-2512-1460,Thika Road Hardware & Agrovet Ltd,Thika Town,Phone Order,Wholesale,CUS-1034,,Plumbing,Water Tank 1000L,8,12494.95,0.0,99959.6,99959.6,8395.99,67167.92,32791.68,,0.0,99959.6,0.0,99959.6,0.0,0.0,-8,-67167.92,,TK,0.0
TXN-00971,2025-12-08,SALE,INV-2512-1462,Thika Road Hardware & Agrovet Ltd,Thika Town,Phone Order,Retail,CUS-1172,,Electrical,Electrical Cable 2.5mm (roll),4,4759.84,0.0,19039.36,19039.36,3154.31,12617.24,6422.12,,0.0,19039.36,0.0,19039.36,0.0,0.0,-4,-12617.24,,PW,0.0
TXN-00972,2025-12-08,SALE,INV-2512-1464,Thika Road Hardware & Agrovet Ltd,Juja,M-Pesa Till,Retail,CUS-1090,,Building Materials,River Sand (ton),23,1842.55,0.0,42378.65,42378.65,1231.0,28313.0,14065.65,,0.0,42378.65,0.0,42378.65,0.0,0.0,-23,-28313.0,,TK,0.0
TXN-00973,2025-12-08,SALE,INV-2512-1466,Thika Road Hardware & Agrovet Ltd,Juja,Online Order,Wholesale,CUS-1069,,Plumbing,PVC Tee 20mm,7,97.66,0.0,683.62,683.62,45.21,316.47,367.15,,0.0,683.62,0.0,683.62,0.0,0.0,-7,-316.47,,RA,0.0
TXN-00974,2025-12-09,SALE,INV-2512-1468,Thika Road Hardware & Agrovet Ltd,Thika Town,,Wholesale,CUS-1033,,Building Materials,Iron Sheet 3m Gauge30,1,1214.59,0.0,1214.59,1214.59,791.06,791.06,423.53,,0.0,1214.59,0.0,1214.59,0.0,0.0,-1,-791.06,,PW,0.0
TXN-00975,2025-12-09,SALE,INV-2512-1470,Thika Road Hardware & Agrovet Ltd,Juja,M-Pesa Till,Contractor,CUS-1060,,Plumbing,PVC Tee 20mm,4,95.42,0.0,381.68,381.68,45.16,180.64,201.04,,0.0,381.68,0.0,381.68,0.0,0.0,-4,-180.64,,PW,0.0
TXN-00976,2025-12-09,SALE,INV-2512-1472,Thika Road Hardware & Agrovet Ltd,Thika Town,Online Order,Retail,CUS-1162,,Building Materials,Hollow Block 6in,4,95.99,0.0,383.96,383.96,55.43,221.72,162.24,,0.0,383.96,0.0,383.96,0.0,0.0,-4,-221.72,,SK,0.0
TXN-00977,2025-12-10,SALE,INV-2512-1474,Thika Road Hardware & Agrovet Ltd,Juja,M-Pesa Till,Contractor,CUS-1209,,Electrical,LED Bulb 12W,5,326.01,0.0,1630.05,1630.05,151.55,757.75,872.3,,0.0,1630.05,0.0,1630.05,0.0,0.0,-5,-757.75,,TK,0.0
TXN-00978,2025-12-10,EXPENSE,EXP-2512-2592,Thika Road Hardware & Agrovet Ltd,Juja,Back Office,,,,,,0,0.0,0.0,0.0,0.0,0.0,0.0,0.0,Staff Salaries,46259.06,0.0,46259.06,0.0,0.0,0.0,0,0.0,M-PESA,TK,0.0
TXN-00979,2025-12-11,SALE,INV-2512-1476,Thika Road Hardware & Agrovet Ltd,Juja,Delivery,Reseller,CUS-1173,,Building Materials,Cement 50kg,22,984.37,0.0,21656.14,21656.14,638.33,14043.26,7612.88,,0.0,21656.14,0.0,21656.14,0.0,0.0,-22,-14043.26,,PW,0.0
TXN-00980,2025-12-11,SALE,INV-2512-1478,Thika Road Hardware & Agrovet Ltd,Thika Town,Delivery,Reseller,CUS-1161,,Agro Inputs,CAN Fertilizer 50kg,7,4764.05,0.02,33348.35,32681.38,3077.45,21542.15,11139.23,,0.0,32681.38,0.0,32681.38,0.0,0.0,-7,-21542.15,,SK,0.0
TXN-00981,2025-12-12,SALE,INV-2512-1480,Thika Road Hardware & Agrovet Ltd,Thika Town,Counter,Contractor,CUS-1057,,Hardware Tools,Claw Hammer,3,721.56,0.01,2164.68,2143.03,375.45,1126.35,1016.68,,0.0,2143.03,0.0,2143.03,0.0,0.0,-3,-1126.35,,TK,0.0
TXN-00982,12/12/2025,SALE,INV-2512-1482,Thika Road Hardware & Agrovet Ltd,Thika Town,M-Pesa Till,Farmer,CUS-1082,,Plumbing,PVC Tee 20mm,2,94.45,0.02,188.9,185.12,44.84,89.68,95.44,,0.0,185.12,0.0,185.12,0.0,0.0,-2,-89.68,,TK,0.0
TXN-00983,2025-12-12,SALE,INV-2512-1484,Thika Road Hardware & Agrovet Ltd,Juja,M-Pesa Till,Retail,CUS-1008,,Agro Inputs,Pesticide 1L,2,1126.41,0.0,2252.82,2252.82,625.85,1251.7,1001.12,,0.0,2252.82,0.0,2252.82,0.0,0.0,-2,-1251.7,,RA,0.0
TXN-00984,2025-12-13,SALE,INV-2512-1486,Thika Road Hardware & Agrovet Ltd,Juja,Delivery,Contractor,CUS-1039,,Building Materials,Iron Sheet 3m Gauge30,19,1224.01,0.0,23256.19,23256.19,782.71,14871.49,8384.7,,0.0,23256.19,0.0,23256.19,0.0,0.0,-19,-14871.49,,RA,0.0
TXN-00985,2025-12-13,SALE,INV-2512-1488,Thika Road Hardware & Agrovet Ltd,Thika Town,Phone Order,Farmer,CUS-1213,,Paints,Gloss Paint 4L,1,2915.07,0.0,2915.07,2915.07,1734.21,1734.21,1180.86,,0.0,2915.07,0.0,2915.07,0.0,0.0,-1,-1734.21,,PW,0.0
TXN-00986,2025-12-13,SALE,INV-2512-1490,Thika Road Hardware & Agrovet Ltd,Thika Town,Online Order,Reseller,CUS-1005,,Paints,Wood Varnish 1L,3,671.82,0.0,2015.46,2015.46,377.61,1132.83,882.63,,0.0,2015.46,0.0,2015.46,0.0,0.0,-3,-1132.83,,MN,0.0
TXN-00987,2025-12-13,SALE,INV-2512-1492,Thika Road Hardware & Agrovet Ltd,Thika Town,M-Pesa Till,Retail,CUS-1098,,Building Materials,Hollow Block 6in,13,89.49,0.0,1163.37,1163.37,55.51,721.63,441.74,,0.0,1163.37,0.0,1163.37,0.0,0.0,-13,-721.63,,JB,0.0
TXN-00988,2025-12-13,SALE,INV-2512-1494,Thika Road Hardware & Agrovet Ltd,Thika Town,Online Order,Farmer,CUS-1054,,Agro Inputs,Maize Seed 2kg Pack,2,820.68,0.0,1641.36,1641.36,476.61,953.22,688.14,,0.0,1641.36,0.0,1641.36,0.0,0.0,-2,-953.22,,JB,0.0
TXN-00989,2025-12-14,SALE,INV-2512-1496,Thika Road Hardware & Agrovet Ltd,Thika Town,Online Order,Farmer,CUS-1158,,Plumbing,PVC Pipe 20mm 3m,1,372.46,0.02,372.46,365.01,208.32,208.32,156.69,,0.0,365.01,0.0,365.01,0.0,0.0,-1,-208.32,,JB,0.0
TXN-00990,2025-12-14,SALE,INV-2512-1498,Thika Road Hardware & Agrovet Ltd,Juja,Phone Order,Retail,CUS-1083,,Building Materials,Cement 50kg,4,1039.17,0.0,4156.68,4156.68,655.21,2620.84,1535.84,,0.0,4156.68,0.0,4156.68,0.0,0.0,-4,-2620.84,,PW,0.0
TXN-00991,2025-12-14,SUPPLIER_PAYMENT,SP-2512-2597,Thika Road Hardware & Agrovet Ltd,Juja,Supplier,,,ElectroParts Kenya,,,0,0.0,0.0,0.0,0.0,0.0,0.0,0.0,Supplier Payment,0.0,0.0,15775.4,0.0,0.0,-15775.4,0,0.0,M-PESA,RA,0.0
TXN-00992,2025-12-14,CUSTOMER_PAYMENT,RCPT-2512-2754,Thika Road Hardware & Agrovet Ltd,Juja,Collections,Contractor,CUS-1211,,,,0,0.0,0.0,0.0,0.0,0.0,0.0,0.0,Customer Collection,0.0,537.7,0.0,537.7,537.7,0.0,0,0.0,M-PESA,PW,0.0
TXN-00993,2025-12-15,SALE,INV-2512-1500,Thika Road Hardware & Agrovet Ltd,Juja,M-Pesa Till,Retail,CUS-1025,,Paints,Emulsion Paint 4L,1,2506.4,0.0,2506.4,2506.4,1420.32,1420.32,1086.08,,0.0,2506.4,0.0,2506.4,0.0,0.0,-1,-1420.32,,RA,0.0
TXN-00994,2025-12-15,SUPPLIER_PAYMENT,SP-2512-2599,Thika Road Hardware & Agrovet Ltd,Juja,Supplier,,,Nairobi Paints Wholesale,,,0,0.0,0.0,0.0,0.0,0.0,0.0,0.0,Supplier Payment,0.0,0.0,21486.95,0.0,0.0,-21486.95,0,0.0,M-PESA,JB,0.0
TXN-00995,2025-12-15,CUSTOMER_PAYMENT,RCPT-2512-2749,Thika Road Hardware & Agrovet Ltd,Thika Town,Collections,Wholesale,CUS-1137,,,,0,0.0,0.0,0.0,0.0,0.0,0.0,0.0,Customer Collection,0.0,43330.09,0.0,43330.09,43330.09,0.0,0,0.0,M-PESA,PW,0.0
TXN-00996,2025-12-16,SALE,INV-2512-1502,Thika Road Hardware & Agrovet Ltd,Thika Town,Delivery,Farmer,CUS-1197,,Plumbing,Gate Valve 1in,7,589.57,0.0,4126.99,4126.99,323.92,2267.44,1859.55,,0.0,4126.99,0.0,4126.99,0.0,0.0,-7,-2267.44,,SK,0.0
TXN-00997,2025-12-16,SALE,INV-2512-1504,Thika Road Hardware & Agrovet Ltd,Thika Town,Online Order,Retail,CUS-1097,,Electrical,Socket Outlet,2,358.79,0.03,717.58,696.05,185.04,370.08,325.97,,0.0,696.05,0.0,696.05,0.0,0.0,-2,-370.08,,JB,0.0
TXN-00998,2025-12-16,SALE,INV-2512-1506,Thika Road Hardware & Agrovet Ltd,Juja,Online Order,Contractor,CUS-1039,,Electrical,Electrical Cable 2.5mm (roll),2,5016.82,0.0,10033.64,10033.64,3136.56,6273.12,3760.52,,0.0,10033.64,0.0,10033.64,0.0,0.0,-2,-6273.12,,MN,0.0
TXN-00999,2025-12-16,EXPENSE,EXP-2512-2593,Thika Road Hardware & Agrovet Ltd,Thika Town,Back Office,,,,,,0,0.0,0.0,0.0,0.0,0.0,0.0,0.0,Repairs,5291.99,0.0,5291.99,0.0,0.0,0.0,0,0.0,Cash,MN,0.0
TXN-01000,2025-12-16,CUSTOMER_PAYMENT,RCPT-2512-2745,Thika Road Hardware & Agrovet Ltd,Thika Town,Collections,Contractor,CUS-1113,,,,0,0.0,0.0,0.0,0.0,0.0,0.0,0.0,Customer Collection,0.0,14380.46,0.0,14380.46,14380.46,0.0,0,0.0,M-PESA,JB,0.0
TXN-01001,2025-12-17,SALE,INV-2512-1508,Thika Road Hardware & Agrovet Ltd,Juja,Phone Order,Retail,CUS-1152,,Building Materials,Hollow Block 6in,18,92.64,0.01,1667.52,1650.84,56.65,1019.7,631.14,,0.0,1650.84,0.0,1650.84,0.0,0.0,-18,-1019.7,,RA,0.0
TXN-01002,2025-12-17,SALE,INV-2512-1510,Thika Road Hardware & Agrovet Ltd,Juja,Phone Order,Farmer,CUS-1020,,Building Materials,Cement 50kg,10,980.6,0.0,9806.0,9806.0,630.86,6308.6,3497.4,,0.0,9806.0,0.0,9806.0,0.0,0.0,-10,-6308.6,,SK,0.0
TXN-01003,2025-12-18,SALE,INV-2512-1512,Thika Road Hardware & Agrovet Ltd,Thika Town,Counter,Farmer,CUS-1023,,Electrical,LED Bulb 12W,1,326.0,0.0,326.0,326.0,147.81,147.81,178.19,,0.0,326.0,0.0,326.0,0.0,0.0,-1,-147.81,,SK,0.0
TXN-01004,2025-12-18,CUSTOMER_PAYMENT,RCPT-2512-2748,Thika Road Hardware & Agrovet Ltd,Thika Town,Collections,Wholesale,CUS-1110,,,,0,0.0,0.0,0.0,0.0,0.0,0.0,0.0,Customer Collection,0.0,7693.0,0.0,7693.0,7693.0,0.0,0,0.0,M-PESA,MN,0.0
TXN-01005,2025-12-19,SALE,INV-2512-1514,Thika Road Hardware & Agrovet Ltd,Thika Town,M-Pesa Till,Retail,CUS-1112,,Building Materials,Hollow Block 6in,11,88.77,0.05,976.47,927.65,54.24,596.64,331.01,,0.0,927.65,0.0,927.65,0.0,0.0,-11,-596.64,,MN,0.0
TXN-01006,2025-12-20,SALE,INV-2512-1516,Thika Road Hardware & Agrovet Ltd,Thika Town,M-Pesa Till,Retail,CUS-1058,,Building Materials,Iron Sheet 3m Gauge30,1,1232.57,0.0,1232.57,1232.57,764.51,764.51,468.06,,0.0,1232.57,0.0,1232.57,0.0,0.0,-1,-764.51,,TK,0.0
TXN-01007,2025-12-20,SALE,INV-2512-1518,Thika Road Hardware & Agrovet Ltd,Juja,Counter,Wholesale,CUS-1141,,Agro Inputs,DAP Fertilizer 50kg,8,4962.78,0.0,39702.24,39702.24,3450.99,27607.92,12094.32,,0.0,39702.24,0.0,39702.24,0.0,0.0,-8,-27607.92,,TK,0.0
TXN-01008,2025-12-21,SALE,INV-2512-1520,Thika Road Hardware & Agrovet Ltd,Thika Town,Delivery,Retail,CUS-1174,,Plumbing,Water Tank 1000L,2,12193.98,0.0,24387.96,24387.96,8324.0,16648.0,7739.96,,0.0,24387.96,0.0,24387.96,0.0,0.0,-2,-16648.0,,PW,0.0
TXN-01009,2025-12-21,SALE,INV-2512-1522,Thika Road Hardware & Agrovet Ltd,Thika Town,Counter,Farmer,CUS-1180,,Building Materials,River Sand (ton),18,1786.55,0.0,32157.9,32157.9,1213.69,21846.42,10311.48,,0.0,32157.9,0.0,32157.9,0.0,0.0,-18,-21846.42,,PW,0.0
TXN-01010,2025-12-21,SALE,INV-2512-1524,Thika Road Hardware & Agrovet Ltd,Juja,Delivery,Reseller,CUS-1201,,Building Materials,Cement 50kg,23,970.08,0.0,22311.84,22311.84,658.86,15153.78,7158.06,,0.0,22311.84,0.0,22311.84,0.0,0.0,-23,-15153.78,,TK,0.0
TXN-01011,2025-12-21,PURCHASE,GRN-2512-1525,Thika Road Hardware & Agrovet Ltd,Juja,Supplier,,,Bamburi Cement Depot,Plumbing,Gate Valve 1in,113,325.75,0.0,0.0,0.0,325.75,36809.75,0.0,Purchase,0.0,0.0,0.0,0.0,0.0,36809.75,113,36809.75,,MN,0.0
TXN-01012,2025-12-21,SALE,INV-2512-1526,Thika Road Hardware & Agrovet Ltd,Juja,Phone Order,Wholesale,CUS-1093,,Plumbing,Gate Valve 1in,8,562.56,0.02,4500.48,4410.47,315.77,2526.16,1884.31,,0.0,4410.47,0.0,4410.47,0.0,0.0,-8,-2526.16,,RA,0.0
TXN-01013,2025-12-21,SALE,INV-2512-1528,Thika Road Hardware & Agrovet Ltd,Thika Town,Phone Order,Farmer,CUS-1104,,Agro Inputs,Maize Seed 2kg Pack,8,747.82,0.01,5982.56,5922.73,479.22,3833.76,2088.97,,0.0,5922.73,0.0,5922.73,0.0,0.0,-8,-3833.76,,TK,0.0
TXN-01014,2025-12-21,SALE,INV-2512-1530,Thika Road Hardware & Agrovet Ltd,Juja,Counter,Farmer,CUS-1150,,Paints,Paint Brush 4in,6,199.86,0.0,1199.16,1199.16,97.34,584.04,615.12,,0.0,1199.16,0.0,1199.16,0.0,0.0,-6,-584.04,,PW,0.0
TXN-01015,2025-12-22,SALE,INV-2512-1532,Thika Road Hardware & Agrovet Ltd,Thika Town,Phone Order,Retail,CUS-1195,,Electrical,Socket Outlet,2,351.51,0.01,703.02,695.99,178.4,356.8,339.19,,0.0,695.99,0.0,695.99,0.0,0.0,-2,-356.8,,PW,0.0
TXN-01016,2025-12-22,EXPENSE,EXP-2512-2588,Thika Road Hardware & Agrovet Ltd,Thika Town,Back Office,,,,,,0,0.0,0.0,0.0,0.0,0.0,0.0,0.0,Licenses,2032.21,0.0,2032.21,0.0,0.0,0.0,0,0.0,M-PESA,SK,0.0
TXN-01017,2025-12-22,CUSTOMER_PAYMENT,RCPT-2512-2747,Thika Road Hardware & Agrovet Ltd,Thika Town,Collections,Wholesale,CUS-1034,,,,0,0.0,0.0,0.0,0.0,0.0,0.0,0.0,Customer Collection,0.0,1150.72,0.0,1150.72,1150.72,0.0,0,0.0,M-PESA,JB,0.0
TXN-01018,2025-12-23,SALE,INV-2512-1534,Thika Road Hardware & Agrovet Ltd,Thika Town,Online Order,Retail,CUS-1122,,Agro Inputs,Pesticide 1L,3,1062.61,0.0,3187.83,3187.83,609.42,1828.26,1359.57,,0.0,3187.83,0.0,3187.83,0.0,0.0,-3,-1828.26,,JB,0.0
TXN-01019,23/12/2025,SALE,INV-2512-1536,Thika Road Hardware & Agrovet Ltd,Juja,Phone Order,Wholesale,CUS-1061,,Paints,Wood Varnish 1L,1,657.22,0.0,657.22,657.22,386.11,386.11,271.11,,0.0,657.22,0.0,657.22,0.0,0.0,-1,-386.11,,MN,0.0
TXN-01020,2025-12-23,SALE,INV-2512-1538,Thika Road Hardware & Agrovet Ltd,Juja,Delivery,Wholesale,CUS-1026,,Hardware Tools,Spade,1,929.24,0.0,929.24,929.24,513.94,513.94,415.3,,0.0,929.24,0.0,929.24,0.0,0.0,-1,-513.94,,SK,0.0
TXN-01021,2025-12-23,SALE,INV-2512-1540,Thika Road Hardware & Agrovet Ltd,Thika Town,Online Order,Farmer,CUS-1188,,Building Materials,Cement 50kg,15,970.08,0.0,14551.2,14551.2,647.26,9708.9,4842.3,,0.0,14551.2,0.0,14551.2,0.0,0.0,-15,-9708.9,,TK,0.0
TXN-01022,2025-12-24,SALE,INV-2512-1542,Thika Road Hardware & Agrovet Ltd,Thika Town,Counter,Wholesale,CUS-1137,,Agro Inputs,Maize Seed 2kg Pack,5,773.47,0.0,3867.35,3867.35,479.5,2397.5,1469.85,,0.0,3867.35,0.0,3867.35,0.0,0.0,-5,-2397.5,,MN,0.0
TXN-01023,2025-12-24,SALE,INV-2512-1544,Thika Road Hardware & Agrovet Ltd,Juja,Online Order,Farmer,CUS-1007,,Paints,Emulsion Paint 4L,3,2303.15,0.01,6909.45,6840.36,1412.46,4237.38,2602.98,,0.0,6840.36,0.0,6840.36,0.0,0.0,-3,-4237.38,,TK,0.0
TXN-01024,2025-12-24,SALE,INV-2512-1546,Thika Road Hardware & Agrovet Ltd,Juja,M-Pesa Till,Retail,CUS-1175,,Agro Inputs,Maize Seed 2kg Pack,2,738.45,0.03,1476.9,1432.59,470.75,941.5,491.09,,0.0,1432.59,0.0,1432.59,0.0,0.0,-2,-941.5,,MN,0.0
TXN-01025,2025-12-24,PURCHASE,GRN-2512-1547,Thika Road Hardware & Agrovet Ltd,Thika Town,Supplier,,,Nairobi Paints Wholesale,Paints,Wood Varnish 1L,134,379.61,0.0,0.0,0.0,379.61,50867.74,0.0,Purchase,0.0,0.0,50867.74,0.0,0.0,0.0,134,50867.74,,JB,0.0
TXN-01026,2025-12-24,SALE,INV-2512-1548,Thika Road Hardware & Agrovet Ltd,Juja,M-Pesa Till,Farmer,CUS-1020,,Paints,Wood Varnish 1L,3,636.21,0.0,1908.63,1908.63,382.39,1147.17,761.46,,0.0,1908.63,0.0,1908.63,0.0,0.0,-3,-1147.17,,PW,0.0
TXN-01027,2025-12-24,CUSTOMER_PAYMENT,RCPT-2512-2746,Thika Road Hardware & Agrovet Ltd,Juja,Collections,Wholesale,CUS-1144,,,,0,0.0,0.0,0.0,0.0,0.0,0.0,0.0,Customer Collection,0.0,5359.25,0.0,5359.25,5359.25,0.0,0,0.0,Bank Transfer,JB,0.0
TXN-01028,2025-12-25,SALE,INV-2512-1550,Thika Road Hardware & Agrovet Ltd,Juja,Counter,Retail,CUS-1059,,Building Materials,Hollow Block 6in,11,96.74,0.02,1064.14,1042.86,55.11,606.21,436.65,,0.0,1042.86,0.0,1042.86,0.0,0.0,-11,-606.21,,SK,0.0
TXN-01029,2025-12-25,SALE,INV-2512-1552,Thika Road Hardware & Agrovet Ltd,Juja,Delivery,Contractor,CUS-1091,,Agro Inputs,Pesticide 1L,3,1030.91,0.0,3092.73,3092.73,625.92,1877.76,1214.97,,0.0,3092.73,0.0,3092.73,0.0,0.0,-3,-1877.76,,TK,0.0
TXN-01030,2025-12-25,SALE,INV-2512-1554,Thika Road Hardware & Agrovet Ltd,Thika Town,Phone Order,Retail,CUS-1183,,Electrical,Socket Outlet,1,346.26,0.01,346.26,342.8,179.93,179.93,162.87,,0.0,342.8,0.0,342.8,0.0,0.0,-1,-179.93,,PW,0.0
TXN-01031,2025-12-25,SALE,INV-2512-1556,Thika Road Hardware & Agrovet Ltd,Thika Town,M-Pesa Till,Farmer,CUS-1214,,Plumbing,Gate Valve 1in,8,576.1,0.0,4608.8,4608.8,319.92,2559.36,2049.44,,0.0,4608.8,0.0,4608.8,0.0,0.0,-8,-2559.36,,MN,0.0
TXN-01032,2025-12-25,EXPENSE,EXP-2512-2590,Thika Road Hardware & Agrovet Ltd,Juja,Back Office,,,,,,0,0.0,0.0,0.0,0.0,0.0,0.0,0.0,Rent,28185.49,0.0,28185.49,0.0,0.0,0.0,0,0.0,Bank Transfer,TK,0.0
TXN-01033,2025-12-25,SUPPLIER_PAYMENT,SP-2512-2596,Thika Road Hardware & Agrovet Ltd,Juja,Supplier,,,Thika Building Suppliers Ltd,,,0,0.0,0.0,0.0,0.0,0.0,0.0,0.0,Supplier Payment,0.0,0.0,9735.56,0.0,0.0,-9735.56,0,0.0,M-pesa,MN,0.0
TXN-01034,2025-12-26,SALE,INV-2512-1558,Thika Road Hardware & Agrovet Ltd,Juja,Delivery,Retail,CUS-1083,,Electrical,Socket Outlet,3,342.18,0.0,1026.54,1026.54,176.95,530.85,495.69,,0.0,1026.54,0.0,1026.54,0.0,0.0,-3,-530.85,,PW,0.0
TXN-01035,2025-12-26,SALE,INV-2512-1560,Thika Road Hardware & Agrovet Ltd,Juja,Phone Order,Farmer,CUS-1158,,Paints,Paint Brush 4in,6,216.53,0.01,1299.18,1286.19,94.88,569.28,716.91,,0.0,1286.19,0.0,1286.19,0.0,0.0,-6,-569.28,,PW,0.0
TXN-01036,2025-12-27,SALE,INV-2512-1562,Thika Road Hardware & Agrovet Ltd,Thika Town,M-Pesa Till,Farmer,CUS-1138,,Plumbing,Gate Valve 1in,2,578.98,0.01,1157.96,1146.38,316.64,633.28,513.1,,0.0,1146.38,0.0,1146.38,0.0,0.0,-2,-633.28,,JB,0.0
TXN-01037,2025-12-27,SALE,INV-2512-1564,Thika Road Hardware & Agrovet Ltd,Thika Town,Delivery,Retail,CUS-1146,,Paints,Gloss Paint 4L,3,2931.76,0.0,8795.28,8795.28,1792.43,5377.29,3417.99,,0.0,8795.28,0.0,8795.28,0.0,0.0,-3,-5377.29,,RA,0.0
TXN-01038,2025-12-27,SALE,INV-2512-1566,Thika Road Hardware & Agrovet Ltd,Juja,M-Pesa Till,Wholesale,CUS-1093,,Hardware Tools,Spade,6,968.67,0.0,5812.02,5812.02,517.03,3102.18,2709.84,,0.0,1469.92,0.0,1469.92,4342.1,0.0,-6,-3102.18,,SK,0.0
TXN-01039,2025-12-27,EXPENSE,EXP-2512-2589,Thika Road Hardware & Agrovet Ltd,Thika Town,Back Office,,,,,,0,0.0,0.0,0.0,0.0,0.0,0.0,0.0,Transport,7338.03,0.0,7338.03,0.0,0.0,0.0,0,0.0,Cash,JB,0.0
TXN-01040,2025-12-28,SALE,INV-2512-1568,Thika Road Hardware & Agrovet Ltd,Juja,Online Order,Farmer,CUS-1041,,Electrical,LED Bulb 12W,5,296.39,0.03,1481.95,1437.49,151.94,759.7,677.79,,0.0,1437.49,0.0,1437.49,0.0,0.0,-5,-759.7,,MN,0.0
TXN-01041,2025-12-28,SALE,INV-2512-1570,Thika Road Hardware & Agrovet Ltd,Juja,Delivery,Retail,CUS-1126,,Building Materials,River Sand (ton),19,1870.3,0.0,35535.7,35535.7,1227.67,23325.73,12209.97,,0.0,35535.7,0.0,35535.7,0.0,0.0,-19,-23325.73,,PW,0.0
TXN-01042,2025-12-28,EXPENSE,EXP-2512-2594,Thika Road Hardware & Agrovet Ltd,Juja,Back Office,,,,,,0,0.0,0.0,0.0,0.0,0.0,0.0,0.0,Rent,26861.66,0.0,26861.66,0.0,0.0,0.0,0,0.0,Mpesa,RA,0.0
TXN-01043,28/12/2025,SUPPLIER_PAYMENT,SP-2512-2598,Thika Road Hardware & Agrovet Ltd,Thika Town,Supplier,,,Thika Building Suppliers Ltd,,,0,0.0,0.0,0.0,0.0,0.0,0.0,0.0,Supplier Payment,0.0,0.0,46695.45,0.0,0.0,-46695.45,0,0.0,Bank Transfer,JB,0.0
TXN-01044,2025-12-29,SALE,INV-2512-1572,Thika Road Hardware & Agrovet Ltd,Juja,Counter,Reseller,CUS-1136,,Plumbing,Gate Valve 1in,5,557.04,0.03,2785.2,2701.64,320.01,1600.05,1101.59,,0.0,2701.64,0.0,2701.64,0.0,0.0,-5,-1600.05,,MN,0.0
TXN-01045,2025-12-29,SALE,INV-2512-1574,Thika Road Hardware & Agrovet Ltd,Thika Town,Delivery,Retail,CUS-1216,,Electrical,LED Bulb 12W,3,327.19,0.0,981.57,981.57,154.43,463.29,518.28,,0.0,981.57,0.0,981.57,0.0,0.0,-3,-463.29,,PW,0.0
TXN-01046,2025-12-29,SALE,INV-2512-1576,Thika Road Hardware & Agrovet Ltd,Thika Town,Online Order,Retail,CUS-1017,,Plumbing,PVC Tee 20mm,7,90.09,0.0,630.63,630.63,44.55,311.85,318.78,,0.0,630.63,0.0,630.63,0.0,0.0,-7,-311.85,,SK,0.0
TXN-01047,2025-12-29,REFUND,REF-2512-2473,Thika Road Hardware & Agrovet Ltd,Thika Town,Counter,Wholesale,CUS-1137,,Agro Inputs,Maize Seed 2kg Pack,-1,773.47,0.0,0.0,773.47,479.5,0.0,-773.47,Customer Refund,773.47,0.0,773.47,0.0,0.0,0.0,1,479.5,refund,MN,0.0
TXN-01048,2025-12-29,CUSTOMER_PAYMENT,RCPT-2512-2750,Thika Road Hardware & Agrovet Ltd,Juja,Collections,Contractor,CUS-1080,,,,0,0.0,0.0,0.0,0.0,0.0,0.0,0.0,Customer Collection,0.0,765.82,0.0,765.82,765.82,0.0,0,0.0,M-PESA,TK,0.0
TXN-01049,2025-12-30,SALE,INV-2512-1578,Thika Road Hardware & Agrovet Ltd,Juja,Phone Order,Retail,CUS-1156,,Paints,Wood Varnish 1L,5,662.79,0.0,3313.95,3313.95,378.8,1894.0,1419.95,,0.0,3313.95,0.0,3313.95,0.0,0.0,-5,-1894.0,,MN,0.0
TXN-01050,2025-12-30,SALE,INV-2512-1580,Thika Road Hardware & Agrovet Ltd,Thika Town,Phone Order,Farmer,CUS-1024,,Building Materials,River Sand (ton),6,1789.25,0.02,10735.5,10520.79,1181.11,7086.66,3434.13,,0.0,10520.79,0.0,10520.79,0.0,0.0,-6,-7086.66,,SK,0.0
TXN-01051,2025-12-30,SALE,INV-2512-1582,Thika Road Hardware & Agrovet Ltd,Thika Town,M-Pesa Till,Contractor,CUS-1113,,Paints,Paint Brush 4in,3,197.34,0.0,592.02,592.02,95.78,287.34,304.68,,0.0,592.02,0.0,592.02,0.0,0.0,-3,-287.34,,MN,0.0
TXN-01052,2025-12-30,SALE,INV-2512-1584,Thika Road Hardware & Agrovet Ltd,Juja,Delivery,Retail,CUS-1049,,Paints,Emulsion Paint 4L,2,2371.47,0.0,4742.94,4742.94,1394.98,2789.96,1952.98,,0.0,4742.94,0.0,4742.94,0.0,0.0,-2,-2789.96,,JB,0.0
TXN-01053,2025-12-31,PURCHASE,GRN-2512-1585,Thika Road Hardware & Agrovet Ltd,Juja,Supplier,,,Nairobi Paints Wholesale,Building Materials,Cement 50kg,160,641.17,0.0,0.0,0.0,641.17,102587.2,0.0,Purchase,0.0,0.0,0.0,0.0,0.0,102587.2,160,102587.2,,RA,0.0
TXN-01054,2025-12-31,SALE,INV-2512-1586,Thika Road Hardware & Agrovet Ltd,Thika Town,Delivery,Contractor,CUS-1210,,Building Materials,Cement 50kg,22,984.62,0.0,21661.64,21661.64,646.68,14226.96,7434.68,,0.0,21661.64,0.0,21661.64,0.0,0.0,-22,-14226.96,,SK,0.0
TXN-01055,2025-12-31,SALE,INV-2512-1588,Thika Road Hardware & Agrovet Ltd,Juja,Online Order,Wholesale,CUS-1046,,Building Materials,River Sand (ton),19,1774.27,0.0,33711.13,33711.13,1231.58,23400.02,10311.11,,0.0,16886.88,0.0,16886.88,16824.25,0.0,-19,-23400.02,,SK,0.0
TXN-01056,2025-12-31,SALE,INV-2512-1590,Thika Road Hardware & Agrovet Ltd,Juja,Online Order,Contractor,CUS-1153,,Plumbing,PVC Tee 20mm,6,91.23,0.0,547.38,547.38,45.94,275.64,271.74,,0.0,547.38,0.0,547.38,0.0,0.0,-6,-275.64,,RA,0.0
TXN-01057,2025-12-31,SALE,INV-2512-1592,Thika Road Hardware & Agrovet Ltd,Juja,Online Order,Contractor,CUS-1164,,Paints,Wood Varnish 1L,4,679.54,0.0,2718.16,2718.16,386.46,1545.84,1172.32,,0.0,2718.16,0.0,2718.16,0.0,0.0,-4,-1545.84,,JB,0.0
TXN-01058,2025-12-31,SALE,INV-2512-1594,Thika Road Hardware & Agrovet Ltd,Thika Town,M-Pesa Till,Wholesale,CUS-1061,,Electrical,Socket Outlet,1,351.54,0.01,351.54,348.02,183.52,183.52,164.5,,0.0,348.02,0.0,348.02,0.0,0.0,-1,-183.52,,TK,0.0
TXN-01059,2025-12-31,STOCK_ADJUSTMENT,ADJ-2512-2600,Thika Road Hardware & Agrovet Ltd,Thika Town,Stock Count,,,,Electrical,LED Bulb 12W,5,0.0,0.0,0.0,0.0,0.0,0.0,0.0,Stock Adjustment,0.0,0.0,0.0,0.0,0.0,0.0,5,750.0,Manual count variance,PW,0.0
TXN-01060,2025-12-31,CUSTOMER_PAYMENT,RCPT-2512-2751,Thika Road Hardware & Agrovet Ltd,Thika Town,Collections,Contractor,CUS-1062,,,,0,0.0,0.0,0.0,0.0,0.0,0.0,0.0,Customer Collection,0.0,1251.5,0.0,1251.5,1251.5,0.0,0,0.0,Bank Transfer,JB,0.0
TXN-01061,2025-12-31,CUSTOMER_PAYMENT,RCPT-2512-2752,Thika Road Hardware & Agrovet Ltd,Thika Town,Collections,Wholesale,CUS-1087,,,,0,0.0,0.0,0.0,0.0,0.0,0.0,0.0,Customer Collection,0.0,461.21,0.0,461.21,461.21,0.0,0,0.0,M-PESA,RA,0.0
TXN-01062,2026-01-01,SALE,INV-2601-1596,Thika Road Hardware & Agrovet Ltd,Juja,M-Pesa Till,Contractor,CUS-1057,,Building Materials,River Sand (ton),9,1954.43,0.0,17589.87,17589.87,1234.49,11110.41,6479.46,,0.0,9877.34,0.0,9877.34,7712.53,0.0,-9,-11110.41,,MN,0.0
TXN-01063,2026-01-01,EXPENSE,EXP-2601-2605,Thika Road Hardware & Agrovet Ltd,Thika Town,Back Office,,,,,,0,0.0,0.0,0.0,0.0,0.0,0.0,0.0,Staff Salaries,38123.43,0.0,38123.43,0.0,0.0,0.0,0,0.0,Cash,TK,0.0
TXN-01064,2026-01-02,SALE,INV-2601-1598,Thika Road Hardware & Agrovet Ltd,Juja,M-Pesa Till,Contractor,CUS-1155,,Electrical,Electrical Cable 2.5mm (roll),1,5291.63,0.0,5291.63,5291.63,3146.86,3146.86,2144.77,,0.0,2932.14,0.0,2932.14,2359.49,0.0,-1,-3146.86,,TK,0.0
TXN-01065,2026-01-03,SALE,INV-2601-1600,Thika Road Hardware & Agrovet Ltd,Juja,Delivery,Retail,CUS-1084,,Plumbing,Gate Valve 1in,8,595.06,0.0,4760.48,4760.48,325.03,2600.24,2160.24,,0.0,4760.48,0.0,4760.48,0.0,0.0,-8,-2600.24,,JB,0.0
TXN-01066,2026-01-03,SALE,INV-2601-1602,Thika Road Hardware & Agrovet Ltd,Thika Town,M-Pesa Till,Retail,CUS-1212,,Plumbing,Water Tank 1000L,6,11962.48,0.0,71774.88,71774.88,8329.94,49979.64,21795.24,,0.0,71774.88,0.0,71774.88,0.0,0.0,-6,-49979.64,,MN,0.0
TXN-01067,2026-01-03,SALE,INV-2601-1604,Thika Road Hardware & Agrovet Ltd,Thika Town,Phone Order,Contractor,CUS-1080,,Plumbing,PVC Tee 20mm,2,98.32,0.0,196.64,196.64,44.5,89.0,107.64,,0.0,196.64,0.0,196.64,0.0,0.0,-2,-89.0,,RA,0.0
TXN-01068,2026-01-03,EXPENSE,EXP-2601-2601,Thika Road Hardware & Agrovet Ltd,Thika Town,Back Office,,,,,,0,0.0,0.0,0.0,0.0,0.0,0.0,0.0,Rent,29377.31,0.0,29377.31,0.0,0.0,0.0,0,0.0,Bank Transfer,JB,0.0
TXN-01069,2026-01-04,SALE,INV-2601-1606,Thika Road Hardware & Agrovet Ltd,Juja,Phone Order,Wholesale,CUS-1118,,Plumbing,PVC Pipe 20mm 3m,2,367.22,0.0,734.44,734.44,211.76,423.52,310.92,,0.0,734.44,0.0,734.44,0.0,0.0,-2,-423.52,,RA,0.0
TXN-01070,2026-01-04,SALE,INV-2601-1608,Thika Road Hardware & Agrovet Ltd,Thika Town,Delivery,Wholesale,CUS-1123,,Hardware Tools,Claw Hammer,3,663.85,0.01,1991.55,1971.63,376.14,1128.42,843.21,,0.0,1971.63,0.0,1971.63,0.0,0.0,-3,-1128.42,,TK,0.0
TXN-01071,2026-01-04,SALE,INV-2601-1610,Thika Road Hardware & Agrovet Ltd,Juja,Counter,Contractor,CUS-1060,,Hardware Tools,Measuring Tape 5m,5,421.11,0.0,2105.55,2105.55,212.41,1062.05,1043.5,,0.0,2105.55,0.0,2105.55,0.0,0.0,-5,-1062.05,,PW,0.0
TXN-01072,2026-01-05,SALE,INV-2601-1612,Thika Road Hardware & Agrovet Ltd,Juja,Delivery,Retail,CUS-1028,,Building Materials,Cement 50kg,23,963.23,0.02,22154.29,21711.2,643.8,14807.4,6903.8,,0.0,21711.2,0.0,21711.2,0.0,0.0,-23,-14807.4,,PW,0.0
TXN-01073,2026-01-05,SALE,INV-2601-1614,Thika Road Hardware & Agrovet Ltd,,Online Order,,CUS-1086,,Electrical,Circuit Breaker 20A,5,777.18,0.0,3885.9,3885.9,427.21,2136.05,1749.85,,0.0,3885.9,0.0,3885.9,0.0,0.0,-5,-2136.05,,TK,0.0
TXN-01074,2026-01-06,SALE,INV-2601-1616,Thika Road Hardware & Agrovet Ltd,Thika Town,Counter,Retail,CUS-1195,,Plumbing,Gate Valve 1in,1,571.54,0.01,571.54,565.82,314.46,314.46,251.36,,0.0,565.82,0.0,565.82,0.0,0.0,-1,-314.46,,TK,0.0
TXN-01075,2026-01-06,SALE,INV-2601-1618,Thika Road Hardware & Agrovet Ltd,Juja,Online Order,Farmer,CUS-1214,,Building Materials,Hollow Block 6in,23,87.5,0.0,2012.5,2012.5,54.57,1255.11,757.39,,0.0,2012.5,0.0,2012.5,0.0,0.0,-23,-1255.11,,TK,0.0
TXN-01076,2026-01-06,EXPENSE,EXP-2601-2603,Thika Road Hardware & Agrovet Ltd,Thika Town,Back Office,,,,,,0,0.0,0.0,0.0,0.0,0.0,0.0,0.0,Marketing,5341.39,0.0,5341.39,0.0,0.0,0.0,0,0.0,M-PESA,RA,0.0
TXN-01077,2026-01-06,CUSTOMER_PAYMENT,RCPT-2601-2758,Thika Road Hardware & Agrovet Ltd,Juja,Collections,,CUS-1155,,,,0,0.0,0.0,0.0,0.0,0.0,0.0,0.0,Customer Collection,0.0,1832.8,0.0,1832.8,1832.8,0.0,0,0.0,M-PESA,SK,0.0
TXN-01078,2026-01-07,SALE,INV-2601-1620,Thika Road Hardware & Agrovet Ltd,Juja,Phone Order,Reseller,CUS-1005,,Building Materials,River Sand (ton),13,1869.13,0.05,24298.69,23083.76,1234.79,16052.27,7031.49,,0.0,23083.76,0.0,23083.76,0.0,0.0,-13,-16052.27,,JB,0.0
TXN-01079,2026-01-07,SALE,INV-2601-1622,Thika Road Hardware & Agrovet Ltd,Juja,Online Order,Retail,CUS-1114,,Building Materials,River Sand (ton),6,1880.14,0.0,11280.84,11280.84,1212.73,7276.38,4004.46,,0.0,11280.84,0.0,11280.84,0.0,0.0,-6,-7276.38,,RA,0.0
TXN-01080,2026-01-08,EXPENSE,EXP-2601-2604,Thika Road Hardware & Agrovet Ltd,Juja,Back Office,,,,,,0,0.0,0.0,0.0,0.0,0.0,0.0,0.0,Utilities,3776.09,0.0,3776.09,0.0,0.0,0.0,0,0.0,Bank Transfer,TK,0.0
TXN-01081,2026-01-09,SALE,INV-2601-1624,Thika Road Hardware & Agrovet Ltd,Thika Town,Online Order,Wholesale,CUS-1046,,Building Materials,Cement 50kg,7,946.2,0.0,6623.4,6623.4,647.23,4530.61,2092.79,,0.0,3770.48,0.0,3770.48,2852.92,0.0,-7,-4530.61,,MN,0.0
TXN-01082,2026-01-10,SALE,INV-2601-1626,Thika Road Hardware & Agrovet Ltd,Juja,Online Order,Retail,CUS-1043,,Electrical,Circuit Breaker 20A,1,703.13,0.0,703.13,703.13,431.8,431.8,271.33,,0.0,703.13,0.0,703.13,0.0,0.0,-1,-431.8,,PW,0.0
TXN-01083,2026-01-10,SALE,INV-2601-1628,Thika Road Hardware & Agrovet Ltd,Juja,Phone Order,Retail,CUS-1112,,Paints,Emulsion Paint 4L,4,2308.18,0.03,9232.72,8955.74,1387.49,5549.96,3405.78,,0.0,8955.74,0.0,8955.74,0.0,0.0,-4,-5549.96,,JB,0.0
TXN-01084,2026-01-10,SALE,INV-2601-1630,Thika Road Hardware & Agrovet Ltd,Thika Town,M-Pesa Till,Retail,CUS-1084,,Building Materials,River Sand (ton),2,1941.25,0.0,3882.5,3882.5,1211.04,2422.08,1460.42,,0.0,3882.5,0.0,3882.5,0.0,0.0,-2,-2422.08,,SK,0.0
TXN-01085,2026-01-10,STOCK_ADJUSTMENT,ADJ-2601-2610,Thika Road Hardware & Agrovet Ltd,Thika Town,Stock Count,,,,Electrical,LED Bulb 12W,-5,0.0,0.0,0.0,0.0,0.0,0.0,0.0,Stock Adjustment,0.0,0.0,0.0,0.0,0.0,0.0,-5,-750.0,Manual count variance,PW,0.0
TXN-01086,2026-01-11,SALE,INV-2601-1632,Thika Road Hardware & Agrovet Ltd,Juja,Online Order,Contractor,CUS-1060,,Building Materials,Cement 50kg,2,938.3,0.0,1876.6,1876.6,653.13,1306.26,570.34,,0.0,1876.6,0.0,1876.6,0.0,0.0,-2,-1306.26,,SK,0.0
TXN-01087,2026-01-11,SALE,INV-2601-1634,Thika Road Hardware & Agrovet Ltd,Thika Town,Delivery,Retail,CUS-1146,,Electrical,Socket Outlet,1,334.75,0.0,334.75,334.75,181.17,181.17,153.58,,0.0,334.75,0.0,334.75,0.0,0.0,-1,-181.17,,SK,0.0
TXN-01088,2026-01-11,SALE,INV-2601-1636,Thika Road Hardware & Agrovet Ltd,Thika Town,Online Order,Reseller,CUS-1218,,Building Materials,River Sand (ton),11,1765.03,0.03,19415.33,18832.87,1224.54,13469.94,5362.93,,0.0,18832.87,0.0,18832.87,0.0,0.0,-11,-13469.94,,SK,0.0
TXN-01089,2026-01-11,SALE,INV-2601-1638,Thika Road Hardware & Agrovet Ltd,Thika Town,Counter,Retail,CUS-1139,,Building Materials,Iron Sheet 3m Gauge30,23,1224.71,0.0,28168.33,28168.33,774.99,17824.77,10343.56,,0.0,28168.33,0.0,28168.33,0.0,0.0,-23,-17824.77,,JB,0.0
TXN-01090,2026-01-12,SALE,INV-2601-1640,Thika Road Hardware & Agrovet Ltd,Thika Town,Phone Order,Retail,CUS-1126,,Plumbing,PVC Tee 20mm,6,97.45,0.01,584.7,578.85,45.62,273.72,305.13,,0.0,578.85,0.0,578.85,0.0,0.0,-6,-273.72,,TK,0.0
TXN-01091,2026-01-13,SALE,INV-2601-1642,Thika Road Hardware & Agrovet Ltd,Juja,M-Pesa Till,Retail,CUS-1051,,Paints,Emulsion Paint 4L,1,2222.69,0.0,2222.69,2222.69,1389.93,1389.93,832.76,,0.0,2222.69,0.0,2222.69,0.0,0.0,-1,-1389.93,,JB,0.0
TXN-01092,2026-01-13,SALE,INV-2601-1644,Thika Road Hardware & Agrovet Ltd,Juja,M-Pesa Till,Wholesale,CUS-1009,,Building Materials,Cement 50kg,9,1012.1,0.0,9108.9,9108.9,638.0,5742.0,3366.9,,0.0,6184.58,0.0,6184.58,2924.32,0.0,-9,-5742.0,,RA,0.0
TXN-01093,2026-01-13,SALE,INV-2601-1646,Thika Road Hardware & Agrovet Ltd,Juja,Phone Order,Reseller,CUS-1177,,Plumbing,Gate Valve 1in,7,604.08,0.0,4228.56,4228.56,324.64,2272.48,1956.08,,0.0,4228.56,0.0,4228.56,0.0,0.0,-7,-2272.48,,MN,0.0
TXN-01094,2026-01-13,EXPENSE,EXP-2601-2606,Thika Road Hardware & Agrovet Ltd,Juja,Back Office,,,,,,0,0.0,0.0,0.0,0.0,0.0,0.0,0.0,Utilities,4857.09,0.0,4857.09,0.0,0.0,0.0,0,0.0,Bank Transfer,PW,0.0
TXN-01095,2026-01-13,CUSTOMER_PAYMENT,RCPT-2601-2756,Thika Road Hardware & Agrovet Ltd,Juja,Collections,Wholesale,CUS-1046,,,,0,0.0,0.0,0.0,0.0,0.0,0.0,0.0,Customer Collection,0.0,16063.55,0.0,16063.55,16063.55,0.0,0,0.0,M-PESA,PW,0.0
TXN-01096,2026-01-14,SALE,INV-2601-1648,Thika Road Hardware & Agrovet Ltd,Juja,Phone Order,Wholesale,CUS-1001,,Paints,Paint Brush 4in,6,221.83,0.02,1330.98,1304.36,94.48,566.88,737.48,,0.0,1304.36,0.0,1304.36,0.0,0.0,-6,-566.88,,RA,0.0
TXN-01097,2026-01-14,SALE,INV-2601-1650,Thika Road Hardware & Agrovet Ltd,Juja,M-Pesa Till,Retail,CUS-1067,,Agro Inputs,CAN Fertilizer 50kg,4,4462.92,0.0,17851.68,17851.68,3058.22,12232.88,5618.8,,0.0,17851.68,0.0,17851.68,0.0,0.0,-4,-12232.88,,PW,0.0
TXN-01098,2026-01-14,SALE,INV-2601-1652,Thika Road Hardware & Agrovet Ltd,Thika Town,Delivery,Contractor,CUS-1029,,Electrical,Socket Outlet,5,335.44,0.0,1677.2,1677.2,177.81,889.05,788.15,,0.0,1677.2,0.0,1677.2,0.0,0.0,-5,-889.05,,MN,0.0
TXN-01099,14-01-2026,SALE,INV-2601-1654,Thika Road Hardware & Agrovet Ltd,Thika Town,Delivery,Retail,CUS-1187,,Building Materials,Iron Sheet 3m Gauge30,20,1219.74,0.0,24394.8,24394.8,794.19,15883.8,8511.0,,0.0,24394.8,0.0,24394.8,0.0,0.0,-20,-15883.8,,MN,0.0
TXN-01100,2026-01-14,SALE,INV-2601-1656,Thika Road Hardware & Agrovet Ltd,Thika Town,Delivery,Reseller,CUS-1161,,Plumbing,Gate Valve 1in,1,611.66,0.0,611.66,611.66,326.54,326.54,285.12,,0.0,611.66,0.0,611.66,0.0,0.0,-1,-326.54,,SK,0.0
TXN-01101,2026-01-15,SALE,INV-2601-1658,Thika Road Hardware & Agrovet Ltd,Thika Town,M-Pesa Till,Farmer,CUS-1042,,Hardware Tools,Measuring Tape 5m,4,389.77,0.0,1559.08,1559.08,210.52,842.08,717.0,,0.0,1559.08,0.0,1559.08,0.0,0.0,-4,-842.08,,SK,0.0
TXN-01102,2026-01-15,CUSTOMER_PAYMENT,RCPT-2601-2757,Thika Road Hardware & Agrovet Ltd,Juja,Collections,Contractor,CUS-1057,,,,0,0.0,0.0,0.0,0.0,0.0,0.0,0.0,Customer Collection,0.0,5515.84,0.0,5515.84,5515.84,0.0,0,0.0,M-PESA,SK,0.0
TXN-01103,2026-01-16,SALE,INV-2601-1660,Thika Road Hardware & Agrovet Ltd,Thika Town,M-Pesa Till,Contractor,CUS-1091,,Hardware Tools,Measuring Tape 5m,1,418.58,0.0,418.58,418.58,211.41,211.41,207.17,,0.0,189.15,0.0,189.15,229.43,0.0,-1,-211.41,,PW,0.0
TXN-01104,2026-01-16,SALE,INV-2601-1662,Thika Road Hardware & Agrovet Ltd,Juja,Phone Order,Contractor,CUS-1078,,Electrical,Electrical Cable 2.5mm (roll),7,4711.89,0.0,32983.23,32983.23,3291.69,23041.83,9941.4,,0.0,32983.23,0.0,32983.23,0.0,0.0,-7,-23041.83,,SK,0.0
TXN-01105,2026-01-17,SALE,INV-2601-1664,Thika Road Hardware & Agrovet Ltd,Juja,Phone Order,,CUS-1151,,Paints,Emulsion Paint 4L,4,2327.96,0.0,9311.84,9311.84,1400.2,5600.8,3711.04,,0.0,9311.84,0.0,9311.84,0.0,0.0,-4,-5600.8,,TK,0.0
TXN-01106,2026-01-17,SALE,INV-2601-1666,Thika Road Hardware & Agrovet Ltd,Thika Town,Delivery,Wholesale,CUS-1144,,Building Materials,River Sand (ton),14,1862.77,0.0,26078.78,26078.78,1209.23,16929.22,9149.56,,0.0,26078.78,0.0,26078.78,0.0,0.0,-14,-16929.22,,MN,0.0
TXN-01107,2026-01-17,EXPENSE,EXP-2601-2602,Thika Road Hardware & Agrovet Ltd,Juja,Back Office,,,,,,0,0.0,0.0,0.0,0.0,0.0,0.0,0.0,Licenses,1586.33,0.0,1586.33,0.0,0.0,0.0,0,0.0,Bank Transfer,MN,0.0
TXN-01108,2026-01-18,SALE,INV-2601-1668,Thika Road Hardware & Agrovet Ltd,Thika Town,Phone Order,Retail,CUS-1194,,Building Materials,Iron Sheet 3m Gauge30,10,1216.82,0.0,12168.2,12168.2,779.0,7790.0,4378.2,,0.0,12168.2,0.0,12168.2,0.0,0.0,-10,-7790.0,,JB,0.0
TXN-01109,2026-01-18,SALE,INV-2601-1670,Thika Road Hardware & Agrovet Ltd,Juja,Counter,Retail,CUS-1133,,Hardware Tools,Claw Hammer,8,697.8,0.0,5582.4,5582.4,373.17,2985.36,2597.04,,0.0,5582.4,0.0,5582.4,0.0,0.0,-8,-2985.36,,SK,0.0
TXN-01110,2026-01-18,SALE,INV-2601-1672,Thika Road Hardware & Agrovet Ltd,Juja,Counter,Reseller,CUS-1173,,Plumbing,Gate Valve 1in,8,586.58,0.0,4692.64,4692.64,326.64,2613.12,2079.52,,0.0,4692.64,0.0,4692.64,0.0,0.0,-8,-2613.12,,JB,0.0
TXN-01111,2026-01-19,SALE,INV-2601-1674,Thika Road Hardware & Agrovet Ltd,Juja,Counter,Contractor,CUS-1060,,Electrical,Electrical Cable 2.5mm (roll),8,4834.25,0.0,38674.0,38674.0,3167.7,25341.6,13332.4,,0.0,38674.0,0.0,38674.0,0.0,0.0,-8,-25341.6,,TK,0.0
TXN-01112,2026-01-19,SALE,INV-2601-1676,Thika Road Hardware & Agrovet Ltd,Juja,Phone Order,Reseller,CUS-1005,,Building Materials,Hollow Block 6in,18,91.26,0.0,1642.68,1642.68,56.62,1019.16,623.52,,0.0,1642.68,0.0,1642.68,0.0,0.0,-18,-1019.16,,PW,0.0
TXN-01113,2026-01-19,SUPPLIER_PAYMENT,SP-2601-2609,Thika Road Hardware & Agrovet Ltd,Juja,Supplier,,,Bamburi Cement Depot,,,0,0.0,0.0,0.0,0.0,0.0,0.0,0.0,Supplier Payment,0.0,0.0,22669.14,0.0,0.0,-22669.14,0,0.0,Bank Transfer,RA,0.0
TXN-01114,2026-01-19,CUSTOMER_PAYMENT,RCPT-2601-2760,Thika Road Hardware & Agrovet Ltd,Juja,Collections,Wholesale,CUS-1009,,,,0,0.0,0.0,0.0,0.0,0.0,0.0,0.0,Customer Collection,0.0,2065.71,0.0,2065.71,2065.71,0.0,0,0.0,M-PESA,TK,0.0
TXN-01115,2026-01-20,SALE,INV-2601-1678,Thika Road Hardware & Agrovet Ltd,Juja,Delivery,Farmer,CUS-1082,,Building Materials,Cement 50kg,16,1007.57,0.01,16121.12,15959.91,638.87,10221.92,5737.99,,0.0,15959.91,0.0,15959.91,0.0,0.0,-16,-10221.92,,RA,0.0
TXN-01116,2026-01-20,SALE,INV-2601-1680,Thika Road Hardware & Agrovet Ltd,Juja,,Wholesale,CUS-1125,,Agro Inputs,CAN Fertilizer 50kg,8,4370.51,0.0,34964.08,34964.08,3165.11,25320.88,9643.2,,0.0,34964.08,0.0,34964.08,0.0,0.0,-8,-25320.88,,PW,0.0
TXN-01117,2026-01-20,SUPPLIER_PAYMENT,SP-2601-2607,Thika Road Hardware & Agrovet Ltd,Thika Town,Supplier,,,Thika Building Suppliers Ltd,,,0,0.0,0.0,0.0,0.0,0.0,0.0,0.0,Supplier Payment,0.0,0.0,46702.76,0.0,0.0,-46702.76,0,0.0,Bank Transfer,MN,0.0
TXN-01118,2026-01-21,SALE,INV-2601-1682,Thika Road Hardware & Agrovet Ltd,Thika Town,Online Order,Reseller,CUS-1173,,Building Materials,Iron Sheet 3m Gauge30,21,1201.05,0.0,25222.05,25222.05,784.44,16473.24,8748.81,,0.0,25222.05,0.0,25222.05,0.0,0.0,-21,-16473.24,,SK,0.0
TXN-01119,2026-01-22,SALE,INV-2601-1684,Thika Road Hardware & Agrovet Ltd,Thika Town,Online Order,Wholesale,CUS-1010,,Plumbing,Gate Valve 1in,5,571.09,0.02,2855.45,2798.34,324.99,1624.95,1173.39,,0.0,1796.52,0.0,1796.52,1001.82,0.0,-5,-1624.95,,JB,0.0
TXN-01120,2026-01-22,SALE,INV-2601-1686,Thika Road Hardware & Agrovet Ltd,Juja,Phone Order,Wholesale,CUS-1123,,Building Materials,Hollow Block 6in,19,88.09,0.0,1673.71,1673.71,55.63,1056.97,616.74,,0.0,1673.71,0.0,1673.71,0.0,0.0,-19,-1056.97,,MN,0.0
TXN-01121,2026-01-22,SALE,INV-2601-1688,Thika Road Hardware & Agrovet Ltd,Thika Town,Phone Order,Retail,CUS-1004,,Agro Inputs,Pesticide 1L,3,1030.38,0.0,3091.14,3091.14,631.06,1893.18,1197.96,,0.0,3091.14,0.0,3091.14,0.0,0.0,-3,-1893.18,,SK,0.0
TXN-01122,2026-01-22,SUPPLIER_PAYMENT,SP-2601-2608,Thika Road Hardware & Agrovet Ltd,Thika Town,Supplier,,,AgroChem Kenya Distributors,,,0,0.0,0.0,0.0,0.0,0.0,0.0,0.0,Supplier Payment,0.0,0.0,57777.55,0.0,0.0,-57777.55,0,0.0,M-PESA,MN,0.0
TXN-01123,2026-01-23,SALE,INV-2601-1690,Thika Road Hardware & Agrovet Ltd,Juja,Counter,Retail,CUS-1162,,Plumbing,Gate Valve 1in,4,591.0,0.0,2364.0,2364.0,316.13,1264.52,1099.48,,0.0,2364.0,0.0,2364.0,0.0,0.0,-4,-1264.52,,PW,0.0
TXN-01124,2026-01-23,SALE,INV-2601-1692,Thika Road Hardware & Agrovet Ltd,Thika Town,Phone Order,Retail,CUS-1175,,Agro Inputs,Pesticide 1L,3,1013.63,0.0,3040.89,3040.89,613.4,1840.2,1200.69,,0.0,3040.89,0.0,3040.89,0.0,0.0,-3,-1840.2,,MN,0.0
TXN-01125,2026-01-25,SALE,INV-2601-1694,Thika Road Hardware & Agrovet Ltd,Thika Town,Counter,Reseller,CUS-1031,,Agro Inputs,CAN Fertilizer 50kg,7,4575.46,0.05,32028.22,30426.81,3144.49,22011.43,8415.38,,0.0,30426.81,0.0,30426.81,0.0,0.0,-7,-22011.43,,TK,0.0
TXN-01126,2026-01-25,PURCHASE,GRN-2601-1695,Thika Road Hardware & Agrovet Ltd,Thika Town,Supplier,,,ElectroParts Kenya,Electrical,Circuit Breaker 20A,116,429.57,0.0,0.0,0.0,429.57,49830.12,0.0,Purchase,0.0,0.0,0.0,0.0,0.0,49830.12,116,49830.12,,SK,0.0
TXN-01127,2026-01-25,SALE,INV-2601-1696,Thika Road Hardware & Agrovet Ltd,Juja,Counter,Farmer,CUS-1116,,Electrical,Circuit Breaker 20A,2,738.05,0.0,1476.1,1476.1,428.13,856.26,619.84,,0.0,1476.1,0.0,1476.1,0.0,0.0,-2,-856.26,,MN,0.0
TXN-01128,2026-01-26,SALE,INV-2601-1698,Thika Road Hardware & Agrovet Ltd,Thika Town,Online Order,Wholesale,CUS-1061,,Paints,Emulsion Paint 4L,5,2341.83,0.0,11709.15,11709.15,1393.8,6969.0,4740.15,,0.0,7431.61,0.0,7431.61,4277.54,0.0,-5,-6969.0,,PW,0.0
TXN-01129,2026-01-27,SALE,INV-2601-1700,Thika Road Hardware & Agrovet Ltd,Juja,Phone Order,Wholesale,CUS-1010,,Paints,Emulsion Paint 4L,2,2230.77,0.0,4461.54,4461.54,1437.12,2874.24,1587.3,,0.0,4461.54,0.0,4461.54,0.0,0.0,-2,-2874.24,,PW,0.0
TXN-01130,2026-01-27,SALE,INV-2601-1702,Thika Road Hardware & Agrovet Ltd,Thika Town,Delivery,Contractor,CUS-1060,,Paints,Wood Varnish 1L,2,664.39,0.0,1328.78,1328.78,389.23,778.46,550.32,,0.0,1328.78,0.0,1328.78,0.0,0.0,-2,-778.46,,TK,0.0
TXN-01131,2026-01-27,SALE,INV-2601-1704,Thika Road Hardware & Agrovet Ltd,Thika Town,Phone Order,Wholesale,CUS-1141,,Agro Inputs,CAN Fertilizer 50kg,0,4484.62,0.0,8969.24,8969.24,3177.8,6355.6,2613.64,,0.0,8969.24,0.0,8969.24,0.0,0.0,-2,-6355.6,,TK,0.0
TXN-01132,2026-01-27,PURCHASE,GRN-2601-1705,Thika Road Hardware & Agrovet Ltd,Thika Town,Supplier,,,Nairobi Paints Wholesale,Building Materials,Iron Sheet 3m Gauge30,106,790.1,0.0,0.0,0.0,790.1,83750.6,0.0,Purchase,0.0,0.0,83750.6,0.0,0.0,0.0,106,83750.6,,TK,0.0
TXN-01133,2026-01-27,SALE,INV-2601-1706,Thika Road Hardware & Agrovet Ltd,Juja,Online Order,Retail,CUS-1058,,Building Materials,Iron Sheet 3m Gauge30,9,1129.55,0.0,10165.95,10165.95,770.55,6934.95,3231.0,,0.0,10165.95,0.0,10165.95,0.0,0.0,-9,-6934.95,,RA,0.0
TXN-01134,2026-01-27,CUSTOMER_PAYMENT,RCPT-2601-2761,Thika Road Hardware & Agrovet Ltd,Thika Town,Collections,Wholesale,CUS-1010,,,,0,0.0,0.0,0.0,0.0,0.0,0.0,0.0,Customer Collection,0.0,849.37,0.0,849.37,849.37,0.0,0,0.0,M-pesa,JB,0.0
TXN-01135,2026-01-28,SALE,INV-2601-1708,Thika Road Hardware & Agrovet Ltd,Thika Town,Delivery,Retail,CUS-1084,,Plumbing,Gate Valve 1in,8,590.24,0.0,4721.92,4721.92,318.02,2544.16,2177.76,,0.0,4721.92,0.0,4721.92,0.0,0.0,-8,-2544.16,,TK,0.0
TXN-01136,2026-01-28,SALE,INV-2601-1710,Thika Road Hardware & Agrovet Ltd,Juja,Counter,Farmer,CUS-1197,,Agro Inputs,CAN Fertilizer 50kg,6,4677.4,0.0,28064.4,28064.4,3052.18,18313.08,9751.32,,0.0,28064.4,0.0,28064.4,0.0,0.0,-6,-18313.08,,JB,0.0
TXN-01137,28-01-2026,SALE,INV-2601-1712,Thika Road Hardware & Agrovet Ltd,Thika Town,Online Order,Retail,CUS-1203,,Agro Inputs,Pesticide 1L,8,1038.4,0.01,8307.2,8224.13,624.22,4993.76,3230.37,,0.0,8224.13,0.0,8224.13,0.0,0.0,-8,-4993.76,,MN,0.0
TXN-01138,2026-01-28,SALE,INV-2601-1714,Thika Road Hardware & Agrovet Ltd,Juja,Phone Order,Retail,CUS-1017,,Building Materials,Hollow Block 6in,2,98.89,0.0,197.78,197.78,54.86,109.72,88.06,,0.0,197.78,0.0,197.78,0.0,0.0,-2,-109.72,,TK,0.0
TXN-01139,2026-01-29,SALE,INV-2601-1716,Thika Road Hardware & Agrovet Ltd,Juja,Counter,Farmer,CUS-1013,,Hardware Tools,Wheelbarrow,2,6379.88,0.01,12759.76,12632.16,4231.38,8462.76,4169.4,,0.0,12632.16,0.0,12632.16,0.0,0.0,-2,-8462.76,,SK,0.0
TXN-01140,2026-01-30,SALE,INV-2601-1718,Thika Road Hardware & Agrovet Ltd,Juja,Online Order,Contractor,CUS-1057,,Building Materials,Cement 50kg,22,932.24,0.0,20509.28,20509.28,650.83,14318.26,6191.02,,0.0,20509.28,0.0,20509.28,0.0,0.0,-22,-14318.26,,SK,0.0
TXN-01141,2026-01-30,SALE,INV-2601-1720,Thika Road Hardware & Agrovet Ltd,Thika Town,M-Pesa Till,Wholesale,CUS-1219,,Paints,Emulsion Paint 4L,5,2453.25,0.0,12266.25,12266.25,1389.83,6949.15,5317.1,,0.0,5614.04,0.0,5614.04,6652.21,0.0,-5,-6949.15,,RA,0.0
TXN-01142,2026-01-31,SALE,INV-2601-1722,Thika Road Hardware & Agrovet Ltd,Thika Town,Delivery,Retail,CUS-1126,,Hardware Tools,Claw Hammer,6,714.71,0.0,4288.26,4288.26,386.93,2321.58,1966.68,,0.0,4288.26,0.0,4288.26,0.0,0.0,-6,-2321.58,,RA,0.0
TXN-01143,2026-01-31,SALE,INV-2601-1724,Thika Road Hardware & Agrovet Ltd,Thika Town,Counter,Wholesale,CUS-1144,,Plumbing,PVC Pipe 20mm 3m,5,399.74,0.0,1998.7,1998.7,215.02,1075.1,923.6,,0.0,1998.7,0.0,1998.7,0.0,0.0,-5,-1075.1,,PW,0.0
TXN-01144,2026-02-01,SALE,INV-2602-1726,Thika Road Hardware & Agrovet Ltd,Juja,Counter,Contractor,CUS-1062,,Building Materials,Cement 50kg,4,993.63,0.0,3974.52,3974.52,633.18,2532.72,1441.8,,0.0,3974.52,0.0,3974.52,0.0,0.0,-4,-2532.72,,MN,0.0
TXN-01145,2026-02-01,SALE,INV-2602-1728,Thika Road Hardware & Agrovet Ltd,Juja,Counter,Retail,CUS-1183,,Hardware Tools,Spade,8,951.9,0.0,7615.2,7615.2,513.09,4104.72,3510.48,,0.0,7615.2,0.0,7615.2,0.0,0.0,-8,-4104.72,,SK,0.0
TXN-01146,2026-02-01,EXPENSE,EXP-2602-2614,Thika Road Hardware & Agrovet Ltd,Thika Town,Back Office,,,,,,0,0.0,0.0,0.0,0.0,0.0,0.0,0.0,Marketing,4533.23,0.0,4533.23,0.0,0.0,0.0,0,0.0,M-PESA,RA,0.0
TXN-01147,2026-02-02,PURCHASE,GRN-2602-1729,Thika Road Hardware & Agrovet Ltd,Juja,Supplier,,,AgroChem Kenya Distributors,Building Materials,River Sand (ton),114,1185.48,0.0,0.0,0.0,1185.48,135144.72,0.0,Purchase,0.0,0.0,0.0,0.0,0.0,135144.72,114,135144.72,,RA,0.0
TXN-01148,2026-02-02,SALE,INV-2602-1730,Thika Road Hardware & Agrovet Ltd,Juja,Delivery,Farmer,CUS-1180,,Building Materials,River Sand (ton),12,1907.3,0.0,22887.6,22887.6,1178.9,14146.8,8740.8,,0.0,22887.6,0.0,22887.6,0.0,0.0,-12,-14146.8,,RA,0.0
TXN-01149,2026-02-02,SALE,INV-2602-1732,Thika Road Hardware & Agrovet Ltd,Thika Town,M-Pesa Till,Reseller,CUS-1103,,Paints,Paint Brush 4in,5,209.31,0.0,1046.55,1046.55,94.59,472.95,573.6,,0.0,1046.55,0.0,1046.55,0.0,0.0,-5,-472.95,,PW,0.0
TXN-01150,2026-02-02,SALE,INV-2602-1734,Thika Road Hardware & Agrovet Ltd,Juja,M-Pesa Till,Wholesale,CUS-1118,,Hardware Tools,Spade,3,961.87,0.01,2885.61,2856.75,512.55,1537.65,1319.1,,0.0,2856.75,0.0,2856.75,0.0,0.0,-3,-1537.65,,MN,0.0
TXN-01151,2026-02-03,PURCHASE,GRN-2602-1735,Thika Road Hardware & Agrovet Ltd,Thika Town,Supplier,,,Nairobi Paints Wholesale,Building Materials,Hollow Block 6in,183,57.54,0.0,0.0,0.0,57.54,10529.82,0.0,Purchase,0.0,0.0,10529.82,0.0,0.0,0.0,183,10529.82,,PW,0.0
TXN-01152,2026-02-03,SALE,INV-2602-1736,Thika Road Hardware & Agrovet Ltd,Thika Town,Phone Order,Contractor,CUS-1039,,Building Materials,Hollow Block 6in,15,96.79,0.0,1451.85,1451.85,54.39,815.85,636.0,,0.0,1451.85,0.0,1451.85,0.0,0.0,-15,-815.85,,RA,0.0
TXN-01153,2026-02-03,SALE,INV-2602-1738,Thika Road Hardware & Agrovet Ltd,Thika Town,Online Order,Retail,CUS-1114,,Paints,Emulsion Paint 4L,4,2365.41,0.0,9461.64,9461.64,1401.72,5606.88,3854.76,,0.0,9461.64,0.0,9461.64,0.0,0.0,-4,-5606.88,,TK,0.0
TXN-01154,2026-02-03,EXPENSE,EXP-2602-2612,Thika Road Hardware & Agrovet Ltd,Thika Town,Back Office,,,,,,0,0.0,0.0,0.0,0.0,0.0,0.0,0.0,Staff Salaries,46806.91,0.0,46806.91,0.0,0.0,0.0,0,0.0,M-PESA,JB,0.0
TXN-01155,2026-02-03,CUSTOMER_PAYMENT,RCPT-2602-2755,Thika Road Hardware & Agrovet Ltd,Juja,Collections,Wholesale,CUS-1093,,,,0,0.0,0.0,0.0,0.0,0.0,0.0,0.0,Customer Collection,0.0,3742.79,0.0,3742.79,3742.79,0.0,0,0.0,M-PESA,SK,0.0
TXN-01156,2026-02-03,CUSTOMER_PAYMENT,RCPT-2602-2759,Thika Road Hardware & Agrovet Ltd,Thika Town,Collections,Wholesale,CUS-1046,,,,0,0.0,0.0,0.0,0.0,0.0,0.0,0.0,Customer Collection,0.0,2819.01,0.0,2819.01,2819.01,0.0,0,0.0,M-PESA,MN,0.0
TXN-01157,2026-02-04,SALE,INV-2602-1740,Thika Road Hardware & Agrovet Ltd,Thika Town,Counter,Contractor,CUS-1121,,Agro Inputs,Maize Seed 2kg Pack,1,805.31,0.0,805.31,805.31,489.37,489.37,315.94,,0.0,168.93,0.0,168.93,636.38,0.0,-1,-489.37,,PW,0.0
TXN-01158,2026-02-05,SALE,INV-2602-1742,Thika Road Hardware & Agrovet Ltd,Juja,Phone Order,Wholesale,CUS-1219,,Hardware Tools,Claw Hammer,4,730.38,0.0,2921.52,2921.52,389.48,1557.92,1363.6,,0.0,2921.52,0.0,2921.52,0.0,0.0,-4,-1557.92,,RA,0.0
TXN-01159,2026-02-05,SALE,INV-2602-1744,Thika Road Hardware & Agrovet Ltd,Thika Town,M-Pesa Till,Reseller,CUS-1005,,Electrical,Electrical Cable 2.5mm (roll),4,5031.33,0.0,20125.32,20125.32,3166.12,12664.48,7460.84,,0.0,20125.32,0.0,20125.32,0.0,0.0,-4,-12664.48,,JB,0.0
TXN-01160,2026-02-05,SALE,INV-2602-1746,Thika Road Hardware & Agrovet Ltd,Thika Town,Delivery,Retail,CUS-1212,,Electrical,Electrical Cable 2.5mm (roll),3,5254.73,0.0,15764.19,15764.19,3229.38,9688.14,6076.05,,0.0,15764.19,0.0,15764.19,0.0,0.0,-3,-9688.14,,RA,0.0
TXN-01161,2026-02-06,SALE,INV-2602-1748,Thika Road Hardware & Agrovet Ltd,Juja,Phone Order,Contractor,CUS-1153,,Building Materials,Hollow Block 6in,17,96.01,0.0,1632.17,1632.17,56.29,956.93,675.24,,0.0,1632.17,0.0,1632.17,0.0,0.0,-17,-956.93,,TK,0.0
TXN-01162,2026-02-07,SALE,INV-2602-1750,Thika Road Hardware & Agrovet Ltd,Juja,Delivery,Contractor,CUS-1077,,Building Materials,Cement 50kg,13,989.27,0.0,12860.51,12860.51,633.26,8232.38,4628.13,,0.0,7591.0,0.0,7591.0,5269.51,0.0,-13,-8232.38,,RA,0.0
TXN-01163,2026-02-07,SALE,INV-2602-1752,Thika Road Hardware & Agrovet Ltd,Thika Town,Phone Order,Farmer,CUS-1024,,Building Materials,River Sand (ton),17,1758.27,0.0,29890.59,29890.59,1178.73,20038.41,9852.18,,0.0,29890.59,0.0,29890.59,0.0,0.0,-17,-20038.41,,RA,0.0
TXN-01164,2026-02-07,SALE,INV-2602-1754,Thika Road Hardware & Agrovet Ltd,Juja,Phone Order,Farmer,CUS-1180,,Plumbing,Water Tank 1000L,3,11978.71,0.0,35936.13,35936.13,8424.08,25272.24,10663.89,,0.0,35936.13,0.0,35936.13,0.0,0.0,-3,-25272.24,,MN,0.0
TXN-01165,2026-02-07,EXPENSE,EXP-2602-2616,Thika Road Hardware & Agrovet Ltd,Juja,Back Office,,,,,,0,0.0,0.0,0.0,0.0,0.0,0.0,0.0,Repairs,3765.2,0.0,3765.2,0.0,0.0,0.0,0,0.0,Bank Transfer,PW,0.0
TXN-01166,2026-02-07,SUPPLIER_PAYMENT,SP-2602-2619,Thika Road Hardware & Agrovet Ltd,Juja,Supplier,,,Thika Building Suppliers Ltd,,,0,0.0,0.0,0.0,0.0,0.0,0.0,0.0,Supplier Payment,0.0,0.0,10681.94,0.0,0.0,-10681.94,0,0.0,Bank Transfer,JB,0.0
TXN-01167,2026-02-08,SALE,INV-2602-1756,Thika Road Hardware & Agrovet Ltd,Thika Town,Online Order,Contractor,CUS-1121,,Hardware Tools,Spade,4,910.92,0.0,3643.68,3643.68,511.02,2044.08,1599.6,,0.0,741.8,0.0,741.8,2901.88,0.0,-4,-2044.08,,TK,0.0
TXN-01168,2026-02-08,SALE,INV-2602-1758,Thika Road Hardware & Agrovet Ltd,Thika Town,Online Order,Contractor,CUS-1048,,Paints,Paint Brush 4in,6,214.51,0.02,1287.06,1261.32,94.52,567.12,694.2,,0.0,791.0,0.0,791.0,470.32,0.0,-6,-567.12,,JB,0.0
TXN-01169,2026-02-08,SALE,INV-2602-1760,Thika Road Hardware & Agrovet Ltd,Thika Town,Online Order,Wholesale,CUS-1026,,Paints,Wood Varnish 1L,1,665.56,0.0,665.56,665.56,389.19,389.19,276.37,,0.0,344.05,0.0,344.05,321.51,0.0,-1,-389.19,,SK,0.0
TXN-01170,08/02/2026,SALE,INV-2602-1762,Thika Road Hardware & Agrovet Ltd,Juja,Online Order,Retail,CUS-1208,,Electrical,Circuit Breaker 20A,2,702.22,0.0,1404.44,1404.44,411.78,823.56,580.88,,0.0,1404.44,0.0,1404.44,0.0,0.0,-2,-823.56,,TK,0.0
TXN-01171,2026-02-08,SALE,INV-2602-1764,Thika Road Hardware & Agrovet Ltd,Thika Town,M-Pesa Till,Contractor,CUS-1003,,Building Materials,Iron Sheet 3m Gauge30,18,1165.52,0.0,20979.36,20979.36,797.43,14353.74,6625.62,,0.0,12489.53,0.0,12489.53,8489.83,0.0,-18,-14353.74,,JB,0.0
TXN-01172,2026-02-09,SALE,INV-2602-1766,Thika Road Hardware & Agrovet Ltd,Juja,Online Order,Wholesale,CUS-1219,,Building Materials,River Sand (ton),15,1884.49,0.0,28267.35,28267.35,1198.27,17974.05,10293.3,,0.0,28267.35,0.0,28267.35,0.0,0.0,-15,-17974.05,,PW,0.0
TXN-01173,2026-02-09,SALE,INV-2602-1768,Thika Road Hardware & Agrovet Ltd,Thika Town,M-Pesa Till,Retail,CUS-1195,,Plumbing,Water Tank 1000L,8,12252.55,0.0,98020.4,98020.4,8201.82,65614.56,32405.84,,0.0,98020.4,0.0,98020.4,0.0,0.0,-8,-65614.56,,PW,0.0
TXN-01174,2026-02-09,SALE,INV-2602-1770,Thika Road Hardware & Agrovet Ltd,Juja,Delivery,Retail,CUS-1112,,Hardware Tools,Measuring Tape 5m,1,411.07,0.02,411.07,402.85,216.15,216.15,186.7,,0.0,402.85,0.0,402.85,0.0,0.0,-1,-216.15,,PW,0.0
TXN-01175,2026-02-09,SALE,INV-2602-1772,Thika Road Hardware & Agrovet Ltd,Thika Town,M-Pesa Till,Farmer,CUS-1197,,Paints,Gloss Paint 4L,7,3035.22,0.0,21246.54,21246.54,1773.44,12414.08,8832.46,,0.0,21246.54,0.0,21246.54,0.0,0.0,-7,-12414.08,,MN,0.0
TXN-01176,2026-02-09,SALE,INV-2602-1774,Thika Road Hardware & Agrovet Ltd,Thika Town,Counter,Contractor,CUS-1064,,Agro Inputs,CAN Fertilizer 50kg,3,4597.7,0.0,13793.1,13793.1,3168.91,9506.73,4286.37,,0.0,7875.1,0.0,7875.1,5918.0,0.0,-3,-9506.73,,RA,0.0
TXN-01177,2026-02-09,SALE,INV-2602-1776,Thika Road Hardware & Agrovet Ltd,Thika Town,M-Pesa Till,Contractor,CUS-1012,,Paints,Gloss Paint 4L,3,3102.62,0.02,9307.86,9121.7,1719.28,5157.84,3963.86,,0.0,9121.7,0.0,9121.7,0.0,0.0,-3,-5157.84,,TK,0.0
TXN-01178,2026-02-10,SALE,INV-2602-1778,Thika Road Hardware & Agrovet Ltd,Juja,Online Order,Retail,CUS-1126,,Agro Inputs,Maize Seed 2kg Pack,6,740.25,0.0,4441.5,4441.5,482.33,2893.98,1547.52,,0.0,4441.5,0.0,4441.5,0.0,0.0,-6,-2893.98,,TK,0.0
TXN-01179,2026-02-10,SALE,INV-2602-1780,Thika Road Hardware & Agrovet Ltd,Juja,Delivery,Farmer,CUS-1006,,Paints,Paint Brush 4in,1,220.74,0.0,220.74,220.74,96.45,96.45,124.29,,0.0,220.74,0.0,220.74,0.0,0.0,-1,-96.45,,PW,0.0
TXN-01180,2026-02-10,SALE,INV-2602-1782,Thika Road Hardware & Agrovet Ltd,Juja,Phone Order,Retail,CUS-1084,,Building Materials,River Sand (ton),9,1812.95,0.0,16316.55,16316.55,1225.19,11026.71,5289.84,,0.0,16316.55,0.0,16316.55,0.0,0.0,-9,-11026.71,,SK,0.0
TXN-01181,2026-02-10,SALE,INV-2602-1784,Thika Road Hardware & Agrovet Ltd,Thika Town,Counter,Retail,CUS-1047,,Building Materials,Hollow Block 6in,12,96.55,0.01,1158.6,1147.01,56.04,672.48,474.53,,0.0,1147.01,0.0,1147.01,0.0,0.0,-12,-672.48,,SK,0.0
TXN-01182,2026-02-11,SALE,INV-2602-1786,Thika Road Hardware & Agrovet Ltd,Juja,M-Pesa Till,Reseller,CUS-1218,,Paints,Paint Brush 4in,2,213.73,0.03,427.46,414.64,93.79,187.58,227.06,,0.0,414.64,0.0,414.64,0.0,0.0,-2,-187.58,,RA,0.0
TXN-01183,2026-02-12,SALE,INV-2602-1788,Thika Road Hardware & Agrovet Ltd,Juja,Online Order,Retail,CUS-1139,,Paints,Wood Varnish 1L,4,671.72,0.05,2686.88,2552.54,375.7,1502.8,1049.74,,0.0,2552.54,0.0,2552.54,0.0,0.0,-4,-1502.8,,TK,0.0
TXN-01184,2026-02-12,CUSTOMER_PAYMENT,RCPT-2602-2765,Thika Road Hardware & Agrovet Ltd,Juja,Collections,Contractor,CUS-1077,,,,0,0.0,0.0,0.0,0.0,0.0,0.0,0.0,Customer Collection,0.0,3930.33,0.0,3930.33,3930.33,0.0,0,0.0,Bank Transfer,RA,0.0
TXN-01185,2026-02-13,SALE,INV-2602-1790,Thika Road Hardware & Agrovet Ltd,Juja,Online Order,Farmer,CUS-1116,,Plumbing,PVC Tee 20mm,1,90.61,0.03,90.61,87.89,46.15,46.15,41.74,,0.0,87.89,0.0,87.89,0.0,0.0,-1,-46.15,,SK,0.0
TXN-01186,2026-02-13,SALE,INV-2602-1792,Thika Road Hardware & Agrovet Ltd,Juja,M-Pesa Till,Reseller,CUS-1099,,Electrical,Circuit Breaker 20A,5,775.93,0.0,3879.65,3879.65,429.12,2145.6,1734.05,,0.0,3879.65,0.0,3879.65,0.0,0.0,-5,-2145.6,,SK,0.0
TXN-01187,2026-02-13,CUSTOMER_PAYMENT,RCPT-2602-2769,Thika Road Hardware & Agrovet Ltd,Thika Town,Collections,Contractor,CUS-1064,,,,0,0.0,0.0,0.0,0.0,0.0,0.0,0.0,Customer Collection,0.0,4444.86,0.0,4444.86,4444.86,0.0,0,0.0,M-PESA,JB,0.0
TXN-01188,2026-02-14,SALE,INV-2602-1794,Thika Road Hardware & Agrovet Ltd,Thika Town,,Wholesale,CUS-1081,,Paints,Paint Brush 4in,4,197.03,0.0,788.12,788.12,95.04,380.16,407.96,,0.0,255.08,0.0,255.08,533.04,0.0,-4,-380.16,,MN,0.0
TXN-01189,2026-02-14,SALE,INV-2602-1796,Thika Road Hardware & Agrovet Ltd,Juja,M-Pesa Till,Farmer,CUS-1024,,Agro Inputs,CAN Fertilizer 50kg,2,4536.04,0.0,9072.08,9072.08,3119.88,6239.76,2832.32,,0.0,9072.08,0.0,9072.08,0.0,0.0,-2,-6239.76,,JB,0.0
TXN-01190,2026-02-15,SALE,INV-2602-1798,Thika Road Hardware & Agrovet Ltd,Thika Town,Delivery,Retail,CUS-1112,,Paints,Paint Brush 4in,7,201.03,0.0,1407.21,1407.21,94.87,664.09,743.12,,0.0,1407.21,0.0,1407.21,0.0,0.0,-7,-664.09,,PW,0.0
TXN-01191,2026-02-15,SALE,INV-2602-1800,Thika Road Hardware & Agrovet Ltd,Thika Town,Online Order,Wholesale,CUS-1093,,Agro Inputs,CAN Fertilizer 50kg,6,4339.38,0.0,26036.28,26036.28,3045.02,18270.12,7766.16,,0.0,26036.28,0.0,26036.28,0.0,0.0,-6,-18270.12,,RA,0.0
TXN-01192,2026-02-15,SALE,INV-2602-1802,Thika Road Hardware & Agrovet Ltd,Juja,Online Order,Retail,CUS-1043,,Paints,Wood Varnish 1L,4,701.94,0.0,2807.76,2807.76,379.99,1519.96,1287.8,,0.0,2807.76,0.0,2807.76,0.0,0.0,-4,-1519.96,,JB,0.0
TXN-01193,2026-02-16,SALE,INV-2602-1804,Thika Road Hardware & Agrovet Ltd,Juja,M-Pesa Till,Retail,CUS-1058,,Building Materials,River Sand (ton),9,1880.22,0.0,16921.98,16921.98,1215.3,10937.7,5984.28,,0.0,16921.98,0.0,16921.98,0.0,0.0,-9,-10937.7,,PW,0.0
TXN-01194,2026-02-16,SALE,INV-2602-1806,Thika Road Hardware & Agrovet Ltd,Thika Town,Counter,Farmer,CUS-1181,,Building Materials,River Sand (ton),2,1831.87,0.0,3663.74,3663.74,1202.42,2404.84,1258.9,,0.0,3663.74,0.0,3663.74,0.0,0.0,-2,-2404.84,,PW,0.0
TXN-01195,2026-02-16,SALE,INV-2602-1808,Thika Road Hardware & Agrovet Ltd,Juja,M-Pesa Till,Reseller,CUS-1100,,Plumbing,PVC Tee 20mm,7,97.2,0.02,680.4,666.79,45.87,321.09,345.7,,0.0,666.79,0.0,666.79,0.0,0.0,-7,-321.09,,PW,0.0
TXN-01196,2026-02-16,SALE,INV-2602-1810,Thika Road Hardware & Agrovet Ltd,Thika Town,Online Order,Farmer,CUS-1063,,Electrical,Electrical Cable 2.5mm (roll),1,5231.26,0.02,5231.26,5126.63,3178.75,3178.75,1947.88,,0.0,5126.63,0.0,5126.63,0.0,0.0,-1,-3178.75,,TK,0.0
TXN-01197,2026-02-16,SUPPLIER_PAYMENT,SP-2602-2620,Thika Road Hardware & Agrovet Ltd,Juja,Supplier,,,Bamburi Cement Depot,,,0,0.0,0.0,0.0,0.0,0.0,0.0,0.0,Supplier Payment,0.0,0.0,15647.18,0.0,0.0,-15647.18,0,0.0,Bank Transfer,MN,0.0
TXN-01198,2026-02-16,CUSTOMER_PAYMENT,RCPT-2602-2767,Thika Road Hardware & Agrovet Ltd,Thika Town,Collections,Contractor,CUS-1048,,,,0,0.0,0.0,0.0,0.0,0.0,0.0,0.0,Customer Collection,0.0,368.73,0.0,368.73,368.73,0.0,0,0.0,M-PESA,PW,0.0
TXN-01199,2026-02-17,SALE,INV-2602-1812,Thika Road Hardware & Agrovet Ltd,Thika Town,M-Pesa Till,Retail,CUS-1199,,Paints,Wood Varnish 1L,1,638.11,0.0,638.11,638.11,379.01,379.01,259.1,,0.0,638.11,0.0,638.11,0.0,0.0,-1,-379.01,,JB,0.0
TXN-01200,2026-02-17,SALE,INV-2602-1814,Thika Road Hardware & Agrovet Ltd,Thika Town,Phone Order,Wholesale,CUS-1056,,Hardware Tools,Wheelbarrow,6,6519.17,0.0,39115.02,39115.02,4116.81,24700.86,14414.16,,0.0,39115.02,0.0,39115.02,0.0,0.0,-6,-24700.86,,MN,0.0
TXN-01201,2026-02-17,SALE,INV-2602-1816,Thika Road Hardware & Agrovet Ltd,Thika Town,Delivery,Reseller,CUS-1011,,Electrical,Circuit Breaker 20A,4,703.83,0.0,2815.32,2815.32,431.61,1726.44,1088.88,,0.0,2815.32,0.0,2815.32,0.0,0.0,-4,-1726.44,,JB,0.0
TXN-01202,2026-02-18,SALE,INV-2602-1818,Thika Road Hardware & Agrovet Ltd,Thika Town,Phone Order,Retail,CUS-1192,,Building Materials,River Sand (ton),11,1785.47,0.0,19640.17,19640.17,1221.8,13439.8,6200.37,,0.0,19640.17,0.0,19640.17,0.0,0.0,-11,-13439.8,,SK,0.0
TXN-01203,18/02/2026,SALE,INV-2602-1820,Thika Road Hardware & Agrovet Ltd,Juja,M-Pesa Till,Retail,CUS-1083,,Building Materials,Hollow Block 6in,7,98.99,0.0,692.93,692.93,56.23,393.61,299.32,,0.0,692.93,0.0,692.93,0.0,0.0,-7,-393.61,,JB,0.0
TXN-01204,2026-02-18,STOCK_ADJUSTMENT,ADJ-2602-2621,Thika Road Hardware & Agrovet Ltd,Thika Town,Stock Count,,,,Hardware Tools,Measuring Tape 5m,-1,0.0,0.0,0.0,0.0,0.0,0.0,0.0,Stock Adjustment,0.0,0.0,0.0,0.0,0.0,0.0,-1,-210.0,Manual count variance,RA,0.0
TXN-01205,2026-02-19,SALE,INV-2602-1822,Thika Road Hardware & Agrovet Ltd,Thika Town,Phone Order,Wholesale,CUS-1110,,Electrical,LED Bulb 12W,1,298.51,0.0,298.51,298.51,151.76,151.76,146.75,,0.0,298.51,0.0,298.51,0.0,0.0,-1,-151.76,,JB,0.0
TXN-01206,2026-02-19,SALE,INV-2602-1824,Thika Road Hardware & Agrovet Ltd,Juja,M-Pesa Till,Retail,CUS-1059,,Paints,Wood Varnish 1L,1,644.52,0.01,644.52,638.07,379.13,379.13,258.94,,0.0,638.07,0.0,638.07,0.0,0.0,-1,-379.13,,PW,0.0
TXN-01207,19/02/2026,SALE,INV-2602-1826,Thika Road Hardware & Agrovet Ltd,Juja,Delivery,Contractor,CUS-1171,,Electrical,LED Bulb 12W,5,305.0,0.03,1525.0,1701.1374999999998,147.23,736.15,743.1,,0.0,731.33,0.0,731.33,747.92,0.0,-5,-736.15,,TK,0.0
TXN-01208,2026-02-19,SALE,INV-2602-1828,Thika Road Hardware & Agrovet Ltd,Juja,M-Pesa Till,Retail,CUS-1070,,Plumbing,PVC Tee 20mm,5,94.07,0.0,470.35,470.35,46.29,231.45,238.9,,0.0,470.35,0.0,470.35,0.0,0.0,-5,-231.45,,RA,0.0
TXN-01209,2026-02-20,EXPENSE,EXP-2602-2617,Thika Road Hardware & Agrovet Ltd,Thika Town,Back Office,,,,,,0,0.0,0.0,0.0,0.0,0.0,0.0,0.0,Transport,8197.5,0.0,8197.5,0.0,0.0,0.0,0,0.0,M-PESA,RA,0.0
TXN-01210,20/02/2026,CUSTOMER_PAYMENT,RCPT-2602-2763,Thika Road Hardware & Agrovet Ltd,Thika Town,Collections,Wholesale,CUS-1219,,,,0,0.0,0.0,0.0,0.0,0.0,0.0,0.0,Customer Collection,0.0,6284.78,0.0,6284.78,6284.78,0.0,0,0.0,Bank Transfer,MN,0.0
TXN-01211,2026-02-21,SALE,INV-2602-1830,Thika Road Hardware & Agrovet Ltd,Thika Town,Counter,Wholesale,CUS-1069,,Plumbing,Gate Valve 1in,8,556.71,0.05,4453.68,4231.0,316.91,2535.28,1695.72,,0.0,4231.0,0.0,4231.0,0.0,0.0,-8,-2535.28,,SK,0.0
TXN-01212,2026-02-21,SALE,INV-2602-1832,Thika Road Hardware & Agrovet Ltd,,Delivery,Retail,CUS-1212,,Building Materials,Iron Sheet 3m Gauge30,4,1213.97,0.0,4855.88,4855.88,791.43,3165.72,1690.16,,0.0,4855.88,0.0,4855.88,0.0,0.0,-4,-3165.72,,SK,0.0
TXN-01213,2026-02-21,EXPENSE,EXP-2602-2613,Thika Road Hardware & Agrovet Ltd,Juja,Back Office,,,,,,0,0.0,0.0,0.0,0.0,0.0,0.0,0.0,Transport,9264.76,0.0,9264.76,0.0,0.0,0.0,0,0.0,M-PESA,RA,0.0
TXN-01214,2026-02-22,SALE,INV-2602-1834,Thika Road Hardware & Agrovet Ltd,Thika Town,Phone Order,Farmer,CUS-1158,,Building Materials,River Sand (ton),7,1913.82,0.0,13396.74,13396.74,1228.57,8599.99,4796.75,,0.0,13396.74,0.0,13396.74,0.0,0.0,-7,-8599.99,,RA,0.0
TXN-01215,2026-02-22,SALE,INV-2602-1836,Thika Road Hardware & Agrovet Ltd,,Phone Order,Farmer,CUS-1023,,Plumbing,PVC Pipe 20mm 3m,6,372.3,0.0,2233.8,2233.8,208.81,1252.86,980.94,,0.0,2233.8,0.0,2233.8,0.0,0.0,-6,-1252.86,,PW,0.0
TXN-01216,2026-02-22,EXPENSE,EXP-2602-2611,Thika Road Hardware & Agrovet Ltd,Juja,Back Office,,,,,,0,0.0,0.0,0.0,0.0,0.0,0.0,0.0,Rent,23128.91,0.0,23128.91,0.0,0.0,0.0,0,0.0,Bank Transfer,MN,0.0
TXN-01217,2026-02-23,SALE,INV-2602-1838,Thika Road Hardware & Agrovet Ltd,Juja,Delivery,Farmer,CUS-1184,,Plumbing,Gate Valve 1in,6,580.88,0.0,3485.28,3485.28,317.78,1906.68,1578.6,,0.0,3485.28,0.0,3485.28,0.0,0.0,-6,-1906.68,,MN,0.0
TXN-01218,2026-02-23,SALE,INV-2602-1840,Thika Road Hardware & Agrovet Ltd,Thika Town,Delivery,Contractor,CUS-1185,,Building Materials,Cement 50kg,18,1024.8,0.0,18446.4,18446.4,628.45,11312.1,7134.3,,0.0,8300.49,0.0,8300.49,10145.91,0.0,-18,-11312.1,,RA,0.0
TXN-01219,2026-02-23,SALE,INV-2602-1842,Thika Road Hardware & Agrovet Ltd,Juja,Counter,Wholesale,CUS-1040,,Building Materials,River Sand (ton),22,1877.54,0.0,41305.88,41305.88,1178.01,25916.22,15389.66,,0.0,13658.0,0.0,13658.0,27647.88,0.0,-22,-25916.22,,SK,0.0
TXN-01220,2026-02-23,EXPENSE,EXP-2602-2615,Thika Road Hardware & Agrovet Ltd,Thika Town,Back Office,,,,,,0,0.0,0.0,0.0,0.0,0.0,0.0,0.0,Staff Salaries,42147.68,0.0,42147.68,0.0,0.0,0.0,0,0.0,M-PESA,TK,0.0
TXN-01221,2026-02-23,CUSTOMER_PAYMENT,RCPT-2602-2764,Thika Road Hardware & Agrovet Ltd,Thika Town,Collections,Contractor,CUS-1121,,,,0,0.0,0.0,0.0,0.0,0.0,0.0,0.0,Customer Collection,0.0,452.89,0.0,452.89,452.89,0.0,0,0.0,M-PESA,MN,0.0
TXN-01222,2026-02-24,SALE,INV-2602-1844,Thika Road Hardware & Agrovet Ltd,Thika Town,Phone Order,Reseller,CUS-1142,,Building Materials,Hollow Block 6in,1,96.74,0.03,96.74,93.84,56.51,56.51,37.33,,0.0,93.84,0.0,93.84,0.0,0.0,-1,-56.51,,SK,0.0
TXN-01223,2026-02-24,SUPPLIER_PAYMENT,SP-2602-2618,Thika Road Hardware & Agrovet Ltd,Juja,Supplier,,,AgroChem Kenya Distributors,,,0,0.0,0.0,0.0,0.0,0.0,0.0,0.0,Supplier Payment,0.0,0.0,18818.76,0.0,0.0,-18818.76,0,0.0,Bank Transfer,MN,0.0
TXN-01224,2026-02-25,SALE,INV-2602-1846,Thika Road Hardware & Agrovet Ltd,Thika Town,Delivery,Contractor,CUS-1155,,Paints,Gloss Paint 4L,6,2768.93,0.0,16613.58,16613.58,1741.08,10446.48,6167.1,,0.0,9188.4,0.0,9188.4,7425.18,0.0,-6,-10446.48,,PW,0.0
TXN-01225,2026-02-25,SALE,INV-2602-1848,Thika Road Hardware & Agrovet Ltd,Thika Town,M-Pesa Till,Reseller,CUS-1022,,Agro Inputs,Maize Seed 2kg Pack,4,743.58,0.0,2974.32,2974.32,486.14,1944.56,1029.76,,0.0,2974.32,0.0,2974.32,0.0,0.0,-4,-1944.56,,MN,0.0
TXN-01226,2026-02-25,SALE,INV-2602-1850,Thika Road Hardware & Agrovet Ltd,Thika Town,Delivery,Retail,CUS-1067,,Hardware Tools,Claw Hammer,7,693.88,0.0,4857.16,4857.16,390.36,2732.52,2124.64,,0.0,4857.16,0.0,4857.16,0.0,0.0,-7,-2732.52,,TK,0.0
TXN-01227,2026-02-25,CUSTOMER_PAYMENT,RCPT-2602-2762,Thika Road Hardware & Agrovet Ltd,Thika Town,Collections,Wholesale,CUS-1061,,,,0,0.0,0.0,0.0,0.0,0.0,0.0,0.0,Customer Collection,0.0,4115.46,0.0,4115.46,4115.46,0.0,0,0.0,M-PESA,JB,0.0
TXN-01228,2026-02-26,SALE,INV-2602-1852,Thika Road Hardware & Agrovet Ltd,Juja,Online Order,Reseller,CUS-1136,,Building Materials,Iron Sheet 3m Gauge30,10,1235.67,0.0,12356.7,12356.7,778.52,7785.2,4571.5,,0.0,12356.7,0.0,12356.7,0.0,0.0,-10,-7785.2,,PW,0.0
TXN-01229,2026-02-26,SALE,INV-2602-1854,Thika Road Hardware & Agrovet Ltd,Juja,Counter,Retail,CUS-1192,,Paints,Gloss Paint 4L,4,3084.88,0.05,12339.52,11722.54,1792.42,7169.68,4552.86,,0.0,11722.54,0.0,11722.54,0.0,0.0,-4,-7169.68,,RA,0.0
TXN-01230,2026-02-26,SALE,INV-2602-1856,Thika Road Hardware & Agrovet Ltd,Thika Town,Counter,Contractor,CUS-1143,,Paints,Wood Varnish 1L,5,661.63,0.01,3308.15,3275.07,383.34,1916.7,1358.37,,0.0,3275.07,0.0,3275.07,0.0,0.0,-5,-1916.7,,MN,0.0
TXN-01231,2026-02-27,SALE,INV-2602-1858,Thika Road Hardware & Agrovet Ltd,Thika Town,Delivery,Wholesale,CUS-1001,,Paints,Gloss Paint 4L,2,3006.84,0.0,6013.68,6013.68,1763.76,3527.52,2486.16,,0.0,1715.84,0.0,1715.84,4297.84,0.0,-2,-3527.52,,PW,0.0
TXN-01232,2026-02-27,PURCHASE,GRN-2602-1859,Thika Road Hardware & Agrovet Ltd,Thika Town,Supplier,,,ElectroParts Kenya,Building Materials,River Sand (ton),106,1184.62,0.0,0.0,0.0,1184.62,125569.72,0.0,Purchase,0.0,0.0,75341.83,0.0,0.0,50227.89,106,125569.72,,RA,0.0
TXN-01233,2026-02-27,SALE,INV-2602-1860,Thika Road Hardware & Agrovet Ltd,Thika Town,Phone Order,Farmer,CUS-1079,,Building Materials,River Sand (ton),19,1901.11,0.0,36121.09,36121.09,1211.84,23024.96,13096.13,,0.0,36121.09,0.0,36121.09,0.0,0.0,-19,-23024.96,,RA,0.0
TXN-01234,2026-02-27,SALE,INV-2602-1862,Thika Road Hardware & Agrovet Ltd,Thika Town,Online Order,Farmer,CUS-1063,,Paints,Wood Varnish 1L,8,705.45,0.0,5643.6,5643.6,384.06,3072.48,2571.12,,0.0,5643.6,0.0,5643.6,0.0,0.0,-8,-3072.48,,PW,0.0
TXN-01235,2026-02-27,SALE,INV-2602-1864,Thika Road Hardware & Agrovet Ltd,Thika Town,Online Order,Retail,CUS-1149,,Agro Inputs,DAP Fertilizer 50kg,7,4822.51,0.0,33757.57,33757.57,3349.82,23448.74,10308.83,,0.0,33757.57,0.0,33757.57,0.0,0.0,-7,-23448.74,,RA,0.0
TXN-01236,2026-02-27,SALE,INV-2602-1866,Thika Road Hardware & Agrovet Ltd,Juja,M-Pesa Till,Retail,CUS-1152,,Building Materials,Cement 50kg,7,1020.85,0.0,7145.95,7145.95,653.25,4572.75,2573.2,,0.0,7145.95,0.0,7145.95,0.0,0.0,-7,-4572.75,,TK,0.0
TXN-01237,2026-02-28,SALE,INV-2602-1868,Thika Road Hardware & Agrovet Ltd,Juja,Online Order,Wholesale,CUS-1009,,Building Materials,Iron Sheet 3m Gauge30,10,1206.53,0.0,12065.3,12065.3,784.87,7848.7,4216.6,,0.0,7118.1,0.0,7118.1,4947.2,0.0,-10,-7848.7,,RA,0.0
TXN-01238,2026-02-28,SALE,INV-2602-1870,Thika Road Hardware & Agrovet Ltd,Thika Town,Online Order,Retail,CUS-1198,,Hardware Tools,Measuring Tape 5m,4,404.3,0.0,1617.2,1617.2,215.21,860.84,756.36,,0.0,1617.2,0.0,1617.2,0.0,0.0,-4,-860.84,,SK,0.0
TXN-01239,2026-02-28,SALE,INV-2602-1872,Thika Road Hardware & Agrovet Ltd,Thika Town,Online Order,Farmer,CUS-1044,,Agro Inputs,Pesticide 1L,7,1126.7,0.03,7886.9,7650.29,628.25,4397.75,3252.54,,0.0,7650.29,0.0,7650.29,0.0,0.0,-7,-4397.75,,MN,0.0
TXN-01240,2026-03-01,SALE,INV-2603-1874,Thika Road Hardware & Agrovet Ltd,,Counter,Farmer,CUS-1020,,Hardware Tools,Spade,3,977.75,0.0,2933.25,2933.25,518.42,1555.26,1377.99,,0.0,2933.25,0.0,2933.25,0.0,0.0,-3,-1555.26,,SK,0.0
TXN-01241,2026-03-01,SALE,INV-2603-1876,Thika Road Hardware & Agrovet Ltd,Thika Town,Delivery,Contractor,CUS-1209,,Building Materials,River Sand (ton),16,1870.54,0.02,29928.64,29330.07,1192.68,19082.88,10247.19,,0.0,17241.02,0.0,17241.02,12089.05,0.0,-16,-19082.88,,SK,0.0
TXN-01242,2026-03-01,SALE,INV-2603-1878,Thika Road Hardware & Agrovet Ltd,Thika Town,Delivery,Farmer,CUS-1184,,Agro Inputs,Maize Seed 2kg Pack,4,787.27,0.03,3149.08,3054.61,487.67,1950.68,1103.93,,0.0,3054.61,0.0,3054.61,0.0,0.0,-4,-1950.68,,PW,0.0
TXN-01243,2026-03-01,EXPENSE,EXP-2603-2625,Thika Road Hardware & Agrovet Ltd,Thika Town,Back Office,,,,,,0,0.0,0.0,0.0,0.0,0.0,0.0,0.0,Repairs,5139.69,0.0,5139.69,0.0,0.0,0.0,0,0.0,Bank Transfer,RA,0.0
TXN-01244,2026-03-02,SALE,INV-2603-1880,Thika Road Hardware & Agrovet Ltd,Juja,Counter,Contractor,CUS-1053,,Building Materials,River Sand (ton),15,1919.19,0.0,28787.85,28787.85,1195.86,17937.9,10849.95,,0.0,28787.85,0.0,28787.85,0.0,0.0,-15,-17937.9,,TK,0.0
TXN-01245,2026-03-02,SALE,INV-2603-1882,Thika Road Hardware & Agrovet Ltd,Juja,Delivery,Retail,CUS-1090,,Hardware Tools,Wheelbarrow,1,6488.05,0.0,6488.05,6488.05,4197.27,4197.27,2290.78,,0.0,6488.05,0.0,6488.05,0.0,0.0,-1,-4197.27,,MN,0.0
TXN-01246,2026-03-02,SALE,INV-2603-1884,Thika Road Hardware & Agrovet Ltd,Thika Town,Counter,Retail,CUS-1130,,Plumbing,Water Tank 1000L,1,12358.14,0.0,12358.14,12358.14,8166.92,8166.92,4191.22,,0.0,12358.14,0.0,12358.14,0.0,0.0,-1,-8166.92,,RA,0.0
TXN-01247,2026-03-02,SALE,INV-2603-1886,Thika Road Hardware & Agrovet Ltd,Thika Town,M-Pesa Till,Retail,CUS-1108,,Paints,Wood Varnish 1L,1,634.93,0.01,634.93,628.58,375.64,375.64,252.94,,0.0,628.58,0.0,628.58,0.0,0.0,-1,-375.64,,TK,0.0
TXN-01248,2026-03-03,SALE,INV-2603-1888,Thika Road Hardware & Agrovet Ltd,Thika Town,M-Pesa Till,Retail,CUS-1204,,Paints,Wood Varnish 1L,4,645.74,0.0,2582.96,2582.96,390.98,1563.92,1019.04,,0.0,2582.96,0.0,2582.96,0.0,0.0,-4,-1563.92,,SK,0.0
TXN-01249,2026-03-03,REFUND,REF-2603-2472,Thika Road Hardware & Agrovet Ltd,Thika Town,Counter,Farmer,CUS-1079,,Building Materials,River Sand (ton),-1,1901.11,0.0,0.0,1901.11,1211.84,0.0,-1901.11,Customer Refund,1901.11,0.0,1901.11,0.0,0.0,0.0,1,1211.84,refund,RA,0.0
TXN-01250,2026-03-04,SALE,INV-2603-1890,Thika Road Hardware & Agrovet Ltd,Thika Town,M-Pesa Till,Wholesale,CUS-1165,,Paints,Paint Brush 4in,4,220.57,0.0,882.28,882.28,97.55,390.2,492.08,,0.0,882.28,0.0,882.28,0.0,0.0,-4,-390.2,,SK,0.0
TXN-01251,2026-03-04,SALE,INV-2603-1892,Thika Road Hardware & Agrovet Ltd,Juja,Delivery,Retail,CUS-1194,,Electrical,Socket Outlet,5,353.84,0.0,1769.2,1769.2,181.3,906.5,862.7,,0.0,1769.2,0.0,1769.2,0.0,0.0,-5,-906.5,,SK,0.0
TXN-01252,2026-03-04,SALE,INV-2603-1894,Thika Road Hardware & Agrovet Ltd,Thika Town,M-Pesa Till,Retail,CUS-1028,,Building Materials,Iron Sheet 3m Gauge30,1,1172.5,0.0,1172.5,1172.5,802.64,802.64,369.86,,0.0,1172.5,0.0,1172.5,0.0,0.0,-1,-802.64,,MN,0.0
TXN-01253,2026-03-04,CUSTOMER_PAYMENT,RCPT-2603-2770,Thika Road Hardware & Agrovet Ltd,Thika Town,Collections,Wholesale,CUS-1081,,,,0,0.0,0.0,0.0,0.0,0.0,0.0,0.0,Customer Collection,0.0,531.12,0.0,531.12,531.12,0.0,0,0.0,M-pesa,SK,0.0
TXN-01254,2026-03-05,SALE,INV-2603-1896,Thika Road Hardware & Agrovet Ltd,Juja,Phone Order,Retail,CUS-1098,,Building Materials,Hollow Block 6in,9,99.22,0.0,892.98,892.98,53.92,485.28,407.7,,0.0,892.98,0.0,892.98,0.0,0.0,-9,-485.28,,TK,0.0
TXN-01255,2026-03-05,SALE,INV-2603-1898,Thika Road Hardware & Agrovet Ltd,Juja,Online Order,Wholesale,CUS-1046,,Hardware Tools,Measuring Tape 5m,5,413.23,0.0,2066.15,2066.15,211.86,1059.3,1006.85,,0.0,1258.97,0.0,1258.97,807.18,0.0,-5,-1059.3,,MN,0.0
TXN-01256,2026-03-06,SALE,INV-2603-1900,Thika Road Hardware & Agrovet Ltd,Juja,Online Order,Reseller,CUS-1022,,Plumbing,PVC Pipe 20mm 3m,2,375.37,0.0,750.74,750.74,208.58,417.16,333.58,,0.0,750.74,0.0,750.74,0.0,0.0,-2,-417.16,,SK,0.0
TXN-01257,2026-03-06,SALE,INV-2603-1902,Thika Road Hardware & Agrovet Ltd,Juja,Counter,Retail,CUS-1017,,Agro Inputs,DAP Fertilizer 50kg,4,4928.81,0.0,19715.24,19715.24,3490.36,13961.44,5753.8,,0.0,19715.24,0.0,19715.24,0.0,0.0,-4,-13961.44,,RA,0.0
TXN-01258,2026-03-07,SALE,INV-2603-1904,Thika Road Hardware & Agrovet Ltd,Juja,Online Order,Farmer,CUS-1159,,Electrical,LED Bulb 12W,1,319.35,0.0,319.35,319.35,148.95,148.95,170.4,,0.0,319.35,0.0,319.35,0.0,0.0,-1,-148.95,,MN,0.0
TXN-01259,2026-03-08,SALE,INV-2603-1906,Thika Road Hardware & Agrovet Ltd,Thika Town,M-Pesa Till,Contractor,CUS-1065,,Plumbing,Gate Valve 1in,5,557.24,0.03,2786.2,3108.0015,325.24,1626.2,1076.41,,0.0,1807.65,0.0,1807.65,894.96,0.0,-5,-1626.2,,RA,0.0
TXN-01260,2026-03-08,SALE,INV-2603-1908,Thika Road Hardware & Agrovet Ltd,Juja,Counter,Farmer,CUS-1159,,Paints,Emulsion Paint 4L,3,2333.87,0.0,7001.61,7001.61,1421.73,4265.19,2736.42,,0.0,7001.61,0.0,7001.61,0.0,0.0,-3,-4265.19,,JB,0.0
TXN-01261,2026-03-08,SALE,INV-2603-1910,Thika Road Hardware & Agrovet Ltd,Juja,Online Order,Wholesale,CUS-1092,,Paints,Wood Varnish 1L,4,687.77,0.0,2751.08,2751.08,380.76,1523.04,1228.04,,0.0,2751.08,0.0,2751.08,0.0,0.0,-4,-1523.04,,PW,0.0
TXN-01262,2026-03-08,SALE,INV-2603-1912,Thika Road Hardware & Agrovet Ltd,Thika Town,Phone Order,Wholesale,CUS-1056,,Agro Inputs,Pesticide 1L,7,1054.95,0.0,7384.65,7384.65,608.97,4262.79,3121.86,,0.0,7384.65,0.0,7384.65,0.0,0.0,-7,-4262.79,,PW,0.0
TXN-01263,2026-03-08,SALE,INV-2603-1914,Thika Road Hardware & Agrovet Ltd,Thika Town,Online Order,Contractor,CUS-1062,,Building Materials,River Sand (ton),9,1817.92,0.0,16361.28,16361.28,1211.01,10899.09,5462.19,,0.0,4960.94,0.0,4960.94,11400.34,0.0,-9,-10899.09,,JB,0.0
TXN-01264,2026-03-08,EXPENSE,EXP-2603-2628,Thika Road Hardware & Agrovet Ltd,Juja,Back Office,,,,,,0,0.0,0.0,0.0,0.0,0.0,0.0,0.0,Rent,26775.23,0.0,26775.23,0.0,0.0,0.0,0,0.0,M-PESA,RA,0.0
TXN-01265,2026-03-09,SALE,INV-2603-1916,Thika Road Hardware & Agrovet Ltd,Thika Town,Online Order,Retail,CUS-1114,,Plumbing,PVC Pipe 20mm 3m,2,386.9,0.02,773.8,758.32,212.35,424.7,333.62,,0.0,758.32,0.0,758.32,0.0,0.0,-2,-424.7,,MN,0.0
TXN-01266,2026-03-09,SALE,INV-2603-1918,Thika Road Hardware & Agrovet Ltd,Juja,Phone Order,Contractor,CUS-1053,,Building Materials,Iron Sheet 3m Gauge30,19,1162.15,0.0,22080.85,22080.85,785.97,14933.43,7147.42,,0.0,6870.96,0.0,6870.96,15209.89,0.0,-19,-14933.43,,SK,0.0
TXN-01267,2026-03-09,SALE,INV-2603-1920,Thika Road Hardware & Agrovet Ltd,Juja,Delivery,Farmer,CUS-1214,,Electrical,Electrical Cable 2.5mm (roll),5,4838.61,0.0,24193.05,24193.05,3290.35,16451.75,7741.3,,0.0,24193.05,0.0,24193.05,0.0,0.0,-5,-16451.75,,MN,0.0
TXN-01268,2026-03-09,SALE,INV-2603-1922,Thika Road Hardware & Agrovet Ltd,Thika Town,Phone Order,Contractor,CUS-1016,,Plumbing,Gate Valve 1in,2,603.86,0.0,1207.72,1207.72,322.75,645.5,562.22,,0.0,1207.72,0.0,1207.72,0.0,0.0,-2,-645.5,,JB,0.0
TXN-01269,2026-03-10,SALE,INV-2603-1924,Thika Road Hardware & Agrovet Ltd,Juja,Phone Order,Retail,CUS-1112,,Electrical,Socket Outlet,8,326.6,0.0,2612.8,2612.8,184.76,1478.08,1134.72,,0.0,2612.8,0.0,2612.8,0.0,0.0,-8,-1478.08,,RA,0.0
TXN-01270,2026-03-10,SALE,INV-2603-1926,Thika Road Hardware & Agrovet Ltd,Juja,Online Order,Wholesale,CUS-1176,,Electrical,Socket Outlet,4,354.83,0.02,1419.32,1390.93,177.43,709.72,681.21,,0.0,1390.93,0.0,1390.93,0.0,0.0,-4,-709.72,,PW,0.0
TXN-01271,2026-03-10,SALE,INV-2603-1928,Thika Road Hardware & Agrovet Ltd,Juja,Phone Order,Wholesale,CUS-1046,,Electrical,Electrical Cable 2.5mm (roll),7,4996.8,0.0,34977.6,34977.6,3139.52,21976.64,13000.96,,0.0,34977.6,0.0,34977.6,0.0,0.0,-7,-21976.64,,RA,0.0
TXN-01272,2026-03-10,CUSTOMER_PAYMENT,RCPT-2603-2771,Thika Road Hardware & Agrovet Ltd,Juja,Collections,Contractor,CUS-1171,,,,0,0.0,0.0,0.0,0.0,0.0,0.0,0.0,Customer Collection,0.0,640.21,0.0,640.21,640.21,0.0,0,0.0,M-PESA,RA,0.0
TXN-01273,2026-03-11,SALE,INV-2603-1930,Thika Road Hardware & Agrovet Ltd,Juja,M-Pesa Till,Wholesale,CUS-1081,,Paints,Paint Brush 4in,8,206.85,0.0,1654.8,1654.8,96.13,769.04,885.76,,0.0,1654.8,0.0,1654.8,0.0,0.0,-8,-769.04,,PW,0.0
TXN-01274,2026-03-11,SALE,INV-2603-1932,Thika Road Hardware & Agrovet Ltd,Thika Town,M-Pesa Till,Retail,CUS-1133,,Electrical,Circuit Breaker 20A,7,717.57,0.0,5022.99,5022.99,429.49,3006.43,2016.56,,0.0,5022.99,0.0,5022.99,0.0,0.0,-7,-3006.43,,PW,0.0
TXN-01275,2026-03-11,SALE,INV-2603-1934,Thika Road Hardware & Agrovet Ltd,Thika Town,Phone Order,Retail,CUS-1068,,Agro Inputs,CAN Fertilizer 50kg,8,4654.53,0.0,37236.24,37236.24,3180.74,25445.92,11790.32,,0.0,37236.24,0.0,37236.24,0.0,0.0,-8,-25445.92,,SK,0.0
TXN-01276,2026-03-12,SALE,INV-2603-1936,Thika Road Hardware & Agrovet Ltd,Juja,Phone Order,Retail,CUS-1035,,Electrical,LED Bulb 12W,2,329.32,0.0,658.64,658.64,148.73,297.46,361.18,,0.0,658.64,0.0,658.64,0.0,0.0,-2,-297.46,,TK,0.0
TXN-01277,2026-03-13,SALE,INV-2603-1938,Thika Road Hardware & Agrovet Ltd,Juja,Phone Order,Contractor,CUS-1196,,Plumbing,Water Tank 1000L,8,11948.04,0.02,95584.32,93672.63,8249.22,65993.76,27678.87,,0.0,93672.63,0.0,93672.63,0.0,0.0,-8,-65993.76,,JB,0.0
TXN-01278,2026-03-13,SALE,INV-2603-1940,Thika Road Hardware & Agrovet Ltd,Thika Town,Counter,Reseller,CUS-1218,,Hardware Tools,Claw Hammer,2,694.38,0.03,1388.76,1347.1,375.59,751.18,595.92,,0.0,1347.1,0.0,1347.1,0.0,0.0,-2,-751.18,,RA,0.0
TXN-01279,2026-03-13,SALE,INV-2603-1942,Thika Road Hardware & Agrovet Ltd,Juja,Online Order,Reseller,CUS-1011,,Paints,Gloss Paint 4L,1,2894.77,0.0,2894.77,2894.77,1778.92,1778.92,1115.85,,0.0,2894.77,0.0,2894.77,0.0,0.0,-1,-1778.92,,PW,0.0
TXN-01280,2026-03-13,SALE,INV-2603-1944,Thika Road Hardware & Agrovet Ltd,Juja,Phone Order,Retail,CUS-1168,,Building Materials,Hollow Block 6in,13,90.42,0.01,1175.46,1163.71,55.46,720.98,442.73,,0.0,1163.71,0.0,1163.71,0.0,0.0,-13,-720.98,,PW,0.0
TXN-01281,2026-03-13,CUSTOMER_PAYMENT,RCPT-2603-2779,Thika Road Hardware & Agrovet Ltd,Thika Town,Collections,Contractor,CUS-1062,,,,0,0.0,0.0,0.0,0.0,0.0,0.0,0.0,Customer Collection,0.0,8341.28,0.0,8341.28,8341.28,0.0,0,0.0,M-PESA,TK,0.0
TXN-01282,2026-03-14,SALE,INV-2603-1946,Thika Road Hardware & Agrovet Ltd,Juja,Counter,Retail,CUS-1206,,Agro Inputs,DAP Fertilizer 50kg,4,5014.92,0.03,20059.68,19457.89,3490.8,13963.2,5494.69,,0.0,19457.89,0.0,19457.89,0.0,0.0,-4,-13963.2,,TK,0.0
TXN-01283,2026-03-14,SALE,INV-2603-1948,Thika Road Hardware & Agrovet Ltd,Juja,Phone Order,Retail,CUS-1107,,Paints,Paint Brush 4in,7,200.39,0.03,1402.73,1360.65,96.55,675.85,684.8,,0.0,1360.65,0.0,1360.65,0.0,0.0,-7,-675.85,,TK,0.0
TXN-01284,2026-03-15,SALE,INV-2603-1950,Thika Road Hardware & Agrovet Ltd,Thika Town,Phone Order,Contractor,CUS-1164,,Paints,Emulsion Paint 4L,7,2500.74,0.0,17505.18,17505.18,1405.08,9835.56,7669.62,,0.0,17505.18,0.0,17505.18,0.0,0.0,-7,-9835.56,,PW,0.0
TXN-01285,2026-03-15,SALE,INV-2603-1952,Thika Road Hardware & Agrovet Ltd,Juja,Phone Order,Retail,CUS-1036,,Building Materials,Hollow Block 6in,16,92.24,0.02,1475.84,1446.32,54.86,877.76,568.56,,0.0,1446.32,0.0,1446.32,0.0,0.0,-16,-877.76,,JB,0.0
TXN-01286,2026-03-15,SALE,INV-2603-1954,Thika Road Hardware & Agrovet Ltd,Thika Town,Phone Order,Contractor,CUS-1101,,Hardware Tools,Spade,1,875.41,0.0,875.41,875.41,520.39,520.39,355.02,,0.0,875.41,0.0,875.41,0.0,0.0,-1,-520.39,,JB,0.0
TXN-01287,2026-03-15,SALE,INV-2603-1956,Thika Road Hardware & Agrovet Ltd,Juja,Counter,Contractor,CUS-1155,,Paints,Gloss Paint 4L,8,2894.19,0.0,23153.52,23153.52,1755.6,14044.8,9108.72,,0.0,23153.52,0.0,23153.52,0.0,0.0,-8,-14044.8,,SK,0.0
TXN-01288,2026-03-15,SALE,INV-2603-1958,Thika Road Hardware & Agrovet Ltd,Juja,Phone Order,Wholesale,CUS-1081,,Electrical,Electrical Cable 2.5mm (roll),6,5333.37,0.02,32000.22,31360.22,3186.59,19119.54,12240.68,,0.0,11106.3,0.0,11106.3,20253.92,0.0,-6,-19119.54,,TK,0.0
TXN-01289,2026-03-16,SALE,INV-2603-1960,Thika Road Hardware & Agrovet Ltd,Thika Town,M-Pesa Till,Retail,CUS-1191,,Agro Inputs,Maize Seed 2kg Pack,1,759.14,0.0,759.14,759.14,471.28,471.28,287.86,,0.0,759.14,0.0,759.14,0.0,0.0,-1,-471.28,,JB,0.0
TXN-01290,2026-03-16,SALE,INV-2603-1962,Thika Road Hardware & Agrovet Ltd,Juja,Online Order,,CUS-1190,,Hardware Tools,Claw Hammer,4,680.78,0.0,2723.12,2723.12,383.19,1532.76,1190.36,,0.0,2723.12,0.0,2723.12,0.0,0.0,-4,-1532.76,,RA,0.0
TXN-01291,2026-03-16,SALE,INV-2603-1964,Thika Road Hardware & Agrovet Ltd,Thika Town,Online Order,Wholesale,CUS-1140,,Building Materials,River Sand (ton),3,1756.64,0.0,5269.92,5269.92,1188.76,3566.28,1703.64,,0.0,5269.92,0.0,5269.92,0.0,0.0,-3,-3566.28,,SK,0.0
TXN-01292,2026-03-16,PURCHASE,GRN-2603-1965,Thika Road Hardware & Agrovet Ltd,Juja,Supplier,,,AgroChem Kenya Distributors,Paints,Gloss Paint 4L,152,1720.42,0.0,0.0,0.0,1720.42,261503.84,0.0,Purchase,0.0,0.0,156902.3,0.0,0.0,104601.54,152,261503.84,,JB,0.0
TXN-01293,2026-03-16,SALE,INV-2603-1966,Thika Road Hardware & Agrovet Ltd,Thika Town,Counter,Contractor,CUS-1078,,Paints,Gloss Paint 4L,4,3059.13,0.0,12236.52,12236.52,1769.86,7079.44,5157.08,,0.0,2589.0,0.0,2589.0,9647.52,0.0,-4,-7079.44,,RA,0.0
TXN-01294,2026-03-16,SALE,INV-2603-1968,Thika Road Hardware & Agrovet Ltd,Thika Town,Delivery,Reseller,CUS-1177,,Agro Inputs,Pesticide 1L,6,1024.94,0.0,6149.64,6149.64,632.28,3793.68,2355.96,,0.0,6149.64,0.0,6149.64,0.0,0.0,-6,-3793.68,,RA,0.0
TXN-01295,2026-03-16,EXPENSE,EXP-2603-2622,Thika Road Hardware & Agrovet Ltd,Thika Town,Back Office,,,,,,0,0.0,0.0,0.0,0.0,0.0,0.0,0.0,Staff Salaries,48030.5,0.0,48030.5,0.0,0.0,0.0,0,0.0,M-PESA,JB,0.0
TXN-01296,2026-03-16,CUSTOMER_PAYMENT,RCPT-2603-2766,Thika Road Hardware & Agrovet Ltd,Thika Town,Collections,Contractor,CUS-1121,,,,0,0.0,0.0,0.0,0.0,0.0,0.0,0.0,Customer Collection,0.0,2574.37,0.0,2574.37,2574.37,0.0,0,0.0,M-PESA,SK,0.0
TXN-01297,2026-03-17,SALE,INV-2603-1970,Thika Road Hardware & Agrovet Ltd,Thika Town,Phone Order,Retail,CUS-1035,,Agro Inputs,DAP Fertilizer 50kg,1,4704.15,0.02,4704.15,4610.07,3414.38,3414.38,1195.69,,0.0,4610.07,0.0,4610.07,0.0,0.0,-1,-3414.38,,SK,0.0
TXN-01298,2026-03-17,REFUND,REF-2603-2466,Thika Road Hardware & Agrovet Ltd,Thika Town,Counter,Contractor,CUS-1016,,Plumbing,Gate Valve 1in,-1,603.86,0.0,0.0,603.86,322.75,0.0,-603.86,Customer Refund,603.86,0.0,603.86,0.0,0.0,0.0,1,322.75,refund,JB,0.0
TXN-01299,2026-03-17,EXPENSE,EXP-2603-2624,Thika Road Hardware & Agrovet Ltd,,,,,,,,0,0.0,0.0,0.0,0.0,0.0,0.0,0.0,Repairs,4517.19,0.0,4517.19,0.0,0.0,0.0,0,0.0,M-PESA,MN,0.0
TXN-01300,2026-03-18,SALE,INV-2603-1972,Thika Road Hardware & Agrovet Ltd,Thika Town,M-Pesa Till,Wholesale,CUS-1026,,Hardware Tools,Spade,7,964.95,0.0,6754.65,6754.65,512.64,3588.48,3166.17,,0.0,6754.65,0.0,6754.65,0.0,0.0,-7,-3588.48,,MN,0.0
TXN-01301,2026-03-18,SALE,INV-2603-1974,Thika Road Hardware & Agrovet Ltd,Thika Town,M-Pesa Till,Retail,CUS-1139,,Paints,Gloss Paint 4L,3,2963.1,0.0,8889.3,8889.3,1788.19,5364.57,3524.73,,0.0,8889.3,0.0,8889.3,0.0,0.0,-3,-5364.57,,SK,0.0
TXN-01302,2026-03-19,SALE,INV-2603-1976,Thika Road Hardware & Agrovet Ltd,Thika Town,Phone Order,Retail,CUS-1124,,Plumbing,PVC Tee 20mm,2,88.73,0.0,177.46,177.46,44.49,88.98,88.48,,0.0,177.46,0.0,177.46,0.0,0.0,-2,-88.98,,PW,0.0
TXN-01303,2026-03-19,SALE,INV-2603-1978,Thika Road Hardware & Agrovet Ltd,Thika Town,M-Pesa Till,Retail,CUS-1094,,Plumbing,Water Tank 1000L,5,12682.05,0.0,63410.25,63410.25,8214.33,41071.65,22338.6,,0.0,63410.25,0.0,63410.25,0.0,0.0,-5,-41071.65,,PW,0.0
TXN-01304,2026-03-19,SUPPLIER_PAYMENT,SP-2603-2631,Thika Road Hardware & Agrovet Ltd,Thika Town,Supplier,,,Nairobi Paints Wholesale,,,0,0.0,0.0,0.0,0.0,0.0,0.0,0.0,Supplier Payment,0.0,0.0,49745.97,0.0,0.0,-49745.97,0,0.0,M-PESA,TK,0.0
TXN-01305,2026-03-20,SALE,INV-2603-1980,Thika Road Hardware & Agrovet Ltd,Thika Town,M-Pesa Till,Wholesale,CUS-1118,,Building Materials,Hollow Block 6in,1,93.99,0.01,93.99,93.05,56.6,56.6,36.45,,0.0,93.05,0.0,93.05,0.0,0.0,-1,-56.6,,TK,0.0
TXN-01306,2026-03-20,CUSTOMER_PAYMENT,RCPT-2603-2776,Thika Road Hardware & Agrovet Ltd,Thika Town,Collections,Contractor,CUS-1209,,,,0,0.0,0.0,0.0,0.0,0.0,0.0,0.0,Customer Collection,0.0,11584.65,0.0,11584.65,11584.65,0.0,0,0.0,M-PESA,TK,0.0
TXN-01307,2026-03-22,SALE,INV-2603-1982,Thika Road Hardware & Agrovet Ltd,Thika Town,Delivery,Retail,CUS-1183,,Plumbing,PVC Pipe 20mm 3m,5,404.49,0.01,2022.45,2002.23,207.78,1038.9,963.33,,0.0,2002.23,0.0,2002.23,0.0,0.0,-5,-1038.9,,JB,0.0
TXN-01308,2026-03-22,SALE,INV-2603-1984,Thika Road Hardware & Agrovet Ltd,Thika Town,Counter,Farmer,CUS-1150,,Electrical,Circuit Breaker 20A,8,742.59,0.0,5940.72,5940.72,417.78,3342.24,2598.48,,0.0,5940.72,0.0,5940.72,0.0,0.0,-8,-3342.24,,MN,0.0
TXN-01309,2026-03-23,SALE,INV-2603-1986,Thika Road Hardware & Agrovet Ltd,Thika Town,Online Order,Farmer,CUS-1188,,Hardware Tools,Measuring Tape 5m,8,398.56,0.0,3188.48,3188.48,208.74,1669.92,1518.56,,0.0,3188.48,0.0,3188.48,0.0,0.0,-8,-1669.92,,TK,0.0
TXN-01310,2026-03-23,CUSTOMER_PAYMENT,RCPT-2603-2768,Thika Road Hardware & Agrovet Ltd,Thika Town,Collections,Contractor,CUS-1003,,,,0,0.0,0.0,0.0,0.0,0.0,0.0,0.0,Customer Collection,0.0,7819.09,0.0,7819.09,7819.09,0.0,0,0.0,M-PESA,RA,0.0
TXN-01311,2026-03-23,CUSTOMER_PAYMENT,RCPT-2603-2772,Thika Road Hardware & Agrovet Ltd,Juja,Collections,Wholesale,CUS-1040,,,,0,0.0,0.0,0.0,0.0,0.0,0.0,0.0,Customer Collection,0.0,23392.61,0.0,23392.61,23392.61,0.0,0,0.0,M-PESA,JB,0.0
TXN-01312,2026-03-24,SALE,INV-2603-1988,Thika Road Hardware & Agrovet Ltd,Juja,Online Order,Retail,CUS-1075,,Hardware Tools,Spade,2,940.36,0.01,1880.72,1861.91,515.68,1031.36,830.55,,0.0,1861.91,0.0,1861.91,0.0,0.0,-2,-1031.36,,TK,0.0
TXN-01313,2026-03-25,SALE,INV-2603-1990,Thika Road Hardware & Agrovet Ltd,Juja,Delivery,Reseller,CUS-1005,,Building Materials,Hollow Block 6in,6,97.99,0.0,587.94,587.94,56.0,336.0,251.94,,0.0,587.94,0.0,587.94,0.0,0.0,-6,-336.0,,MN,0.0
TXN-01314,2026-03-25,SALE,INV-2603-1992,Thika Road Hardware & Agrovet Ltd,Thika Town,Phone Order,Retail,CUS-1206,,Agro Inputs,CAN Fertilizer 50kg,4,4302.79,0.01,17211.16,17039.05,3085.71,12342.84,4696.21,,0.0,17039.05,0.0,17039.05,0.0,0.0,-4,-12342.84,,SK,0.0
TXN-01315,25/03/2026,SALE,INV-2603-1994,Thika Road Hardware & Agrovet Ltd,Thika Town,Delivery,Retail,CUS-1004,,Agro Inputs,CAN Fertilizer 50kg,7,4453.37,0.0,31173.59,31173.59,3055.11,21385.77,9787.82,,0.0,31173.59,0.0,31173.59,0.0,0.0,-7,-21385.77,,JB,0.0
TXN-01316,2026-03-26,REFUND,REF-2603-2476,Thika Road Hardware & Agrovet Ltd,Thika Town,Counter,Farmer,CUS-1188,,Hardware Tools,Measuring Tape 5m,-3,398.56,0.0,0.0,1195.68,208.74,0.0,-1195.68,Customer Refund,1195.68,0.0,1195.68,0.0,0.0,0.0,3,626.22,refund,TK,0.0
TXN-01317,2026-03-26,CUSTOMER_PAYMENT,RCPT-2603-2774,Thika Road Hardware & Agrovet Ltd,Thika Town,Collections,Wholesale,CUS-1001,,,,0,0.0,0.0,0.0,0.0,0.0,0.0,0.0,Customer Collection,0.0,3350.84,0.0,3350.84,3350.84,0.0,0,0.0,M-PESA,SK,0.0
TXN-01318,2026-03-27,SALE,INV-2603-1996,Thika Road Hardware & Agrovet Ltd,Thika Town,Online Order,Wholesale,CUS-1033,,Building Materials,Iron Sheet 3m Gauge30,24,1257.72,0.0,30185.28,30185.28,767.48,18419.52,11765.76,,0.0,30185.28,0.0,30185.28,0.0,0.0,-24,-18419.52,,TK,0.0
TXN-01319,2026-03-27,SALE,INV-2603-1998,Thika Road Hardware & Agrovet Ltd,Juja,M-Pesa Till,Contractor,CUS-1202,,Plumbing,Gate Valve 1in,1,586.35,0.0,586.35,586.35,327.1,327.1,259.25,,0.0,586.35,0.0,586.35,0.0,0.0,-1,-327.1,,PW,0.0
TXN-01320,2026-03-27,SALE,INV-2603-2000,Thika Road Hardware & Agrovet Ltd,Juja,M-Pesa Till,Retail,CUS-1114,,Plumbing,PVC Tee 20mm,6,91.76,0.0,550.56,550.56,45.9,275.4,275.16,,0.0,550.56,0.0,550.56,0.0,0.0,-6,-275.4,,RA,0.0
TXN-01321,2026-03-27,SALE,INV-2603-2002,Thika Road Hardware & Agrovet Ltd,Juja,Online Order,Retail,CUS-1050,,Paints,Gloss Paint 4L,4,3044.7,0.0,12178.8,12178.8,1739.53,6958.12,5220.68,,0.0,12178.8,0.0,12178.8,0.0,0.0,-4,-6958.12,,PW,0.0
TXN-01322,2026-03-27,SALE,INV-2603-2004,Thika Road Hardware & Agrovet Ltd,Juja,Online Order,Farmer,CUS-1181,,Building Materials,Cement 50kg,14,1000.54,0.01,14007.56,13867.48,654.02,9156.28,4711.2,,0.0,13867.48,0.0,13867.48,0.0,0.0,-14,-9156.28,,RA,0.0
TXN-01323,2026-03-27,STOCK_ADJUSTMENT,ADJ-2603-2632,Thika Road Hardware & Agrovet Ltd,Thika Town,Stock Count,,,,Electrical,Circuit Breaker 20A,3,0.0,0.0,0.0,0.0,0.0,0.0,0.0,Stock Adjustment,0.0,0.0,0.0,0.0,0.0,0.0,3,1260.0,Manual count variance,RA,0.0
TXN-01324,2026-03-28,SALE,INV-2603-2006,Thika Road Hardware & Agrovet Ltd,Juja,Delivery,Contractor,CUS-1155,,Agro Inputs,DAP Fertilizer 50kg,1,4726.31,0.03,4726.31,4584.52,3400.71,3400.71,1183.81,,0.0,4584.52,0.0,4584.52,0.0,0.0,-1,-3400.71,,TK,0.0
TXN-01325,2026-03-28,EXPENSE,EXP-2603-2623,Thika Road Hardware & Agrovet Ltd,Juja,Back Office,,,,,,0,0.0,0.0,0.0,0.0,0.0,0.0,0.0,Repairs,8243.95,0.0,8243.95,0.0,0.0,0.0,0,0.0,M-PESA,PW,0.0
TXN-01326,2026-03-29,SALE,INV-2603-2008,Thika Road Hardware & Agrovet Ltd,Juja,Delivery,Reseller,CUS-1201,,Building Materials,Hollow Block 6in,4,94.1,0.0,376.4,376.4,53.95,215.8,160.6,,0.0,376.4,0.0,376.4,0.0,0.0,-4,-215.8,,RA,0.0
TXN-01327,2026-03-29,SALE,INV-2603-2010,Thika Road Hardware & Agrovet Ltd,Thika Town,Online Order,Retail,CUS-1149,,Plumbing,PVC Pipe 20mm 3m,4,372.43,0.0,1489.72,1489.72,208.32,833.28,656.44,,0.0,1489.72,0.0,1489.72,0.0,0.0,-4,-833.28,,TK,0.0
TXN-01328,2026-03-29,EXPENSE,EXP-2603-2627,Thika Road Hardware & Agrovet Ltd,Thika Town,Back Office,,,,,,0,0.0,0.0,0.0,0.0,0.0,0.0,0.0,Staff Salaries,41253.77,0.0,41253.77,0.0,0.0,0.0,0,0.0,M-PESA,JB,0.0
TXN-01329,2026-03-30,EXPENSE,EXP-2603-2626,Thika Road Hardware & Agrovet Ltd,Juja,Back Office,,,,,,0,0.0,0.0,0.0,0.0,0.0,0.0,0.0,Staff Salaries,47701.59,0.0,47701.59,0.0,0.0,0.0,0,0.0,M-PESA,PW,0.0
TXN-01330,2026-03-30,SUPPLIER_PAYMENT,SP-2603-2629,Thika Road Hardware & Agrovet Ltd,Thika Town,Supplier,,,ElectroParts Kenya,,,0,0.0,0.0,0.0,0.0,0.0,0.0,0.0,Supplier Payment,0.0,0.0,44939.18,0.0,0.0,-44939.18,0,0.0,Bank Transfer,TK,0.0
TXN-01331,2026-03-30,SUPPLIER_PAYMENT,SP-2603-2630,Thika Road Hardware & Agrovet Ltd,Juja,Supplier,,,Nairobi Paints Wholesale,,,0,0.0,0.0,0.0,0.0,0.0,0.0,0.0,Supplier Payment,0.0,0.0,56448.67,0.0,0.0,-56448.67,0,0.0,Cheque,SK,0.0
TXN-01332,2026-03-31,SALE,INV-2603-2012,Thika Road Hardware & Agrovet Ltd,Thika Town,M-Pesa Till,Farmer,CUS-1116,,Paints,Wood Varnish 1L,3,670.77,0.03,2012.31,1951.94,379.89,1139.67,812.27,,0.0,1951.94,0.0,1951.94,0.0,0.0,-3,-1139.67,,TK,0.0
TXN-01333,2026-03-31,PURCHASE,GRN-2603-2013,Thika Road Hardware & Agrovet Ltd,Thika Town,Supplier,,,AgroChem Kenya Distributors,Building Materials,Iron Sheet 3m Gauge30,150,763.19,0.0,0.0,0.0,763.19,114478.5,0.0,Purchase,0.0,0.0,68687.1,0.0,0.0,45791.4,150,114478.5,,RA,0.0
TXN-01334,2026-03-31,SALE,INV-2603-2014,Thika Road Hardware & Agrovet Ltd,Thika Town,Online Order,Retail,CUS-1212,,Building Materials,Iron Sheet 3m Gauge30,24,1172.88,0.0,28149.12,28149.12,796.93,19126.32,9022.8,,0.0,28149.12,0.0,28149.12,0.0,0.0,-24,-19126.32,,MN,0.0
TXN-01335,2026-04-01,SALE,INV-2604-2016,Thika Road Hardware & Agrovet Ltd,Juja,Online Order,Retail,CUS-1058,,Electrical,Electrical Cable 2.5mm (roll),6,5121.86,0.0,30731.16,30731.16,3167.5,19005.0,11726.16,,0.0,30731.16,0.0,30731.16,0.0,0.0,-6,-19005.0,,PW,0.0
TXN-01336,2026-04-01,SALE,INV-2604-2018,Thika Road Hardware & Agrovet Ltd,Thika Town,Counter,Farmer,CUS-1024,,Building Materials,Hollow Block 6in,20,98.79,0.0,1975.8,1975.8,54.61,1092.2,883.6,,0.0,1975.8,0.0,1975.8,0.0,0.0,-20,-1092.2,,TK,0.0
TXN-01337,2026-04-01,SALE,INV-2604-2020,Thika Road Hardware & Agrovet Ltd,Juja,M-Pesa Till,Farmer,CUS-1214,,Paints,Gloss Paint 4L,8,2874.95,0.0,22999.6,22999.6,1780.27,14242.16,8757.44,,0.0,22999.6,0.0,22999.6,0.0,0.0,-8,-14242.16,,JB,0.0
TXN-01338,2026-04-01,SALE,INV-2604-2022,Thika Road Hardware & Agrovet Ltd,Thika Town,Delivery,Retail,CUS-1133,,Electrical,Electrical Cable 2.5mm (roll),3,5126.76,0.01,15380.28,15226.48,3249.63,9748.89,5477.59,,0.0,15226.48,0.0,15226.48,0.0,0.0,-3,-9748.89,,RA,0.0
TXN-01339,01/04/2026,SALE,INV-2604-2024,Thika Road Hardware & Agrovet Ltd,Thika Town,Phone Order,Retail,CUS-1162,,Electrical,LED Bulb 12W,7,303.42,0.02,2123.94,2081.46,149.29,1045.03,1036.43,,0.0,2081.46,0.0,2081.46,0.0,0.0,-7,-1045.03,,JB,0.0
TXN-01340,2026-04-01,SALE,INV-2604-2026,Thika Road Hardware & Agrovet Ltd,Thika Town,Delivery,Contractor,CUS-1091,,Building Materials,Iron Sheet 3m Gauge30,14,1165.66,0.02,16319.24,15992.86,782.15,10950.1,5042.76,,0.0,15992.86,0.0,15992.86,0.0,0.0,-14,-10950.1,,SK,0.0
TXN-01341,2026-04-01,CUSTOMER_PAYMENT,RCPT-2604-2780,Thika Road Hardware & Agrovet Ltd,Juja,Collections,Contractor,CUS-1053,,,,0,0.0,0.0,0.0,0.0,0.0,0.0,0.0,Customer Collection,0.0,14250.93,0.0,14250.93,14250.93,0.0,0,0.0,Bank Transfer,JB,0.0
TXN-01342,2026-04-02,SALE,INV-2604-2028,Thika Road Hardware & Agrovet Ltd,Thika Town,Delivery,Wholesale,CUS-1176,,Hardware Tools,Spade,8,922.27,0.03,7378.16,7156.82,523.24,4185.92,2970.9,,0.0,2361.8,0.0,2361.8,4795.02,0.0,-8,-4185.92,,PW,0.0
TXN-01343,2026-04-03,SALE,INV-2604-2030,Thika Road Hardware & Agrovet Ltd,Juja,Phone Order,Farmer,CUS-1079,,Plumbing,PVC Pipe 20mm 3m,1,384.95,0.0,384.95,384.95,214.71,214.71,170.24,,0.0,384.95,0.0,384.95,0.0,0.0,-1,-214.71,,SK,0.0
TXN-01344,2026-04-03,SALE,INV-2604-2032,Thika Road Hardware & Agrovet Ltd,Thika Town,M-Pesa Till,Wholesale,CUS-1106,,Paints,Gloss Paint 4L,5,2986.01,0.0,14930.05,14930.05,1718.81,8594.05,6336.0,,0.0,14930.05,0.0,14930.05,0.0,0.0,-5,-8594.05,,MN,0.0
TXN-01345,2026-04-03,SALE,INV-2604-2034,Thika Road Hardware & Agrovet Ltd,Juja,M-Pesa Till,Retail,CUS-1145,,Agro Inputs,DAP Fertilizer 50kg,8,5004.56,0.0,40036.48,40036.48,3401.78,27214.24,12822.24,,0.0,40036.48,0.0,40036.48,0.0,0.0,-8,-27214.24,,RA,0.0
TXN-01346,2026-04-03,SALE,INV-2604-2036,Thika Road Hardware & Agrovet Ltd,Thika Town,Delivery,Retail,CUS-1217,,Paints,Gloss Paint 4L,3,2995.32,0.0,8985.96,8985.96,1734.46,5203.38,3782.58,,0.0,8985.96,0.0,8985.96,0.0,0.0,-3,-5203.38,,TK,0.0
TXN-01347,2026-04-03,SUPPLIER_PAYMENT,SP-2604-2640,Thika Road Hardware & Agrovet Ltd,Thika Town,Supplier,,,ElectroParts Kenya,,,0,0.0,0.0,0.0,0.0,0.0,0.0,0.0,Supplier Payment,0.0,0.0,36863.0,0.0,0.0,-36863.0,0,0.0,Bank Transfer,JB,0.0
TXN-01348,2026-04-03,CUSTOMER_PAYMENT,RCPT-2604-2782,Thika Road Hardware & Agrovet Ltd,Thika Town,Collections,Contractor,CUS-1078,,,,0,0.0,0.0,0.0,0.0,0.0,0.0,0.0,Customer Collection,0.0,8458.69,0.0,8458.69,8458.69,0.0,0,0.0,M-PESA,SK,0.0
TXN-01349,2026-04-04,SALE,INV-2604-2038,Thika Road Hardware & Agrovet Ltd,Juja,M-Pesa Till,Wholesale,CUS-1033,,Building Materials,River Sand (ton),7,1910.95,0.0,13376.65,13376.65,1180.19,8261.33,5115.32,,0.0,6914.7,0.0,6914.7,6461.95,0.0,-7,-8261.33,,SK,0.0
TXN-01350,2026-04-04,SALE,INV-2604-2040,Thika Road Hardware & Agrovet Ltd,Juja,Delivery,Farmer,CUS-1159,,Building Materials,Hollow Block 6in,21,98.64,0.0,2071.44,2071.44,54.44,1143.24,928.2,,0.0,2071.44,0.0,2071.44,0.0,0.0,-21,-1143.24,,RA,0.0
TXN-01351,2026-04-05,SALE,INV-2604-2042,Thika Road Hardware & Agrovet Ltd,Thika Town,M-Pesa Till,Contractor,CUS-1066,,Building Materials,River Sand (ton),21,1952.87,0.0,41010.27,41010.27,1227.88,25785.48,15224.79,,0.0,41010.27,0.0,41010.27,0.0,0.0,-21,-25785.48,,SK,0.0
TXN-01352,2026-04-05,SALE,INV-2604-2044,Thika Road Hardware & Agrovet Ltd,Thika Town,M-Pesa Till,Farmer,CUS-1023,,Electrical,LED Bulb 12W,4,310.55,0.0,1242.2,1242.2,149.94,599.76,642.44,,0.0,1242.2,0.0,1242.2,0.0,0.0,-4,-599.76,,MN,0.0
TXN-01353,2026-04-05,SALE,INV-2604-2046,Thika Road Hardware & Agrovet Ltd,Juja,Phone Order,Retail,CUS-1217,,Paints,Gloss Paint 4L,5,2768.02,0.0,13840.1,13840.1,1743.12,8715.6,5124.5,,0.0,13840.1,0.0,13840.1,0.0,0.0,-5,-8715.6,,TK,0.0
TXN-01354,2026-04-05,SALE,INV-2604-2048,Thika Road Hardware & Agrovet Ltd,Thika Town,Counter,Contractor,CUS-1101,,Building Materials,Hollow Block 6in,10,95.15,0.0,951.5,951.5,56.51,565.1,386.4,,0.0,951.5,0.0,951.5,0.0,0.0,-10,-565.1,,MN,0.0
TXN-01355,2026-04-05,CUSTOMER_PAYMENT,RCPT-2604-2773,Thika Road Hardware & Agrovet Ltd,Thika Town,Collections,Contractor,CUS-1155,,,,0,0.0,0.0,0.0,0.0,0.0,0.0,0.0,Customer Collection,0.0,5801.95,0.0,5801.95,5801.95,0.0,0,0.0,Bank Transfer,JB,0.0
TXN-01356,2026-04-06,SALE,INV-2604-2050,Thika Road Hardware & Agrovet Ltd,Thika Town,Phone Order,Farmer,CUS-1041,,Building Materials,River Sand (ton),4,1854.29,0.0,7417.16,7417.16,1201.54,4806.16,2611.0,,0.0,7417.16,0.0,7417.16,0.0,0.0,-4,-4806.16,,SK,0.0
TXN-01357,2026-04-07,SALE,INV-2604-2052,Thika Road Hardware & Agrovet Ltd,Thika Town,Delivery,Retail,CUS-1203,,Hardware Tools,Wheelbarrow,3,6342.8,0.0,19028.4,19028.4,4211.94,12635.82,6392.58,,0.0,19028.4,0.0,19028.4,0.0,0.0,-3,-12635.82,,MN,0.0
TXN-01358,2026-04-07,SALE,INV-2604-2054,Thika Road Hardware & Agrovet Ltd,Thika Town,Delivery,Wholesale,CUS-1014,,Agro Inputs,Maize Seed 2kg Pack,1,763.51,0.05,763.51,725.33,474.77,474.77,250.56,,0.0,409.44,0.0,409.44,315.89,0.0,-1,-474.77,,MN,0.0
TXN-01359,2026-04-08,SALE,INV-2604-2056,Thika Road Hardware & Agrovet Ltd,Thika Town,Online Order,Retail,CUS-1152,,Agro Inputs,Maize Seed 2kg Pack,6,742.19,0.0,4453.14,4453.14,489.05,2934.3,1518.84,,0.0,4453.14,0.0,4453.14,0.0,0.0,-6,-2934.3,,SK,0.0
TXN-01360,2026-04-08,PURCHASE,GRN-2604-2057,Thika Road Hardware & Agrovet Ltd,Juja,Supplier,,,Thika Building Suppliers Ltd,Building Materials,Cement 50kg,163,633.94,0.0,0.0,0.0,633.94,103332.22,0.0,Purchase,0.0,0.0,103332.22,0.0,0.0,0.0,163,103332.22,,RA,0.0
TXN-01361,2026-04-08,SALE,INV-2604-2058,Thika Road Hardware & Agrovet Ltd,Thika Town,Delivery,Retail,CUS-1111,,Building Materials,Cement 50kg,10,972.02,0.0,9720.2,9720.2,628.33,6283.3,3436.9,,0.0,9720.2,0.0,9720.2,0.0,0.0,-10,-6283.3,,TK,0.0
TXN-01362,2026-04-08,SALE,INV-2604-2060,Thika Road Hardware & Agrovet Ltd,Thika Town,Phone Order,Contractor,CUS-1078,,Building Materials,River Sand (ton),12,1776.85,0.0,21322.2,21322.2,1192.58,14310.96,7011.24,,0.0,21322.2,0.0,21322.2,0.0,0.0,-12,-14310.96,,RA,0.0
TXN-01363,2026-04-09,SALE,INV-2604-2062,Thika Road Hardware & Agrovet Ltd,Juja,Delivery,Wholesale,CUS-1092,,Plumbing,PVC Tee 20mm,2,88.98,0.0,177.96,177.96,44.18,88.36,89.6,,0.0,177.96,0.0,177.96,0.0,0.0,-2,-88.36,,SK,0.0
TXN-01364,2026-04-09,SALE,INV-2604-2064,Thika Road Hardware & Agrovet Ltd,Juja,Counter,Contractor,CUS-1157,,Agro Inputs,DAP Fertilizer 50kg,1,4598.58,0.0,4598.58,4598.58,3365.16,3365.16,1233.42,,0.0,2141.43,0.0,2141.43,2457.15,0.0,-1,-3365.16,,SK,0.0
TXN-01365,2026-04-09,SALE,INV-2604-2066,Thika Road Hardware & Agrovet Ltd,Juja,Online Order,Retail,CUS-1160,,Plumbing,Water Tank 1000L,7,12979.66,0.0,90857.62,90857.62,8415.4,58907.8,31949.82,,0.0,90857.62,0.0,90857.62,0.0,0.0,-7,-58907.8,,RA,0.0
TXN-01366,2026-04-09,EXPENSE,EXP-2604-2633,Thika Road Hardware & Agrovet Ltd,Thika Town,Back Office,,,,,,0,0.0,0.0,0.0,0.0,0.0,0.0,0.0,Rent,25578.16,0.0,25578.16,0.0,0.0,0.0,0,0.0,Cash,JB,0.0
TXN-01367,2026-04-10,PURCHASE,GRN-2604-2067,Thika Road Hardware & Agrovet Ltd,Thika Town,Supplier,,,Bamburi Cement Depot,Building Materials,River Sand (ton),126,1185.44,0.0,0.0,0.0,1185.44,149365.44,0.0,Purchase,0.0,0.0,89619.26,0.0,0.0,59746.18,126,149365.44,,RA,0.0
TXN-01368,2026-04-10,SALE,INV-2604-2068,Thika Road Hardware & Agrovet Ltd,Juja,Phone Order,Farmer,CUS-1105,,Building Materials,River Sand (ton),23,1919.01,0.0,44137.23,44137.23,1208.25,27789.75,16347.48,,0.0,44137.23,0.0,44137.23,0.0,0.0,-23,-27789.75,,PW,0.0
TXN-01369,2026-04-10,SALE,INV-2604-2070,Thika Road Hardware & Agrovet Ltd,Juja,M-Pesa Till,Wholesale,CUS-1001,,Electrical,Circuit Breaker 20A,4,757.8,0.0,3031.2,3031.2,426.81,1707.24,1323.96,,0.0,3031.2,0.0,3031.2,0.0,0.0,-4,-1707.24,,RA,0.0
TXN-01370,2026-04-10,SALE,INV-2604-2072,Thika Road Hardware & Agrovet Ltd,Thika Town,,Contractor,CUS-1171,,Agro Inputs,Maize Seed 2kg Pack,1,783.03,0.0,783.03,783.03,480.33,480.33,302.7,,0.0,783.03,0.0,783.03,0.0,0.0,-1,-480.33,,MN,0.0
TXN-01371,2026-04-11,SALE,INV-2604-2074,Thika Road Hardware & Agrovet Ltd,Juja,M-Pesa Till,Retail,CUS-1059,,Building Materials,Cement 50kg,5,951.58,0.0,4757.9,4757.9,633.38,3166.9,1591.0,,0.0,4757.9,0.0,4757.9,0.0,0.0,-5,-3166.9,,PW,0.0
TXN-01372,2026-04-11,SALE,INV-2604-2076,Thika Road Hardware & Agrovet Ltd,Juja,Online Order,Retail,CUS-1146,,Building Materials,Cement 50kg,4,981.17,0.0,3924.68,3924.68,652.73,2610.92,1313.76,,0.0,3924.68,0.0,3924.68,0.0,0.0,-4,-2610.92,,PW,0.0
TXN-01373,11-04-2026,SUPPLIER_PAYMENT,SP-2604-2641,Thika Road Hardware & Agrovet Ltd,Thika Town,Supplier,,,AgroChem Kenya Distributors,,,0,0.0,0.0,0.0,0.0,0.0,0.0,0.0,Supplier Payment,0.0,0.0,17751.57,0.0,0.0,-17751.57,0,0.0,Cheque,RA,0.0
TXN-01374,2026-04-12,SALE,INV-2604-2078,Thika Road Hardware & Agrovet Ltd,Thika Town,Delivery,Reseller,CUS-1022,,Building Materials,Hollow Block 6in,23,99.03,0.0,2277.69,2277.69,55.97,1287.31,990.38,,0.0,2277.69,0.0,2277.69,0.0,0.0,-23,-1287.31,,PW,0.0
TXN-01375,2026-04-12,CUSTOMER_PAYMENT,RCPT-2604-2778,Thika Road Hardware & Agrovet Ltd,Thika Town,Collections,Contractor,CUS-1065,,,,0,0.0,0.0,0.0,0.0,0.0,0.0,0.0,Customer Collection,0.0,781.57,0.0,781.57,781.57,0.0,0,0.0,M-PESA,MN,0.0
TXN-01376,2026-04-13,SALE,INV-2604-2080,Thika Road Hardware & Agrovet Ltd,Thika Town,Counter,Retail,CUS-1175,,Paints,Gloss Paint 4L,2,3072.06,0.0,6144.12,6144.12,1767.15,3534.3,2609.82,,0.0,6144.12,0.0,6144.12,0.0,0.0,-2,-3534.3,,TK,0.0
TXN-01377,2026-04-13,CUSTOMER_PAYMENT,RCPT-2604-2775,Thika Road Hardware & Agrovet Ltd,Juja,Collections,Wholesale,CUS-1009,,,,0,0.0,0.0,0.0,0.0,0.0,0.0,0.0,Customer Collection,0.0,3804.6,0.0,3804.6,3804.6,0.0,0,0.0,M-PESA,PW,0.0
TXN-01378,2026-04-14,SALE,INV-2604-2082,Thika Road Hardware & Agrovet Ltd,Thika Town,Phone Order,Farmer,CUS-1159,,Building Materials,Iron Sheet 3m Gauge30,12,1144.89,0.0,13738.68,13738.68,790.11,9481.32,4257.36,,0.0,13738.68,0.0,13738.68,0.0,0.0,-12,-9481.32,,JB,0.0
TXN-01379,2026-04-14,SALE,INV-2604-2084,Thika Road Hardware & Agrovet Ltd,Thika Town,M-Pesa Till,Farmer,CUS-1188,,Agro Inputs,Pesticide 1L,2,1042.85,0.0,2085.7,2085.7,624.94,1249.88,835.82,,0.0,2085.7,0.0,2085.7,0.0,0.0,-2,-1249.88,,SK,0.0
TXN-01380,2026-04-14,CUSTOMER_PAYMENT,RCPT-2604-2777,Thika Road Hardware & Agrovet Ltd,Juja,Collections,Wholesale,CUS-1046,,,,0,0.0,0.0,0.0,0.0,0.0,0.0,0.0,Customer Collection,0.0,583.39,0.0,583.39,583.39,0.0,0,0.0,M-PESA,JB,0.0
TXN-01381,2026-04-15,SALE,INV-2604-2086,Thika Road Hardware & Agrovet Ltd,Thika Town,Delivery,Contractor,CUS-1029,,Plumbing,PVC Tee 20mm,0,92.33,0.0,276.99,276.99,44.73,134.19,142.8,,0.0,84.83,0.0,84.83,192.16,0.0,-3,-134.19,,MN,0.0
TXN-01382,2026-04-15,SALE,INV-2604-2088,Thika Road Hardware & Agrovet Ltd,Thika Town,Online Order,Reseller,CUS-1173,,Building Materials,Hollow Block 6in,1,98.32,0.02,98.32,96.35,56.16,56.16,40.19,,0.0,96.35,0.0,96.35,0.0,0.0,-1,-56.16,,SK,0.0
TXN-01383,2026-04-15,EXPENSE,EXP-2604-2637,Thika Road Hardware & Agrovet Ltd,Juja,Back Office,,,,,,0,0.0,0.0,0.0,0.0,0.0,0.0,0.0,Staff Salaries,50870.31,0.0,50870.31,0.0,0.0,0.0,0,0.0,Cheque,JB,0.0
TXN-01384,2026-04-16,SALE,INV-2604-2090,Thika Road Hardware & Agrovet Ltd,Thika Town,Delivery,Retail,CUS-1208,,Hardware Tools,Spade,5,911.86,0.02,4559.3,4468.11,530.2,2651.0,1817.11,,0.0,4468.11,0.0,4468.11,0.0,0.0,-5,-2651.0,,RA,0.0
TXN-01385,2026-04-16,SALE,INV-2604-2092,Thika Road Hardware & Agrovet Ltd,Juja,Online Order,Retail,CUS-1088,,Paints,Wood Varnish 1L,1,682.74,0.0,682.74,682.74,389.12,389.12,293.62,,0.0,682.74,0.0,682.74,0.0,0.0,-1,-389.12,,PW,0.0
TXN-01386,2026-04-16,EXPENSE,EXP-2604-2635,Thika Road Hardware & Agrovet Ltd,Juja,Back Office,,,,,,0,0.0,0.0,0.0,0.0,0.0,0.0,0.0,Staff Salaries,36228.36,0.0,36228.36,0.0,0.0,0.0,0,0.0,Bank Transfer,TK,0.0
TXN-01387,2026-04-16,CUSTOMER_PAYMENT,RCPT-2604-2783,Thika Road Hardware & Agrovet Ltd,Thika Town,Collections,Wholesale,CUS-1176,,,,0,0.0,0.0,0.0,0.0,0.0,0.0,0.0,Customer Collection,0.0,3548.73,0.0,3548.73,3548.73,0.0,0,0.0,Bank Transfer,SK,0.0
TXN-01388,2026-04-17,SALE,INV-2604-2094,Thika Road Hardware & Agrovet Ltd,Juja,Phone Order,Contractor,CUS-1039,,Hardware Tools,Spade,5,988.09,0.0,4940.45,4940.45,524.05,2620.25,2320.2,,0.0,2391.18,0.0,2391.18,2549.27,0.0,-5,-2620.25,,SK,0.0
TXN-01389,2026-04-17,SALE,INV-2604-2096,Thika Road Hardware & Agrovet Ltd,Thika Town,Counter,Retail,CUS-1160,,Electrical,LED Bulb 12W,3,298.41,0.0,895.23,895.23,148.34,445.02,450.21,,0.0,895.23,0.0,895.23,0.0,0.0,-3,-445.02,,SK,0.0
TXN-01390,2026-04-17,REFUND,REF-2604-2471,Thika Road Hardware & Agrovet Ltd,Juja,Counter,Contractor,CUS-1157,,Agro Inputs,DAP Fertilizer 50kg,-1,4598.58,0.0,0.0,4598.58,3365.16,0.0,-4598.58,Customer Refund,4598.58,0.0,4598.58,0.0,0.0,0.0,1,3365.16,refund,SK,0.0
TXN-01391,2026-04-18,SALE,INV-2604-2098,Thika Road Hardware & Agrovet Ltd,Thika Town,Online Order,Contractor,CUS-1171,,Plumbing,PVC Pipe 20mm 3m,3,388.02,0.01,1164.06,1152.42,212.01,636.03,516.39,,0.0,1152.42,0.0,1152.42,0.0,0.0,-3,-636.03,,MN,0.0
TXN-01392,2026-04-18,SALE,INV-2604-2100,Thika Road Hardware & Agrovet Ltd,Thika Town,Online Order,Contractor,CUS-1029,,Building Materials,River Sand (ton),7,1879.61,0.0,13157.27,13157.27,1187.05,8309.35,4847.92,,0.0,13157.27,0.0,13157.27,0.0,0.0,-7,-8309.35,,JB,0.0
TXN-01393,2026-04-19,SALE,INV-2604-2102,Thika Road Hardware & Agrovet Ltd,Thika Town,Counter,Retail,CUS-1047,,Building Materials,River Sand (ton),14,1829.67,0.02,25615.38,25103.07,1211.76,16964.64,8138.43,,0.0,25103.07,0.0,25103.07,0.0,0.0,-14,-16964.64,,TK,0.0
TXN-01394,2026-04-19,SALE,INV-2604-2104,Thika Road Hardware & Agrovet Ltd,Thika Town,Counter,Contractor,CUS-1089,,Building Materials,River Sand (ton),21,1833.49,0.0,38503.29,38503.29,1208.97,25388.37,13114.92,,0.0,38503.29,0.0,38503.29,0.0,0.0,-21,-25388.37,,PW,0.0
TXN-01395,2026-04-19,SALE,INV-2604-2106,Thika Road Hardware & Agrovet Ltd,Thika Town,Delivery,Contractor,CUS-1066,,Building Materials,Iron Sheet 3m Gauge30,20,1243.38,0.0,24867.6,24867.6,771.11,15422.2,9445.4,,0.0,24867.6,0.0,24867.6,0.0,0.0,-20,-15422.2,,MN,0.0
TXN-01396,2026-04-19,SALE,INV-2604-2108,Thika Road Hardware & Agrovet Ltd,Thika Town,M-Pesa Till,Reseller,CUS-1005,,Electrical,Circuit Breaker 20A,1,742.55,0.0,742.55,742.55,412.6,412.6,329.95,,0.0,742.55,0.0,742.55,0.0,0.0,-1,-412.6,,RA,0.0
TXN-01397,2026-04-19,EXPENSE,EXP-2604-2638,Thika Road Hardware & Agrovet Ltd,Juja,Back Office,,,,,,0,0.0,0.0,0.0,0.0,0.0,0.0,0.0,Staff Salaries,37785.39,0.0,37785.39,0.0,0.0,0.0,0,0.0,M-PESA,JB,0.0
TXN-01398,2026-04-20,SALE,INV-2604-2110,Thika Road Hardware & Agrovet Ltd,Thika Town,Phone Order,Retail,CUS-1172,,Building Materials,Iron Sheet 3m Gauge30,8,1217.07,0.01,9736.56,9639.19,773.94,6191.52,3447.67,,0.0,9639.19,0.0,9639.19,0.0,0.0,-8,-6191.52,,TK,0.0
TXN-01399,2026-04-20,SALE,INV-2604-2112,Thika Road Hardware & Agrovet Ltd,Thika Town,Delivery,,CUS-1066,,Building Materials,Cement 50kg,14,971.1,0.0,13595.4,13595.4,633.24,8865.36,4730.04,,0.0,13595.4,0.0,13595.4,0.0,0.0,-14,-8865.36,,RA,0.0
TXN-01400,2026-04-20,CUSTOMER_PAYMENT,RCPT-2604-2785,Thika Road Hardware & Agrovet Ltd,Juja,Collections,Contractor,CUS-1157,,,,0,0.0,0.0,0.0,0.0,0.0,0.0,0.0,Customer Collection,0.0,2157.13,0.0,2157.13,2157.13,0.0,0,0.0,Bank Transfer,RA,0.0
TXN-01401,2026-04-21,SALE,INV-2604-2114,Thika Road Hardware & Agrovet Ltd,Juja,Phone Order,Farmer,CUS-1052,,Hardware Tools,Wheelbarrow,6,6627.08,0.01,39762.48,39364.86,4209.01,25254.06,14110.8,,0.0,39364.86,0.0,39364.86,0.0,0.0,-6,-25254.06,,JB,0.0
TXN-01402,2026-04-22,SALE,INV-2604-2116,Thika Road Hardware & Agrovet Ltd,Juja,M-Pesa Till,Reseller,CUS-1136,,Plumbing,PVC Tee 20mm,3,92.29,0.0,276.87,276.87,44.69,134.07,142.8,,0.0,276.87,0.0,276.87,0.0,0.0,-3,-134.07,,JB,0.0
TXN-01403,2026-04-22,SALE,INV-2604-2118,Thika Road Hardware & Agrovet Ltd,Juja,M-Pesa Till,Contractor,CUS-1164,,Agro Inputs,DAP Fertilizer 50kg,8,4854.14,0.0,38833.12,38833.12,3333.19,26665.52,12167.6,,0.0,16315.76,0.0,16315.76,22517.36,0.0,-8,-26665.52,,MN,0.0
TXN-01404,2026-04-22,SALE,INV-2604-2120,Thika Road Hardware & Agrovet Ltd,Thika Town,Counter,Retail,CUS-1083,,Hardware Tools,Spade,7,916.33,0.0,6414.31,6414.31,516.91,3618.37,2795.94,,0.0,6414.31,0.0,6414.31,0.0,0.0,-7,-3618.37,,TK,0.0
TXN-01405,2026-04-22,SALE,INV-2604-2122,Thika Road Hardware & Agrovet Ltd,Juja,Counter,Contractor,CUS-1210,,Agro Inputs,Pesticide 1L,4,1027.43,0.0,4109.72,4109.72,621.16,2484.64,1625.08,,0.0,4109.72,0.0,4109.72,0.0,0.0,-4,-2484.64,,PW,0.0
TXN-01406,2026-04-22,CUSTOMER_PAYMENT,RCPT-2604-2781,Thika Road Hardware & Agrovet Ltd,Juja,Collections,Wholesale,CUS-1081,,,,0,0.0,0.0,0.0,0.0,0.0,0.0,0.0,Customer Collection,0.0,16777.58,0.0,16777.58,16777.58,0.0,0,0.0,Bank Transfer,TK,0.0
TXN-01407,2026-04-23,SALE,INV-2604-2124,Thika Road Hardware & Agrovet Ltd,Juja,Delivery,Retail,CUS-1168,,Building Materials,Cement 50kg,7,1030.5,0.0,7213.5,7213.5,628.91,4402.37,2811.13,,0.0,7213.5,0.0,7213.5,0.0,0.0,-7,-4402.37,,SK,0.0
TXN-01408,2026-04-23,SALE,INV-2604-2126,Thika Road Hardware & Agrovet Ltd,Juja,Phone Order,Contractor,CUS-1064,,Building Materials,River Sand (ton),6,1856.71,0.0,11140.26,11140.26,1234.18,7405.08,3735.18,,0.0,11140.26,0.0,11140.26,0.0,0.0,-6,-7405.08,,MN,0.0
TXN-01409,2026-04-23,SALE,INV-2604-2128,Thika Road Hardware & Agrovet Ltd,Thika Town,Delivery,Farmer,CUS-1000,,Electrical,Electrical Cable 2.5mm (roll),5,5106.67,0.0,25533.35,25533.35,3196.04,15980.2,9553.15,,0.0,25533.35,0.0,25533.35,0.0,0.0,-5,-15980.2,,SK,0.0
TXN-01410,2026-04-24,SALE,INV-2604-2130,Thika Road Hardware & Agrovet Ltd,Juja,M-Pesa Till,Retail,CUS-1036,,Paints,Paint Brush 4in,2,209.74,0.0,419.48,419.48,97.44,194.88,224.6,,0.0,419.48,0.0,419.48,0.0,0.0,-2,-194.88,,SK,0.0
TXN-01411,2026-04-24,SALE,INV-2604-2132,Thika Road Hardware & Agrovet Ltd,Juja,Delivery,Contractor,CUS-1182,,Paints,Wood Varnish 1L,8,632.62,0.0,5060.96,5060.96,373.89,2991.12,2069.84,,0.0,3337.35,0.0,3337.35,1723.61,0.0,-8,-2991.12,,MN,0.0
TXN-01412,2026-04-24,SUPPLIER_PAYMENT,SP-2604-2642,Thika Road Hardware & Agrovet Ltd,Juja,Supplier,,,Bamburi Cement Depot,,,0,0.0,0.0,0.0,0.0,0.0,0.0,0.0,Supplier Payment,0.0,0.0,14866.59,0.0,0.0,-14866.59,0,0.0,Bank Transfer,JB,0.0
TXN-01413,2026-04-25,SALE,INV-2604-2134,Thika Road Hardware & Agrovet Ltd,Juja,Phone Order,Wholesale,CUS-1125,,Plumbing,Gate Valve 1in,7,585.11,0.01,4095.77,4054.81,323.15,2262.05,1792.76,,0.0,4054.81,0.0,4054.81,0.0,0.0,-7,-2262.05,,JB,0.0
TXN-01414,2026-04-25,SALE,INV-2604-2136,Thika Road Hardware & Agrovet Ltd,Juja,Phone Order,Retail,CUS-1085,,Building Materials,Iron Sheet 3m Gauge30,3,1243.74,0.0,3731.22,3731.22,769.91,2309.73,1421.49,,0.0,3731.22,0.0,3731.22,0.0,0.0,-3,-2309.73,,PW,0.0
TXN-01415,2026-04-25,SALE,INV-2604-2138,Thika Road Hardware & Agrovet Ltd,Juja,Online Order,Retail,CUS-1183,,Hardware Tools,Wheelbarrow,1,6676.27,0.03,6676.27,6475.98,4250.88,4250.88,2225.1,,0.0,6475.98,0.0,6475.98,0.0,0.0,-1,-4250.88,,PW,0.0
TXN-01416,2026-04-25,EXPENSE,EXP-2604-2634,Thika Road Hardware & Agrovet Ltd,Thika Town,Back Office,,,,,,0,0.0,0.0,0.0,0.0,0.0,0.0,0.0,Staff Salaries,48198.29,0.0,48198.29,0.0,0.0,0.0,0,0.0,Bank Transfer,PW,0.0
TXN-01417,2026-04-25,STOCK_ADJUSTMENT,ADJ-2604-2643,Thika Road Hardware & Agrovet Ltd,Juja,Stock Count,,,,Electrical,Electrical Cable 2.5mm (roll),-1,0.0,0.0,0.0,0.0,0.0,0.0,0.0,Stock Adjustment,0.0,0.0,0.0,0.0,0.0,0.0,-1,-3200.0,Manual count variance,MN,0.0
TXN-01418,2026-04-26,SALE,INV-2604-2140,Thika Road Hardware & Agrovet Ltd,Juja,M-Pesa Till,Farmer,CUS-1006,,Plumbing,PVC Pipe 20mm 3m,4,359.16,0.0,1436.64,1436.64,207.04,828.16,608.48,,0.0,1436.64,0.0,1436.64,0.0,0.0,-4,-828.16,,JB,0.0
TXN-01419,2026-04-26,SALE,INV-2604-2142,Thika Road Hardware & Agrovet Ltd,Thika Town,Online Order,Retail,CUS-1098,,Building Materials,Hollow Block 6in,17,95.62,0.02,1625.54,1593.03,54.72,930.24,662.79,,0.0,1593.03,0.0,1593.03,0.0,0.0,-17,-930.24,,PW,0.0
TXN-01420,2026-04-26,SALE,INV-2604-2144,Thika Road Hardware & Agrovet Ltd,Thika Town,Online Order,Farmer,CUS-1086,,Electrical,Circuit Breaker 20A,1,762.65,0.01,762.65,755.02,417.97,417.97,337.05,,0.0,755.02,0.0,755.02,0.0,0.0,-1,-417.97,,TK,0.0
TXN-01421,2026-04-26,SALE,INV-2604-2146,Thika Road Hardware & Agrovet Ltd,Juja,Counter,Farmer,CUS-1159,,Plumbing,Water Tank 1000L,7,12614.52,0.01,88301.64,87418.62,8375.06,58625.42,28793.2,,0.0,87418.62,0.0,87418.62,0.0,0.0,-7,-58625.42,,TK,0.0
TXN-01422,2026-04-26,SALE,INV-2604-2148,Thika Road Hardware & Agrovet Ltd,,Phone Order,Reseller,CUS-1201,,Paints,Gloss Paint 4L,5,2896.13,0.02,14480.65,14191.04,1755.46,8777.3,5413.74,,0.0,14191.04,0.0,14191.04,0.0,0.0,-5,-8777.3,,TK,0.0
TXN-01423,2026-04-27,SALE,INV-2604-2150,Thika Road Hardware & Agrovet Ltd,Juja,Phone Order,Farmer,CUS-1079,,Plumbing,Water Tank 1000L,8,11842.03,0.0,94736.24,94736.24,8093.12,64744.96,29991.28,,0.0,94736.24,0.0,94736.24,0.0,0.0,-8,-64744.96,,RA,0.0
TXN-01424,2026-04-28,SALE,INV-2604-2152,Thika Road Hardware & Agrovet Ltd,Thika Town,Counter,Wholesale,CUS-1014,,Paints,Paint Brush 4in,1,203.28,0.0,203.28,203.28,97.81,97.81,105.47,,0.0,203.28,0.0,203.28,0.0,0.0,-1,-97.81,,SK,0.0
TXN-01425,2026-04-28,SALE,INV-2604-2154,Thika Road Hardware & Agrovet Ltd,Thika Town,Online Order,Reseller,CUS-1173,,Agro Inputs,Maize Seed 2kg Pack,5,812.03,0.02,4060.15,3978.95,485.68,2428.4,1550.55,,0.0,3978.95,0.0,3978.95,0.0,0.0,-5,-2428.4,,MN,0.0
TXN-01426,2026-04-28,SALE,INV-2604-2156,Thika Road Hardware & Agrovet Ltd,Thika Town,Counter,Farmer,CUS-1188,,Agro Inputs,DAP Fertilizer 50kg,8,5172.65,0.0,41381.2,41381.2,3465.92,27727.36,13653.84,,0.0,41381.2,0.0,41381.2,0.0,0.0,-8,-27727.36,,SK,0.0
TXN-01427,2026-04-28,SALE,INV-2604-2158,Thika Road Hardware & Agrovet Ltd,Thika Town,Phone Order,Reseller,CUS-1131,,Paints,Paint Brush 4in,3,214.31,0.0,642.93,642.93,94.13,282.39,360.54,,0.0,642.93,0.0,642.93,0.0,0.0,-3,-282.39,,RA,0.0
TXN-01428,2026-04-29,EXPENSE,EXP-2604-2636,Thika Road Hardware & Agrovet Ltd,Thika Town,Back Office,,,,,,0,0.0,0.0,0.0,0.0,0.0,0.0,0.0,Marketing,4298.36,0.0,4298.36,0.0,0.0,0.0,0,0.0,Cash,JB,0.0
TXN-01429,2026-04-29,EXPENSE,EXP-2604-2639,Thika Road Hardware & Agrovet Ltd,Juja,Back Office,,,,,,0,0.0,0.0,0.0,0.0,0.0,0.0,0.0,Staff Salaries,47620.91,0.0,47620.91,0.0,0.0,0.0,0,0.0,Cash,JB,0.0
TXN-01430,2026-04-30,SALE,INV-2604-2160,Thika Road Hardware & Agrovet Ltd,Juja,Counter,Retail,CUS-1163,,Electrical,Electrical Cable 2.5mm (roll),2,4789.73,0.01,9579.46,9483.67,3246.1,6492.2,2991.47,,0.0,9483.67,0.0,9483.67,0.0,0.0,-2,-6492.2,,JB,0.0
TXN-01431,2026-04-30,SALE,INV-2604-2162,Thika Road Hardware & Agrovet Ltd,Thika Town,Counter,Farmer,CUS-1079,,Plumbing,PVC Tee 20mm,5,88.84,0.0,444.2,444.2,44.16,220.8,223.4,,0.0,444.2,0.0,444.2,0.0,0.0,-5,-220.8,,TK,0.0
TXN-01432,2026-04-30,SALE,INV-2604-2164,Thika Road Hardware & Agrovet Ltd,Thika Town,Counter,Farmer,CUS-1115,,Agro Inputs,CAN Fertilizer 50kg,1,4447.94,0.0,4447.94,4447.94,3121.93,3121.93,1326.01,,0.0,4447.94,0.0,4447.94,0.0,0.0,-1,-3121.93,,JB,0.0
TXN-01433,2026-05-01,SALE,INV-2605-2166,Thika Road Hardware & Agrovet Ltd,Thika Town,Online Order,Reseller,CUS-1131,,Building Materials,Cement 50kg,20,989.2,0.0,19784.0,19784.0,645.01,12900.2,6883.8,,0.0,19784.0,0.0,19784.0,0.0,0.0,-20,-12900.2,,SK,0.0
TXN-01434,2026-05-01,SALE,INV-2605-2168,Thika Road Hardware & Agrovet Ltd,Thika Town,Phone Order,Farmer,CUS-1105,,Plumbing,PVC Tee 20mm,2,96.01,0.0,192.02,192.02,45.74,91.48,100.54,,0.0,192.02,0.0,192.02,0.0,0.0,-2,-91.48,,TK,0.0
TXN-01435,2026-05-01,SALE,INV-2605-2170,Thika Road Hardware & Agrovet Ltd,Juja,M-Pesa Till,Retail,CUS-1083,,Agro Inputs,CAN Fertilizer 50kg,8,4769.94,0.0,38159.52,38159.52,3115.14,24921.12,13238.4,,0.0,38159.52,0.0,38159.52,0.0,0.0,-8,-24921.12,,PW,0.0
TXN-01436,2026-05-01,CUSTOMER_PAYMENT,RCPT-2605-2784,Thika Road Hardware & Agrovet Ltd,Juja,Collections,Wholesale,CUS-1033,,,,0,0.0,0.0,0.0,0.0,0.0,0.0,0.0,Customer Collection,0.0,5887.21,0.0,5887.21,5887.21,0.0,0,0.0,MPESA ,RA,0.0
TXN-01437,2026-05-02,SALE,INV-2605-2172,Thika Road Hardware & Agrovet Ltd,Thika Town,Online Order,Wholesale,CUS-1034,,Agro Inputs,CAN Fertilizer 50kg,2,4530.3,0.0,9060.6,9060.6,3169.94,6339.88,2720.72,,0.0,9060.6,0.0,9060.6,0.0,0.0,-2,-6339.88,,RA,0.0
TXN-01438,2026-05-02,SALE,INV-2605-2174,Thika Road Hardware & Agrovet Ltd,Thika Town,Phone Order,Retail,CUS-1189,,Paints,Wood Varnish 1L,2,710.1,0.0,1420.2,1420.2,383.99,767.98,652.22,,0.0,1420.2,0.0,1420.2,0.0,0.0,-2,-767.98,,MN,0.0
TXN-01439,2026-05-02,PURCHASE,GRN-2605-2175,Thika Road Hardware & Agrovet Ltd,Thika Town,Supplier,,,Thika Building Suppliers Ltd,Building Materials,Hollow Block 6in,150,55.2,0.0,0.0,0.0,55.2,8280.0,0.0,Purchase,0.0,0.0,4968.0,0.0,0.0,3312.0,150,8280.0,,SK,0.0
TXN-01440,2026-05-02,SALE,INV-2605-2176,Thika Road Hardware & Agrovet Ltd,Juja,Counter,Retail,CUS-1152,,Building Materials,Hollow Block 6in,2,93.37,0.0,186.74,186.74,54.77,109.54,77.2,,0.0,186.74,0.0,186.74,0.0,0.0,-2,-109.54,,TK,0.0
TXN-01441,2026-05-03,SALE,INV-2605-2178,Thika Road Hardware & Agrovet Ltd,Thika Town,Phone Order,Retail,CUS-1050,,Hardware Tools,Wheelbarrow,6,6858.17,0.0,41149.02,41149.02,4266.8,25600.8,15548.22,,0.0,41149.02,0.0,41149.02,0.0,0.0,-6,-25600.8,,MN,0.0
TXN-01442,2026-05-04,SALE,INV-2605-2180,Thika Road Hardware & Agrovet Ltd,Thika Town,Online Order,Farmer,CUS-1024,,Paints,Emulsion Paint 4L,2,2324.54,0.0,4649.08,4649.08,1408.55,2817.1,1831.98,,0.0,4649.08,0.0,4649.08,0.0,0.0,-2,-2817.1,,RA,0.0
TXN-01443,2026-05-04,SALE,INV-2605-2182,Thika Road Hardware & Agrovet Ltd,Thika Town,Delivery,Contractor,CUS-1101,,Agro Inputs,CAN Fertilizer 50kg,6,4265.61,0.0,25593.66,25593.66,3101.17,18607.02,6986.64,,0.0,16198.6,0.0,16198.6,9395.06,0.0,-6,-18607.02,,JB,0.0
TXN-01444,2026-05-04,SALE,INV-2605-2184,Thika Road Hardware & Agrovet Ltd,Thika Town,Delivery,Wholesale,CUS-1087,,Plumbing,Gate Valve 1in,2,583.16,0.0,1166.32,1166.32,316.2,632.4,533.92,,0.0,333.09,0.0,333.09,833.23,0.0,-2,-632.4,,SK,0.0
TXN-01445,2026-05-04,SALE,INV-2605-2186,Thika Road Hardware & Agrovet Ltd,Juja,Delivery,Retail,CUS-1198,,Building Materials,Cement 50kg,10,1057.44,0.0,10574.4,10574.4,643.05,6430.5,4143.9,,0.0,10574.4,0.0,10574.4,0.0,0.0,-10,-6430.5,,SK,0.0
TXN-01446,2026-05-05,SALE,INV-2605-2188,Thika Road Hardware & Agrovet Ltd,Thika Town,Delivery,Wholesale,CUS-1021,,Paints,Gloss Paint 4L,5,2897.13,0.05,14485.65,13761.37,1780.94,8904.7,4856.67,,0.0,13761.37,0.0,13761.37,0.0,0.0,-5,-8904.7,,RA,0.0
TXN-01447,2026-05-05,SALE,INV-2605-2190,Thika Road Hardware & Agrovet Ltd,Juja,Phone Order,Retail,CUS-1145,,Electrical,Electrical Cable 2.5mm (roll),4,5007.19,0.0,20028.76,20028.76,3219.23,12876.92,7151.84,,0.0,20028.76,0.0,20028.76,0.0,0.0,-4,-12876.92,,RA,0.0
TXN-01448,2026-05-05,SALE,INV-2605-2192,Thika Road Hardware & Agrovet Ltd,Thika Town,Counter,Retail,CUS-1124,,Building Materials,River Sand (ton),10,1795.87,0.0,17958.7,17958.7,1205.94,12059.4,5899.3,,0.0,17958.7,0.0,17958.7,0.0,0.0,-10,-12059.4,,TK,0.0
TXN-01449,2026-05-05,SALE,INV-2605-2194,Thika Road Hardware & Agrovet Ltd,Thika Town,Phone Order,Contractor,CUS-1077,,Paints,Wood Varnish 1L,3,630.27,0.01,1890.81,1871.9,384.29,1152.87,719.03,,0.0,1871.9,0.0,1871.9,0.0,0.0,-3,-1152.87,,MN,0.0
TXN-01450,2026-05-05,SALE,INV-2605-2196,Thika Road Hardware & Agrovet Ltd,Juja,Delivery,Retail,CUS-1083,,Hardware Tools,Spade,7,890.52,0.0,6233.64,6233.64,509.77,3568.39,2665.25,,0.0,6233.64,0.0,6233.64,0.0,0.0,-7,-3568.39,,JB,0.0
TXN-01451,2026-05-06,SALE,INV-2605-2198,Thika Road Hardware & Agrovet Ltd,Thika Town,Phone Order,Retail,CUS-1172,,Hardware Tools,Measuring Tape 5m,1,389.6,0.03,389.6,377.91,209.24,209.24,168.67,,0.0,377.91,0.0,377.91,0.0,0.0,-1,-209.24,,PW,0.0
TXN-01452,2026-05-06,SALE,INV-2605-2200,Thika Road Hardware & Agrovet Ltd,Thika Town,Phone Order,Farmer,CUS-1181,,Building Materials,Hollow Block 6in,24,99.37,0.01,2384.88,2361.03,56.05,1345.2,1015.83,,0.0,2361.03,0.0,2361.03,0.0,0.0,-24,-1345.2,,JB,0.0
TXN-01453,2026-05-06,SALE,INV-2605-2202,Thika Road Hardware & Agrovet Ltd,Thika Town,Phone Order,Reseller,CUS-1131,,Agro Inputs,DAP Fertilizer 50kg,7,5168.02,0.0,36176.14,36176.14,3383.87,23687.09,12489.05,,0.0,36176.14,0.0,36176.14,0.0,0.0,-7,-23687.09,,MN,0.0
TXN-01454,2026-05-06,SALE,INV-2605-2204,Thika Road Hardware & Agrovet Ltd,Thika Town,M-Pesa Till,Contractor,CUS-1211,,Agro Inputs,Maize Seed 2kg Pack,6,758.11,0.0,4548.66,4548.66,471.1,2826.6,1722.06,,0.0,1760.34,0.0,1760.34,2788.32,0.0,-6,-2826.6,,SK,0.0
TXN-01455,2026-05-06,SALE,INV-2605-2206,Thika Road Hardware & Agrovet Ltd,Juja,Delivery,Wholesale,CUS-1137,,Paints,Emulsion Paint 4L,4,2471.26,0.0,9885.04,9885.04,1396.0,5584.0,4301.04,,0.0,9885.04,0.0,9885.04,0.0,0.0,-4,-5584.0,,MN,0.0
TXN-01456,2026-05-07,SUPPLIER_PAYMENT,SP-2605-2651,Thika Road Hardware & Agrovet Ltd,Thika Town,Supplier,,,ElectroParts Kenya,,,0,0.0,0.0,0.0,0.0,0.0,0.0,0.0,Supplier Payment,0.0,0.0,46592.12,0.0,0.0,-46592.12,0,0.0,M-PESA,RA,0.0
TXN-01457,2026-05-08,SALE,INV-2605-2208,Thika Road Hardware & Agrovet Ltd,Thika Town,Counter,Wholesale,CUS-1118,,Building Materials,Iron Sheet 3m Gauge30,9,1246.47,0.0,11218.23,11218.23,781.17,7030.53,4187.7,,0.0,11218.23,0.0,11218.23,0.0,0.0,-9,-7030.53,,RA,0.0
TXN-01458,2026-05-08,SALE,INV-2605-2210,Thika Road Hardware & Agrovet Ltd,Thika Town,Online Order,Wholesale,CUS-1033,,Agro Inputs,Maize Seed 2kg Pack,4,799.89,0.0,3199.56,3199.56,490.87,1963.48,1236.08,,0.0,3199.56,0.0,3199.56,0.0,0.0,-4,-1963.48,,MN,0.0
TXN-01459,2026-05-08,SALE,INV-2605-2212,Thika Road Hardware & Agrovet Ltd,Thika Town,Counter,Contractor,CUS-1202,,Electrical,LED Bulb 12W,8,316.24,0.0,2529.92,2529.92,147.34,1178.72,1351.2,,0.0,2529.92,0.0,2529.92,0.0,0.0,-8,-1178.72,,SK,0.0
TXN-01460,2026-05-08,STOCK_ADJUSTMENT,ADJ-2605-2654,Thika Road Hardware & Agrovet Ltd,Thika Town,Stock Count,,,,Electrical,Socket Outlet,-5,0.0,0.0,0.0,0.0,0.0,0.0,0.0,Stock Adjustment,0.0,0.0,0.0,0.0,0.0,0.0,-5,-900.0,Manual count variance,MN,0.0
TXN-01461,2026-05-08,CUSTOMER_PAYMENT,RCPT-2605-2787,Thika Road Hardware & Agrovet Ltd,Juja,Collections,Contractor,CUS-1039,,,,0,0.0,0.0,0.0,0.0,0.0,0.0,0.0,Customer Collection,0.0,2345.31,0.0,2345.31,2345.31,0.0,0,0.0,M-PESA,RA,0.0
TXN-01462,2026-05-09,SALE,INV-2605-2214,Thika Road Hardware & Agrovet Ltd,Thika Town,M-Pesa Till,Retail,CUS-1208,,Hardware Tools,Wheelbarrow,5,7129.68,0.0,35648.4,35648.4,4153.26,20766.3,14882.1,,0.0,35648.4,0.0,35648.4,0.0,0.0,-5,-20766.3,,MN,0.0
TXN-01463,2026-05-09,SALE,INV-2605-2216,Thika Road Hardware & Agrovet Ltd,Juja,Delivery,Wholesale,CUS-1123,,Agro Inputs,DAP Fertilizer 50kg,1,4850.51,0.0,4850.51,5578.086499999999,3400.89,3400.89,1449.62,,0.0,4850.51,0.0,4850.51,0.0,0.0,-1,-3400.89,,PW,0.0
TXN-01464,2026-05-09,SALE,INV-2605-2218,Thika Road Hardware & Agrovet Ltd,Juja,Counter,Farmer,CUS-1086,,Building Materials,Cement 50kg,13,943.34,0.03,12263.42,11895.52,648.07,8424.91,3470.61,,0.0,11895.52,0.0,11895.52,0.0,0.0,-13,-8424.91,,MN,0.0
TXN-01465,2026-05-10,SALE,INV-2605-2220,Thika Road Hardware & Agrovet Ltd,Juja,Online Order,Contractor,CUS-1053,,Paints,Wood Varnish 1L,1,676.72,0.0,676.72,676.72,381.24,381.24,295.48,,0.0,676.72,0.0,676.72,0.0,0.0,-1,-381.24,,TK,0.0
TXN-01466,2026-05-10,CUSTOMER_PAYMENT,RCPT-2605-2786,Thika Road Hardware & Agrovet Ltd,Thika Town,Collections,Contractor,CUS-1029,,,,0,0.0,0.0,0.0,0.0,0.0,0.0,0.0,Customer Collection,0.0,145.43,0.0,145.43,145.43,0.0,0,0.0,M-PESA,RA,0.0
TXN-01467,2026-05-11,SALE,INV-2605-2222,Thika Road Hardware & Agrovet Ltd,Juja,Counter,Retail,CUS-1049,,Electrical,Socket Outlet,7,350.01,0.0,2450.07,2450.07,181.54,1270.78,1179.29,,0.0,2450.07,0.0,2450.07,0.0,0.0,-7,-1270.78,,MN,0.0
TXN-01468,2026-05-11,EXPENSE,EXP-2605-2646,Thika Road Hardware & Agrovet Ltd,Thika Town,Back Office,,,,,,0,0.0,0.0,0.0,0.0,0.0,0.0,0.0,Staff Salaries,36718.46,0.0,36718.46,0.0,0.0,0.0,0,0.0,M-PESA,RA,0.0
TXN-01469,2026-05-13,PURCHASE,GRN-2605-2223,Thika Road Hardware & Agrovet Ltd,Juja,Supplier,,,Thika Building Suppliers Ltd,Agro Inputs,Pesticide 1L,107,639.92,0.0,0.0,0.0,639.92,68471.44,0.0,Purchase,0.0,0.0,68471.44,0.0,0.0,0.0,107,68471.44,,PW,0.0
TXN-01470,2026-05-13,SALE,INV-2605-2224,Thika Road Hardware & Agrovet Ltd,Thika Town,M-Pesa Till,Contractor,CUS-1062,,Agro Inputs,Pesticide 1L,7,1016.21,0.0,7113.47,7113.47,622.16,4355.12,2758.35,,0.0,7113.47,0.0,7113.47,0.0,0.0,-7,-4355.12,,JB,0.0
TXN-01471,2026-05-13,SALE,INV-2605-2226,Thika Road Hardware & Agrovet Ltd,Thika Town,Delivery,Contractor,CUS-1132,,Building Materials,Cement 50kg,22,1009.86,0.0,22216.92,22216.92,639.31,14064.82,8152.1,,0.0,22216.92,0.0,22216.92,0.0,0.0,-22,-14064.82,,PW,0.0
TXN-01472,2026-05-13,SALE,INV-2605-2228,Thika Road Hardware & Agrovet Ltd,Thika Town,Phone Order,Contractor,CUS-1120,,Paints,Wood Varnish 1L,7,677.46,0.0,4742.22,4742.22,373.42,2613.94,2128.28,,0.0,2930.99,0.0,2930.99,1811.23,0.0,-7,-2613.94,,RA,0.0
TXN-01473,2026-05-13,EXPENSE,EXP-2605-2649,Thika Road Hardware & Agrovet Ltd,Juja,Back Office,,,,,,0,0.0,0.0,0.0,0.0,0.0,0.0,0.0,Repairs,4317.74,0.0,4317.74,0.0,0.0,0.0,0,0.0,Bank Transfer,PW,0.0
TXN-01474,14/05/2026,SALE,INV-2605-2230,Thika Road Hardware & Agrovet Ltd,Thika Town,M-Pesa Till,Wholesale,CUS-1087,,Plumbing,Gate Valve 1in,1,599.45,0.0,599.45,599.45,313.96,313.96,285.49,,0.0,599.45,0.0,599.45,0.0,0.0,-1,-313.96,,RA,0.0
TXN-01475,2026-05-16,SALE,INV-2605-2232,Thika Road Hardware & Agrovet Ltd,Juja,Delivery,Farmer,CUS-1150,,Electrical,Socket Outlet,2,338.91,0.05,677.82,643.93,182.24,364.48,279.45,,0.0,643.93,0.0,643.93,0.0,0.0,-2,-364.48,,RA,0.0
TXN-01476,2026-05-16,CUSTOMER_PAYMENT,RCPT-2605-2790,Thika Road Hardware & Agrovet Ltd,Thika Town,Collections,Contractor,CUS-1101,,,,0,0.0,0.0,0.0,0.0,0.0,0.0,0.0,Customer Collection,0.0,8141.66,0.0,8141.66,8141.66,0.0,0,0.0,M-PESA,JB,0.0
TXN-01477,2026-05-17,SALE,INV-2605-2234,Thika Road Hardware & Agrovet Ltd,Thika Town,Phone Order,Retail,CUS-1098,,Building Materials,Cement 50kg,4,1010.72,0.0,4042.88,4042.88,651.62,2606.48,1436.4,,0.0,4042.88,0.0,4042.88,0.0,0.0,-4,-2606.48,,SK,0.0
TXN-01478,2026-05-17,SALE,INV-2605-2236,Thika Road Hardware & Agrovet Ltd,Thika Town,Delivery,Retail,CUS-1168,,Agro Inputs,Maize Seed 2kg Pack,8,805.51,0.02,6444.08,6315.2,472.42,3779.36,2535.84,,0.0,6315.2,0.0,6315.2,0.0,0.0,-8,-3779.36,,PW,0.0
TXN-01479,2026-05-17,PURCHASE,GRN-2605-2237,Thika Road Hardware & Agrovet Ltd,Thika Town,Supplier,,,Thika Building Suppliers Ltd,Plumbing,Water Tank 1000L,93,8609.18,0.0,0.0,0.0,8609.18,800653.74,0.0,Purchase,0.0,0.0,800653.74,0.0,0.0,0.0,93,800653.74,,PW,0.0
TXN-01480,2026-05-17,SALE,INV-2605-2238,Thika Road Hardware & Agrovet Ltd,Thika Town,M-Pesa Till,Wholesale,CUS-1037,,Plumbing,Water Tank 1000L,7,12518.69,0.0,87630.83,87630.83,8237.41,57661.87,29968.96,,0.0,87630.83,0.0,87630.83,0.0,0.0,-7,-57661.87,,RA,0.0
TXN-01481,2026-05-17,EXPENSE,EXP-2605-2650,Thika Road Hardware & Agrovet Ltd,,Back Office,,,,,,0,0.0,0.0,0.0,0.0,0.0,0.0,0.0,Marketing,5014.12,0.0,5014.12,0.0,0.0,0.0,0,0.0,M-PESA,JB,0.0
TXN-01482,2026-05-18,SALE,INV-2605-2240,Thika Road Hardware & Agrovet Ltd,Thika Town,Online Order,Farmer,CUS-1179,,Agro Inputs,Maize Seed 2kg Pack,3,752.55,0.0,2257.65,2257.65,485.51,1456.53,801.12,,0.0,2257.65,0.0,2257.65,0.0,0.0,-3,-1456.53,,MN,0.0
TXN-01483,2026-05-18,SALE,INV-2605-2242,Thika Road Hardware & Agrovet Ltd,Thika Town,Delivery,Retail,CUS-1163,,Building Materials,Hollow Block 6in,5,95.45,0.0,477.25,477.25,56.27,281.35,195.9,,0.0,477.25,0.0,477.25,0.0,0.0,-5,-281.35,,JB,0.0
TXN-01484,2026-05-18,SALE,INV-2605-2244,Thika Road Hardware & Agrovet Ltd,Thika Town,Delivery,Retail,CUS-1145,,Electrical,Electrical Cable 2.5mm (roll),6,5046.55,0.0,30279.3,30279.3,3249.54,19497.24,10782.06,,0.0,30279.3,0.0,30279.3,0.0,0.0,-6,-19497.24,,RA,0.0
TXN-01485,2026-05-18,SALE,INV-2605-2246,Thika Road Hardware & Agrovet Ltd,Thika Town,Phone Order,Retail,CUS-1154,,Building Materials,River Sand (ton),10,1891.15,0.0,18911.5,18911.5,1197.38,11973.8,6937.7,,0.0,18911.5,0.0,18911.5,0.0,0.0,-10,-11973.8,,TK,0.0
TXN-01486,2026-05-18,SALE,INV-2605-2248,Thika Road Hardware & Agrovet Ltd,Thika Town,Counter,Wholesale,CUS-1123,,Agro Inputs,Pesticide 1L,7,1052.53,0.0,7367.71,7367.71,623.96,4367.72,2999.99,,0.0,7367.71,0.0,7367.71,0.0,0.0,-7,-4367.72,,SK,0.0
TXN-01487,2026-05-18,SUPPLIER_PAYMENT,SP-2605-2653,Thika Road Hardware & Agrovet Ltd,Juja,Supplier,,,ElectroParts Kenya,,,0,0.0,0.0,0.0,0.0,0.0,0.0,0.0,Supplier Payment,0.0,0.0,42845.91,0.0,0.0,-42845.91,0,0.0,M-PESA,JB,0.0
TXN-01488,2026-05-19,SALE,INV-2605-2250,Thika Road Hardware & Agrovet Ltd,Thika Town,M-Pesa Till,Farmer,CUS-1044,,Plumbing,PVC Pipe 20mm 3m,4,388.38,0.01,1553.52,1537.98,207.25,829.0,708.98,,0.0,1537.98,0.0,1537.98,0.0,0.0,-4,-829.0,,MN,0.0
TXN-01489,2026-05-19,SALE,INV-2605-2252,Thika Road Hardware & Agrovet Ltd,Juja,Delivery,Reseller,CUS-1109,,Agro Inputs,Maize Seed 2kg Pack,3,749.21,0.0,2247.63,2247.63,481.31,1443.93,803.7,,0.0,2247.63,0.0,2247.63,0.0,0.0,-3,-1443.93,,MN,0.0
TXN-01490,2026-05-19,SALE,INV-2605-2254,Thika Road Hardware & Agrovet Ltd,Juja,Delivery,Wholesale,CUS-1165,,Building Materials,Hollow Block 6in,13,93.63,0.0,1217.19,1217.19,55.45,720.85,496.34,,0.0,1217.19,0.0,1217.19,0.0,0.0,-13,-720.85,,SK,0.0
TXN-01491,2026-05-19,SALE,INV-2605-2256,Thika Road Hardware & Agrovet Ltd,Thika Town,Phone Order,Contractor,CUS-1062,,Electrical,Socket Outlet,4,349.23,0.0,1396.92,1396.92,178.63,714.52,682.4,,0.0,937.46,0.0,937.46,459.46,0.0,-4,-714.52,,TK,0.0
TXN-01492,2026-05-19,SALE,INV-2605-2258,Thika Road Hardware & Agrovet Ltd,Juja,M-Pesa Till,Farmer,CUS-1117,,Electrical,Circuit Breaker 20A,1,708.1,0.0,708.1,708.1,415.36,415.36,292.74,,0.0,708.1,0.0,708.1,0.0,0.0,-1,-415.36,,SK,0.0
TXN-01493,19-05-2026,SUPPLIER_PAYMENT,SP-2605-2652,Thika Road Hardware & Agrovet Ltd,Juja,Supplier,,,Nairobi Paints Wholesale,,,0,0.0,0.0,0.0,0.0,0.0,0.0,0.0,Supplier Payment,0.0,0.0,25618.97,0.0,0.0,-25618.97,0,0.0,Cash,TK,0.0
TXN-01494,2026-05-19,CUSTOMER_PAYMENT,RCPT-2605-2788,Thika Road Hardware & Agrovet Ltd,Juja,Collections,Contractor,CUS-1164,,,,0,0.0,0.0,0.0,0.0,0.0,0.0,0.0,Customer Collection,0.0,22472.33,0.0,22472.33,22472.33,0.0,0,0.0,M-PESA,MN,0.0
TXN-01495,2026-05-20,SALE,INV-2605-2260,Thika Road Hardware & Agrovet Ltd,Thika Town,Phone Order,Reseller,CUS-1005,,Agro Inputs,Pesticide 1L,3,1035.06,0.0,3105.18,3105.18,637.85,1913.55,1191.63,,0.0,3105.18,0.0,3105.18,0.0,0.0,-3,-1913.55,,JB,0.0
TXN-01496,2026-05-20,SALE,INV-2605-2262,Thika Road Hardware & Agrovet Ltd,Thika Town,Counter,Retail,CUS-1122,,Electrical,LED Bulb 12W,8,300.47,0.0,2403.76,2403.76,147.73,1181.84,1221.92,,0.0,2403.76,0.0,2403.76,0.0,0.0,-8,-1181.84,,RA,0.0
TXN-01497,2026-05-21,SALE,INV-2605-2264,Thika Road Hardware & Agrovet Ltd,Juja,Delivery,Farmer,CUS-1214,,Paints,Gloss Paint 4L,3,2952.12,0.01,8856.36,8767.8,1743.13,5229.39,3538.41,,0.0,8767.8,0.0,8767.8,0.0,0.0,-3,-5229.39,,JB,0.0
TXN-01498,2026-05-21,SALE,INV-2605-2266,Thika Road Hardware & Agrovet Ltd,Thika Town,M-Pesa Till,Wholesale,CUS-1219,,Paints,Wood Varnish 1L,8,682.6,0.0,5460.8,5460.8,377.19,3017.52,2443.28,,0.0,5460.8,0.0,5460.8,0.0,0.0,-8,-3017.52,,PW,0.0
TXN-01499,2026-05-22,SALE,INV-2605-2268,Thika Road Hardware & Agrovet Ltd,Juja,Counter,Wholesale,CUS-1087,,Agro Inputs,Pesticide 1L,5,1126.96,0.02,5634.8,5522.1,625.9,3129.5,2392.6,,0.0,1548.37,0.0,1548.37,3973.73,0.0,-5,-3129.5,,TK,0.0
TXN-01500,2026-05-22,SALE,INV-2605-2270,Thika Road Hardware & Agrovet Ltd,Juja,Delivery,Wholesale,CUS-1046,,Hardware Tools,Claw Hammer,4,723.92,0.0,2895.68,2895.68,384.39,1537.56,1358.12,,0.0,1417.94,0.0,1417.94,1477.74,0.0,-4,-1537.56,,SK,0.0
TXN-01501,2026-05-22,EXPENSE,EXP-2605-2645,Thika Road Hardware & Agrovet Ltd,Thika Town,Back Office,,,,,,0,0.0,0.0,0.0,0.0,0.0,0.0,0.0,Rent,25314.72,0.0,25314.72,0.0,0.0,0.0,0,0.0,Bank Transfer,PW,0.0
TXN-01502,2026-05-23,SALE,INV-2605-2272,Thika Road Hardware & Agrovet Ltd,Thika Town,Phone Order,Farmer,CUS-1159,,Building Materials,Hollow Block 6in,12,88.31,0.0,1059.72,1059.72,55.1,661.2,398.52,,0.0,1059.72,0.0,1059.72,0.0,0.0,-12,-661.2,,PW,0.0
TXN-01503,2026-05-23,SALE,INV-2605-2274,Thika Road Hardware & Agrovet Ltd,Juja,Counter,Retail,CUS-1205,,Building Materials,Iron Sheet 3m Gauge30,13,1244.13,0.0,16173.69,16173.69,776.3,10091.9,6081.79,,0.0,16173.69,0.0,16173.69,0.0,0.0,-13,-10091.9,,JB,0.0
TXN-01504,2026-05-23,SALE,INV-2605-2276,Thika Road Hardware & Agrovet Ltd,Thika Town,M-Pesa Till,Farmer,CUS-1006,,Electrical,Circuit Breaker 20A,7,743.62,0.0,5205.34,5205.34,423.65,2965.55,2239.79,,0.0,5205.34,0.0,5205.34,0.0,0.0,-7,-2965.55,,PW,0.0
TXN-01505,2026-05-24,SALE,INV-2605-2278,Thika Road Hardware & Agrovet Ltd,Thika Town,Online Order,Contractor,CUS-1057,,Agro Inputs,DAP Fertilizer 50kg,1,4936.66,0.0,4936.66,4936.66,3495.59,3495.59,1441.07,,0.0,4936.66,0.0,4936.66,0.0,0.0,-1,-3495.59,,JB,0.0
TXN-01506,2026-05-24,SALE,INV-2605-2280,Thika Road Hardware & Agrovet Ltd,Juja,Online Order,Retail,CUS-1051,,Agro Inputs,CAN Fertilizer 50kg,3,4610.73,0.0,13832.19,13832.19,3190.84,9572.52,4259.67,,0.0,13832.19,0.0,13832.19,0.0,0.0,-3,-9572.52,,MN,0.0
TXN-01507,2026-05-24,SALE,INV-2605-2282,Thika Road Hardware & Agrovet Ltd,Thika Town,M-Pesa Till,Reseller,CUS-1131,,Plumbing,PVC Tee 20mm,1,90.73,0.0,90.73,90.73,45.67,45.67,45.06,,0.0,90.73,0.0,90.73,0.0,0.0,-1,-45.67,,TK,0.0
TXN-01508,2026-05-24,CUSTOMER_PAYMENT,RCPT-2605-2793,Thika Road Hardware & Agrovet Ltd,Thika Town,Collections,Contractor,CUS-1120,,,,0,0.0,0.0,0.0,0.0,0.0,0.0,0.0,Customer Collection,0.0,1396.47,0.0,1396.47,1396.47,0.0,0,0.0,Bank Transfer,RA,0.0
TXN-01509,2026-05-25,SALE,INV-2605-2284,Thika Road Hardware & Agrovet Ltd,Thika Town,Counter,Retail,CUS-1025,,Agro Inputs,DAP Fertilizer 50kg,2,4991.81,0.0,9983.62,9983.62,3356.84,6713.68,3269.94,,0.0,9983.62,0.0,9983.62,0.0,0.0,-2,-6713.68,,RA,0.0
TXN-01510,2026-05-25,SALE,INV-2605-2286,Thika Road Hardware & Agrovet Ltd,Juja,Counter,Retail,CUS-1114,,Electrical,Socket Outlet,2,355.1,0.0,710.2,710.2,177.66,355.32,354.88,,0.0,710.2,0.0,710.2,0.0,0.0,-2,-355.32,,SK,0.0
TXN-01511,2026-05-26,PURCHASE,GRN-2605-2287,Thika Road Hardware & Agrovet Ltd,Thika Town,Supplier,,,AgroChem Kenya Distributors,Electrical,Electrical Cable 2.5mm (roll),134,3166.92,0.0,0.0,0.0,3166.92,424367.28,0.0,Purchase,0.0,0.0,0.0,0.0,0.0,424367.28,134,424367.28,,PW,0.0
TXN-01512,2026-05-26,SALE,INV-2605-2288,Thika Road Hardware & Agrovet Ltd,Thika Town,Delivery,Retail,CUS-1139,,Electrical,Electrical Cable 2.5mm (roll),8,4785.78,0.0,38286.24,38286.24,3202.84,25622.72,12663.52,,0.0,38286.24,0.0,38286.24,0.0,0.0,-8,-25622.72,,RA,0.0
TXN-01513,2026-05-27,SALE,INV-2605-2290,Thika Road Hardware & Agrovet Ltd,,Delivery,Reseller,CUS-1031,,Plumbing,PVC Pipe 20mm 3m,5,392.22,0.0,1961.1,1961.1,206.57,1032.85,928.25,,0.0,1961.1,0.0,1961.1,0.0,0.0,-5,-1032.85,,MN,0.0
TXN-01514,2026-05-27,SALE,INV-2605-2292,Thika Road Hardware & Agrovet Ltd,Thika Town,M-Pesa Till,Farmer,CUS-1181,,Building Materials,Cement 50kg,13,1033.52,0.02,13435.76,13167.04,637.64,8289.32,4877.72,,0.0,13167.04,0.0,13167.04,0.0,0.0,-13,-8289.32,,JB,0.0
TXN-01515,2026-05-28,SALE,INV-2605-2294,Thika Road Hardware & Agrovet Ltd,Juja,M-Pesa Till,Farmer,CUS-1159,,Building Materials,Iron Sheet 3m Gauge30,19,1124.59,0.02,21367.21,20939.87,789.26,14995.94,5943.93,,0.0,20939.87,0.0,20939.87,0.0,0.0,-19,-14995.94,,MN,0.0
TXN-01516,2026-05-28,SALE,INV-2605-2296,Thika Road Hardware & Agrovet Ltd,Juja,Counter,Retail,CUS-1076,,Building Materials,River Sand (ton),20,1910.44,0.0,38208.8,38208.8,1207.76,24155.2,14053.6,,0.0,38208.8,0.0,38208.8,0.0,0.0,-20,-24155.2,,MN,0.0
TXN-01517,2026-05-28,SALE,INV-2605-2298,Thika Road Hardware & Agrovet Ltd,Thika Town,Phone Order,Wholesale,CUS-1040,,Paints,Paint Brush 4in,7,221.51,0.0,1550.57,1550.57,95.61,669.27,881.3,,0.0,1550.57,0.0,1550.57,0.0,0.0,-7,-669.27,,TK,0.0
TXN-01518,2026-05-28,SALE,INV-2605-2300,Thika Road Hardware & Agrovet Ltd,Thika Town,Counter,Retail,CUS-1139,,Electrical,Circuit Breaker 20A,8,717.32,0.0,5738.56,5738.56,420.79,3366.32,2372.24,,0.0,5738.56,0.0,5738.56,0.0,0.0,-8,-3366.32,,RA,0.0
TXN-01519,2026-05-28,REFUND,REF-2605-2467,Thika Road Hardware & Agrovet Ltd,Thika Town,Counter,Farmer,CUS-1181,,Building Materials,Cement 50kg,-6,1033.52,0.0,0.0,6077.1,637.64,0.0,-6077.1,Customer Refund,6077.1,0.0,6077.1,0.0,0.0,0.0,6,3825.84,refund,JB,0.0
TXN-01520,2026-05-28,EXPENSE,EXP-2605-2644,Thika Road Hardware & Agrovet Ltd,Thika Town,Back Office,,,,,,0,0.0,0.0,0.0,0.0,0.0,0.0,0.0,Marketing,3000.44,0.0,3000.44,0.0,0.0,0.0,0,0.0,Bank Transfer,MN,0.0
TXN-01521,2026-05-28,EXPENSE,EXP-2605-2647,Thika Road Hardware & Agrovet Ltd,Thika Town,Back Office,,,,,,0,0.0,0.0,0.0,0.0,0.0,0.0,0.0,Rent,29988.72,0.0,29988.72,0.0,0.0,0.0,0,0.0,M-PESA,SK,0.0
TXN-01522,2026-05-28,EXPENSE,EXP-2605-2648,Thika Road Hardware & Agrovet Ltd,Juja,Back Office,,,,,,0,0.0,0.0,0.0,0.0,0.0,0.0,0.0,Utilities,6717.82,0.0,6717.82,0.0,0.0,0.0,0,0.0,Bank Transfer,MN,0.0
TXN-01523,2026-05-29,SALE,INV-2605-2302,Thika Road Hardware & Agrovet Ltd,Juja,Delivery,Farmer,CUS-1159,,Plumbing,PVC Pipe 20mm 3m,8,366.96,0.0,2935.68,2935.68,215.77,1726.16,1209.52,,0.0,2935.68,0.0,2935.68,0.0,0.0,-8,-1726.16,,RA,0.0
TXN-01524,2026-05-30,CUSTOMER_PAYMENT,RCPT-2605-2796,Thika Road Hardware & Agrovet Ltd,Juja,,Wholesale,CUS-1046,,,,0,0.0,0.0,0.0,0.0,0.0,0.0,0.0,Customer Collection,0.0,1474.9,0.0,1474.9,1474.9,0.0,0,0.0,M-PESA,RA,0.0
TXN-01525,2026-05-31,SALE,INV-2605-2304,Thika Road Hardware & Agrovet Ltd,Juja,Delivery,Retail,CUS-1049,,Electrical,Circuit Breaker 20A,8,729.34,0.03,5834.72,5659.68,425.49,3403.92,2255.76,,0.0,5659.68,0.0,5659.68,0.0,0.0,-8,-3403.92,,RA,0.0
TXN-01526,2026-05-31,SALE,INV-2605-2306,Thika Road Hardware & Agrovet Ltd,Juja,Online Order,Retail,CUS-1070,,Building Materials,Iron Sheet 3m Gauge30,18,1207.71,0.0,21738.78,21738.78,786.68,14160.24,7578.54,,0.0,21738.78,0.0,21738.78,0.0,0.0,-18,-14160.24,,TK,0.0
TXN-01527,2026-05-31,SALE,INV-2605-2308,Thika Road Hardware & Agrovet Ltd,Juja,Online Order,Farmer,CUS-1159,,Paints,Paint Brush 4in,7,200.1,0.02,1400.7,1372.69,93.58,655.06,717.63,,0.0,1372.69,0.0,1372.69,0.0,0.0,-7,-655.06,,RA,0.0
TXN-01528,2026-05-31,SALE,INV-2605-2310,Thika Road Hardware & Agrovet Ltd,Thika Town,Counter,Wholesale,CUS-1110,,Paints,Emulsion Paint 4L,1,2280.39,0.0,2280.39,2280.39,1431.48,1431.48,848.91,,0.0,2280.39,0.0,2280.39,0.0,0.0,-1,-1431.48,,TK,0.0
TXN-01529,2026-06-01,SALE,INV-2606-2312,Thika Road Hardware & Agrovet Ltd,Juja,Phone Order,Farmer,CUS-1180,,Agro Inputs,Maize Seed 2kg Pack,4,771.09,0.0,3084.36,3084.36,492.75,1971.0,1113.36,,0.0,3084.36,0.0,3084.36,0.0,0.0,-4,-1971.0,,TK,0.0
TXN-01530,2026-06-01,SALE,INV-2606-2314,Thika Road Hardware & Agrovet Ltd,Thika Town,Online Order,Retail,CUS-1058,,Electrical,Socket Outlet,5,362.22,0.0,1811.1,1811.1,183.07,915.35,895.75,,0.0,1811.1,0.0,1811.1,0.0,0.0,-5,-915.35,,JB,0.0
TXN-01531,2026-06-01,SALE,INV-2606-2316,Thika Road Hardware & Agrovet Ltd,Juja,M-Pesa Till,Retail,CUS-1191,,Hardware Tools,Measuring Tape 5m,7,395.69,0.03,2769.83,2686.74,215.54,1508.78,1177.96,,0.0,2686.74,0.0,2686.74,0.0,0.0,-7,-1508.78,,PW,0.0
TXN-01532,2026-06-02,SALE,INV-2606-2318,Thika Road Hardware & Agrovet Ltd,Thika Town,Counter,Contractor,CUS-1129,,Building Materials,River Sand (ton),4,1904.12,0.0,7616.48,7616.48,1200.36,4801.44,2815.04,,0.0,7616.48,0.0,7616.48,0.0,0.0,-4,-4801.44,,JB,0.0
TXN-01533,2026-06-03,SALE,INV-2606-2320,Thika Road Hardware & Agrovet Ltd,Thika Town,Counter,Farmer,CUS-1030,,Paints,Wood Varnish 1L,5,628.23,0.02,3141.15,3078.33,388.8,1944.0,1134.33,,0.0,3078.33,0.0,3078.33,0.0,0.0,-5,-1944.0,,PW,0.0
TXN-01534,2026-06-03,SALE,INV-2606-2322,Thika Road Hardware & Agrovet Ltd,Juja,M-Pesa Till,Wholesale,CUS-1040,,Paints,Gloss Paint 4L,1,3022.99,0.0,3022.99,3022.99,1763.1,1763.1,1259.89,,0.0,3022.99,0.0,3022.99,0.0,0.0,-1,-1763.1,,MN,0.0
TXN-01535,2026-06-03,SALE,INV-2606-2324,Thika Road Hardware & Agrovet Ltd,Thika Town,Counter,Contractor,CUS-1048,,Building Materials,River Sand (ton),8,1752.96,0.0,14023.68,14023.68,1234.67,9877.36,4146.32,,0.0,4957.55,0.0,4957.55,9066.13,0.0,-8,-9877.36,,SK,0.0
TXN-01536,2026-06-03,CUSTOMER_PAYMENT,RCPT-2606-2789,Thika Road Hardware & Agrovet Ltd,Juja,Collections,Contractor,CUS-1182,,,,0,0.0,0.0,0.0,0.0,0.0,0.0,0.0,Customer Collection,0.0,1241.69,0.0,1241.69,1241.69,0.0,0,0.0,M-PESA,JB,0.0
TXN-01537,2026-06-04,SALE,INV-2606-2326,Thika Road Hardware & Agrovet Ltd,Thika Town,Online Order,Reseller,CUS-1173,,Hardware Tools,Measuring Tape 5m,6,413.09,0.01,2478.54,2453.75,210.04,1260.24,1193.51,,0.0,2453.75,0.0,2453.75,0.0,0.0,-6,-1260.24,,SK,0.0
TXN-01538,04-06-2026,STOCK_ADJUSTMENT,ADJ-2606-2665,Thika Road Hardware & Agrovet Ltd,Thika Town,Stock Count,,,,Paints,Emulsion Paint 4L,-2,0.0,0.0,0.0,0.0,0.0,0.0,0.0,Stock Adjustment,0.0,0.0,0.0,0.0,0.0,0.0,-2,-2800.0,Manual count variance,PW,0.0
TXN-01539,2026-06-05,SALE,INV-2606-2328,Thika Road Hardware & Agrovet Ltd,Thika Town,Counter,Retail,CUS-1107,,Building Materials,Iron Sheet 3m Gauge30,16,1149.98,0.0,18399.68,18399.68,797.4,12758.4,5641.28,,0.0,18399.68,0.0,18399.68,0.0,0.0,-16,-12758.4,,PW,0.0
TXN-01540,05/06/2026,SALE,INV-2606-2330,Thika Road Hardware & Agrovet Ltd,Thika Town,Delivery,Wholesale,CUS-1106,,Hardware Tools,Spade,1,918.8,0.0,918.8,918.8,530.52,530.52,388.28,,0.0,298.93,0.0,298.93,619.87,0.0,-1,-530.52,,RA,0.0
TXN-01541,2026-06-05,EXPENSE,EXP-2606-2655,Thika Road Hardware & Agrovet Ltd,Juja,Back Office,,,,,,0,0.0,0.0,0.0,0.0,0.0,0.0,0.0,Transport,7730.99,0.0,7730.99,0.0,0.0,0.0,0,0.0,Cash,JB,0.0
TXN-01542,2026-06-06,SALE,INV-2606-2332,Thika Road Hardware & Agrovet Ltd,Juja,M-Pesa Till,Farmer,CUS-1082,,Paints,Wood Varnish 1L,2,713.09,0.0,1426.18,1426.18,373.86,747.72,678.46,,0.0,1426.18,0.0,1426.18,0.0,0.0,-2,-747.72,,TK,0.0
TXN-01543,2026-06-06,SALE,INV-2606-2334,Thika Road Hardware & Agrovet Ltd,Thika Town,M-Pesa Till,Reseller,CUS-1136,,Building Materials,Cement 50kg,9,1014.4,0.0,9129.6,9129.6,639.48,5755.32,3374.28,,0.0,9129.6,0.0,9129.6,0.0,0.0,-9,-5755.32,,JB,0.0
TXN-01544,2026-06-07,SALE,INV-2606-2336,Thika Road Hardware & Agrovet Ltd,Juja,Counter,Retail,CUS-1174,,Agro Inputs,Maize Seed 2kg Pack,1,794.94,0.02,794.94,779.04,490.51,490.51,288.53,,0.0,779.04,0.0,779.04,0.0,0.0,-1,-490.51,,MN,0.0
TXN-01545,2026-06-07,SALE,INV-2606-2338,Thika Road Hardware & Agrovet Ltd,Juja,Delivery,Retail,CUS-1070,,Agro Inputs,Pesticide 1L,4,1000.45,0.0,4001.8,4001.8,621.19,2484.76,1517.04,,0.0,4001.8,0.0,4001.8,0.0,0.0,-4,-2484.76,,PW,0.0
TXN-01546,2026-06-07,SALE,INV-2606-2340,Thika Road Hardware & Agrovet Ltd,Thika Town,M-Pesa Till,Contractor,CUS-1053,,Building Materials,Hollow Block 6in,18,98.0,0.0,1764.0,1764.0,55.93,1006.74,757.26,,0.0,752.03,0.0,752.03,1011.97,0.0,-18,-1006.74,,JB,0.0
TXN-01547,2026-06-08,SALE,INV-2606-2342,Thika Road Hardware & Agrovet Ltd,Thika Town,Delivery,Retail,CUS-1152,,Electrical,Socket Outlet,4,328.87,0.0,1315.48,1315.48,183.1,732.4,583.08,,0.0,1315.48,0.0,1315.48,0.0,0.0,-4,-732.4,,SK,0.0
TXN-01548,2026-06-08,SALE,INV-2606-2344,Thika Road Hardware & Agrovet Ltd,,Online Order,Farmer,CUS-1023,,Agro Inputs,Maize Seed 2kg Pack,2,740.44,0.0,1480.88,1480.88,487.04,974.08,506.8,,0.0,1480.88,0.0,1480.88,0.0,0.0,-2,-974.08,,SK,0.0
TXN-01549,2026-06-08,CUSTOMER_PAYMENT,RCPT-2606-2791,Thika Road Hardware & Agrovet Ltd,Thika Town,Collections,Wholesale,CUS-1087,,,,0,0.0,0.0,0.0,0.0,0.0,0.0,0.0,Customer Collection,0.0,678.94,0.0,678.94,678.94,0.0,0,0.0,Bank Transfer,PW,0.0
TXN-01550,2026-06-08,CUSTOMER_PAYMENT,RCPT-2606-2798,Thika Road Hardware & Agrovet Ltd,Thika Town,Collections,Wholesale,CUS-1106,,,,0,0.0,0.0,0.0,0.0,0.0,0.0,0.0,Customer Collection,0.0,531.12,0.0,531.12,531.12,0.0,0,0.0,M-PESA,JB,0.0
TXN-01551,2026-06-09,EXPENSE,EXP-2606-2660,Thika Road Hardware & Agrovet Ltd,Thika Town,Back Office,,,,,,0,0.0,0.0,0.0,0.0,0.0,0.0,0.0,Transport,6640.31,0.0,6640.31,0.0,0.0,0.0,0,0.0,Bank Transfer,TK,0.0
TXN-01552,2026-06-10,CUSTOMER_PAYMENT,RCPT-2606-2797,Thika Road Hardware & Agrovet Ltd,Thika Town,Collections,Contractor,CUS-1048,,,,0,0.0,0.0,0.0,0.0,0.0,0.0,0.0,Customer Collection,0.0,7415.54,0.0,7415.54,7415.54,0.0,0,0.0,M-PESA,SK,0.0
TXN-01553,2026-06-11,SALE,INV-2606-2346,Thika Road Hardware & Agrovet Ltd,Thika Town,Phone Order,Retail,CUS-1145,,Plumbing,PVC Pipe 20mm 3m,3,369.7,0.0,1109.1,1109.1,212.5,637.5,471.6,,0.0,1109.1,0.0,1109.1,0.0,0.0,-3,-637.5,,TK,0.0
TXN-01554,2026-06-11,PURCHASE,GRN-2606-2347,Thika Road Hardware & Agrovet Ltd,Thika Town,Supplier,,,AgroChem Kenya Distributors,Building Materials,River Sand (ton),185,1186.73,0.0,0.0,0.0,1186.73,219545.05,0.0,Purchase,0.0,0.0,219545.05,0.0,0.0,0.0,185,219545.05,,JB,0.0
TXN-01555,2026-06-11,SALE,INV-2606-2348,Thika Road Hardware & Agrovet Ltd,Thika Town,M-Pesa Till,Wholesale,CUS-1009,,Building Materials,River Sand (ton),17,1783.1,0.0,30312.7,30312.7,1177.06,20010.02,10302.68,,0.0,6944.14,0.0,6944.14,23368.56,0.0,-17,-20010.02,,MN,0.0
TXN-01556,2026-06-11,SALE,INV-2606-2350,Thika Road Hardware & Agrovet Ltd,Juja,Delivery,Farmer,CUS-1151,,Plumbing,PVC Pipe 20mm 3m,2,394.62,0.0,789.24,789.24,214.92,429.84,359.4,,0.0,789.24,0.0,789.24,0.0,0.0,-2,-429.84,,MN,0.0
TXN-01557,2026-06-12,SALE,INV-2606-2352,Thika Road Hardware & Agrovet Ltd,Juja,Counter,Retail,CUS-1168,,Paints,Gloss Paint 4L,3,2863.29,0.0,8589.87,8589.87,1770.09,5310.27,3279.6,,0.0,8589.87,0.0,8589.87,0.0,0.0,-3,-5310.27,,SK,0.0
TXN-01558,2026-06-12,SALE,INV-2606-2354,Thika Road Hardware & Agrovet Ltd,Juja,Online Order,Reseller,CUS-1005,,Building Materials,Iron Sheet 3m Gauge30,5,1110.6,0.0,5553.0,5553.0,798.89,3994.45,1558.55,,0.0,5553.0,0.0,5553.0,0.0,0.0,-5,-3994.45,,JB,0.0
TXN-01559,2026-06-12,SALE,INV-2606-2356,Thika Road Hardware & Agrovet Ltd,Thika Town,M-Pesa Till,Retail,CUS-1098,,Plumbing,Water Tank 1000L,6,12392.01,0.0,74352.06,74352.06,8408.9,50453.4,23898.66,,0.0,74352.06,0.0,74352.06,0.0,0.0,-6,-50453.4,,JB,0.0
TXN-01560,2026-06-12,SALE,INV-2606-2358,Thika Road Hardware & Agrovet Ltd,Thika Town,Online Order,Retail,CUS-1174,,Plumbing,PVC Tee 20mm,3,90.12,0.0,270.36,270.36,45.7,137.1,133.26,,0.0,270.36,0.0,270.36,0.0,0.0,-3,-137.1,,SK,0.0
TXN-01561,2026-06-13,SALE,INV-2606-2360,Thika Road Hardware & Agrovet Ltd,Juja,Phone Order,Reseller,CUS-1103,,Building Materials,Cement 50kg,10,1038.72,0.03,10387.2,10075.58,646.24,6462.4,3613.18,,0.0,10075.58,0.0,10075.58,0.0,0.0,-10,-6462.4,,JB,0.0
TXN-01562,2026-06-13,SALE,INV-2606-2362,Thika Road Hardware & Agrovet Ltd,Thika Town,Counter,Wholesale,CUS-1046,,Electrical,LED Bulb 12W,5,313.52,0.01,1567.6,1551.92,149.92,749.6,802.32,,0.0,1551.92,0.0,1551.92,0.0,0.0,-5,-749.6,,RA,0.0
TXN-01563,2026-06-13,SALE,INV-2606-2364,Thika Road Hardware & Agrovet Ltd,Juja,Delivery,Farmer,CUS-1079,,Electrical,Socket Outlet,5,332.13,0.0,1660.65,1660.65,177.26,886.3,774.35,,0.0,1660.65,0.0,1660.65,0.0,0.0,-5,-886.3,,MN,0.0
TXN-01564,2026-06-13,SALE,INV-2606-2366,Thika Road Hardware & Agrovet Ltd,Juja,Counter,Wholesale,CUS-1110,,Plumbing,Gate Valve 1in,2,549.36,0.0,1098.72,1098.72,314.56,629.12,469.6,,0.0,1098.72,0.0,1098.72,0.0,0.0,-2,-629.12,,JB,0.0
TXN-01565,2026-06-13,SALE,INV-2606-2368,Thika Road Hardware & Agrovet Ltd,Juja,Online Order,Retail,CUS-1172,,Building Materials,River Sand (ton),8,1777.06,0.02,14216.48,13932.15,1178.64,9429.12,4503.03,,0.0,13932.15,0.0,13932.15,0.0,0.0,-8,-9429.12,,SK,0.0
TXN-01566,2026-06-13,SUPPLIER_PAYMENT,SP-2606-2663,Thika Road Hardware & Agrovet Ltd,Thika Town,Supplier,,,AgroChem Kenya Distributors,,,0,0.0,0.0,0.0,0.0,0.0,0.0,0.0,Supplier Payment,0.0,0.0,46434.88,0.0,0.0,-46434.88,0,0.0,M-PESA,MN,0.0
TXN-01567,2026-06-13,CUSTOMER_PAYMENT,RCPT-2606-2795,Thika Road Hardware & Agrovet Ltd,Juja,Collections,Wholesale,CUS-1087,,,,0,0.0,0.0,0.0,0.0,0.0,0.0,0.0,Customer Collection,0.0,2888.12,0.0,2888.12,2888.12,0.0,0,0.0,Bank Transfer,JB,0.0
TXN-01568,2026-06-14,SALE,INV-2606-2370,Thika Road Hardware & Agrovet Ltd,Juja,Counter,Farmer,CUS-1044,,Building Materials,Hollow Block 6in,18,91.72,0.01,1650.96,1634.45,56.27,1012.86,621.59,,0.0,1634.45,0.0,1634.45,0.0,0.0,-18,-1012.86,,MN,0.0
TXN-01569,2026-06-14,SALE,INV-2606-2372,Thika Road Hardware & Agrovet Ltd,Thika Town,Delivery,Wholesale,CUS-1026,,Building Materials,River Sand (ton),17,1891.26,0.0,32151.42,32151.42,1189.52,20221.84,11929.58,,0.0,32151.42,0.0,32151.42,0.0,0.0,-17,-20221.84,,TK,0.0
TXN-01570,2026-06-15,SALE,INV-2606-2374,Thika Road Hardware & Agrovet Ltd,Juja,Online Order,Reseller,CUS-1201,,Building Materials,Iron Sheet 3m Gauge30,1,1197.07,0.0,1197.07,1197.07,764.81,764.81,432.26,,0.0,1197.07,0.0,1197.07,0.0,0.0,-1,-764.81,,SK,0.0
TXN-01571,2026-06-15,SALE,INV-2606-2376,Thika Road Hardware & Agrovet Ltd,Juja,Delivery,Wholesale,CUS-1144,,Agro Inputs,Maize Seed 2kg Pack,5,808.09,0.0,4040.45,4040.45,492.5,2462.5,1577.95,,0.0,1216.38,0.0,1216.38,2824.07,0.0,-5,-2462.5,,JB,0.0
TXN-01572,2026-06-16,SALE,INV-2606-2378,Thika Road Hardware & Agrovet Ltd,Thika Town,Counter,Contractor,CUS-1155,,Plumbing,Gate Valve 1in,1,578.39,0.01,578.39,572.61,318.7,318.7,253.91,,0.0,572.61,0.0,572.61,0.0,0.0,-1,-318.7,,TK,0.0
TXN-01573,2026-06-16,SALE,INV-2606-2380,Thika Road Hardware & Agrovet Ltd,Thika Town,M-Pesa Till,Farmer,CUS-1055,,Agro Inputs,Maize Seed 2kg Pack,2,761.24,0.0,1522.48,1522.48,483.94,967.88,554.6,,0.0,1522.48,0.0,1522.48,0.0,0.0,-2,-967.88,,SK,0.0
TXN-01574,2026-06-16,SALE,INV-2606-2382,Thika Road Hardware & Agrovet Ltd,Thika Town,Counter,Farmer,CUS-1045,,Agro Inputs,DAP Fertilizer 50kg,4,4932.0,0.0,19728.0,19728.0,3338.93,13355.72,6372.28,,0.0,19728.0,0.0,19728.0,0.0,0.0,-4,-13355.72,,PW,0.0
TXN-01575,2026-06-16,EXPENSE,EXP-2606-2659,Thika Road Hardware & Agrovet Ltd,Thika Town,Back Office,,,,,,0,0.0,0.0,0.0,0.0,0.0,0.0,0.0,Staff Salaries,43951.95,0.0,43951.95,0.0,0.0,0.0,0,0.0,Bank Transfer,JB,0.0
TXN-01576,17/06/2026,SALE,INV-2606-2384,Thika Road Hardware & Agrovet Ltd,Juja,Delivery,Farmer,CUS-1007,,Electrical,Circuit Breaker 20A,6,770.55,0.0,4623.3,4623.3,413.18,2479.08,2144.22,,0.0,4623.3,0.0,4623.3,0.0,0.0,-6,-2479.08,,SK,0.0
TXN-01577,2026-06-18,SALE,INV-2606-2386,Thika Road Hardware & Agrovet Ltd,Juja,Delivery,Farmer,CUS-1193,,Building Materials,River Sand (ton),6,1806.83,0.0,10840.98,10840.98,1192.37,7154.22,3686.76,,0.0,10840.98,0.0,10840.98,0.0,0.0,-6,-7154.22,,SK,0.0
TXN-01578,2026-06-18,CUSTOMER_PAYMENT,RCPT-2606-2792,Thika Road Hardware & Agrovet Ltd,Thika Town,Collections,Contractor,CUS-1211,,,,0,0.0,0.0,0.0,0.0,0.0,0.0,0.0,Customer Collection,0.0,2133.4,0.0,2133.4,2133.4,0.0,0,0.0,M-PESA,RA,0.0
TXN-01579,2026-06-19,SALE,INV-2606-2388,Thika Road Hardware & Agrovet Ltd,Thika Town,Counter,Retail,CUS-1050,,Agro Inputs,Maize Seed 2kg Pack,7,807.06,0.0,5649.42,5649.42,477.81,3344.67,2304.75,,0.0,5649.42,0.0,5649.42,0.0,0.0,-7,-3344.67,,RA,0.0
TXN-01580,2026-06-19,SALE,INV-2606-2390,Thika Road Hardware & Agrovet Ltd,Thika Town,Online Order,Farmer,CUS-1138,,Building Materials,Iron Sheet 3m Gauge30,1,1193.14,0.0,1193.14,1193.14,803.18,803.18,389.96,,0.0,1193.14,0.0,1193.14,0.0,0.0,-1,-803.18,,RA,0.0
TXN-01581,2026-06-19,CUSTOMER_PAYMENT,RCPT-2606-2794,Thika Road Hardware & Agrovet Ltd,Thika Town,Collections,Contractor,CUS-1062,,,,0,0.0,0.0,0.0,0.0,0.0,0.0,0.0,Customer Collection,0.0,359.36,0.0,359.36,359.36,0.0,0,0.0,M-PESA,SK,0.0
TXN-01582,2026-06-20,SALE,INV-2606-2392,Thika Road Hardware & Agrovet Ltd,Thika Town,Phone Order,Farmer,CUS-1104,,Electrical,Socket Outlet,5,358.21,0.0,1791.05,1791.05,180.42,902.1,888.95,,0.0,1791.05,0.0,1791.05,0.0,0.0,-5,-902.1,,MN,0.0
TXN-01583,2026-06-20,SALE,INV-2606-2394,Thika Road Hardware & Agrovet Ltd,Thika Town,Phone Order,Reseller,CUS-1031,,Paints,Emulsion Paint 4L,5,2516.17,0.0,12580.85,12580.85,1372.71,6863.55,5717.3,,0.0,12580.85,0.0,12580.85,0.0,0.0,-5,-6863.55,,TK,0.0
TXN-01584,2026-06-20,SALE,INV-2606-2396,Thika Road Hardware & Agrovet Ltd,Juja,Phone Order,Farmer,CUS-1117,,Building Materials,Hollow Block 6in,5,96.09,0.0,480.45,480.45,56.61,283.05,197.4,,0.0,480.45,0.0,480.45,0.0,0.0,-5,-283.05,,TK,0.0
TXN-01585,2026-06-20,SALE,INV-2606-2398,Thika Road Hardware & Agrovet Ltd,Thika Town,Phone Order,Retail,CUS-1156,,Building Materials,Hollow Block 6in,13,97.49,0.0,1267.37,1267.37,54.25,705.25,562.12,,0.0,1267.37,0.0,1267.37,0.0,0.0,-13,-705.25,,RA,0.0
TXN-01586,2026-06-20,EXPENSE,EXP-2606-2658,Thika Road Hardware & Agrovet Ltd,Juja,Back Office,,,,,,0,0.0,0.0,0.0,0.0,0.0,0.0,0.0,Staff Salaries,49537.29,0.0,49537.29,0.0,0.0,0.0,0,0.0,Cash,SK,0.0
TXN-01587,2026-06-20,SUPPLIER_PAYMENT,SP-2606-2664,Thika Road Hardware & Agrovet Ltd,Thika Town,Supplier,,,ElectroParts Kenya,,,0,0.0,0.0,0.0,0.0,0.0,0.0,0.0,Supplier Payment,0.0,0.0,12242.66,0.0,0.0,-12242.66,0,0.0,Bank Transfer,TK,0.0
TXN-01588,2026-06-20,CUSTOMER_PAYMENT,RCPT-2606-2800,Thika Road Hardware & Agrovet Ltd,Thika Town,Collections,Wholesale,CUS-1009,,,,0,0.0,0.0,0.0,0.0,0.0,0.0,0.0,Customer Collection,0.0,18034.95,0.0,18034.95,18034.95,0.0,0,0.0,Bank Transfer,TK,0.0
TXN-01589,2026-06-21,SALE,INV-2606-2400,Thika Road Hardware & Agrovet Ltd,Juja,Online Order,Reseller,CUS-1131,,Hardware Tools,Claw Hammer,3,716.38,0.03,2149.14,2084.67,388.21,1164.63,920.04,,0.0,2084.67,0.0,2084.67,0.0,0.0,-3,-1164.63,,TK,0.0
TXN-01590,2026-06-21,SALE,INV-2606-2402,Thika Road Hardware & Agrovet Ltd,Juja,M-Pesa Till,Contractor,CUS-1064,,Paints,Emulsion Paint 4L,4,2324.88,0.0,9299.52,9299.52,1381.8,5527.2,3772.32,,0.0,9299.52,0.0,9299.52,0.0,0.0,-4,-5527.2,,PW,0.0
TXN-01591,2026-06-21,SALE,INV-2606-2404,Thika Road Hardware & Agrovet Ltd,Juja,Phone Order,Farmer,CUS-1082,,Building Materials,River Sand (ton),4,1851.9,0.0,7407.6,7407.6,1218.67,4874.68,2532.92,,0.0,7407.6,0.0,7407.6,0.0,0.0,-4,-4874.68,,SK,0.0
TXN-01592,2026-06-21,SUPPLIER_PAYMENT,SP-2606-2662,Thika Road Hardware & Agrovet Ltd,Thika Town,Supplier,,,Thika Building Suppliers Ltd,,,0,0.0,0.0,0.0,0.0,0.0,0.0,0.0,Supplier Payment,0.0,0.0,26975.71,0.0,0.0,-26975.71,0,0.0,Cash,SK,0.0
TXN-01593,2026-06-22,SALE,INV-2606-2406,Thika Road Hardware & Agrovet Ltd,Thika Town,M-Pesa Till,Wholesale,CUS-1034,,Paints,Gloss Paint 4L,4,2895.2,0.03,11580.8,11233.38,1730.84,6923.36,4310.02,,0.0,6319.42,0.0,6319.42,4913.96,0.0,-4,-6923.36,,PW,0.0
TXN-01594,2026-06-22,SALE,INV-2606-2408,Thika Road Hardware & Agrovet Ltd,Thika Town,Phone Order,Retail,CUS-1205,,Building Materials,Cement 50kg,9,943.57,0.0,8492.13,8492.13,652.55,5872.95,2619.18,,0.0,8492.13,0.0,8492.13,0.0,0.0,-9,-5872.95,,TK,0.0
TXN-01595,2026-06-23,SALE,INV-2606-2410,Thika Road Hardware & Agrovet Ltd,Thika Town,Counter,Contractor,CUS-1062,,Building Materials,Hollow Block 6in,23,91.17,0.05,2096.91,1992.06,54.49,1253.27,738.79,,0.0,1320.43,0.0,1320.43,671.63,0.0,-23,-1253.27,,JB,0.0
TXN-01596,2026-06-23,SALE,INV-2606-2412,Thika Road Hardware & Agrovet Ltd,Juja,Online Order,Retail,CUS-1126,,Electrical,Circuit Breaker 20A,5,766.48,0.0,3832.4,3832.4,413.92,2069.6,1762.8,,0.0,3832.4,0.0,3832.4,0.0,0.0,-5,-2069.6,,TK,0.0
TXN-01597,2026-06-23,SALE,INV-2606-2414,Thika Road Hardware & Agrovet Ltd,Thika Town,M-Pesa Till,Reseller,CUS-1136,,Agro Inputs,Pesticide 1L,8,1069.06,0.0,8552.48,8552.48,608.06,4864.48,3688.0,,0.0,8552.48,0.0,8552.48,0.0,0.0,-8,-4864.48,,SK,0.0
TXN-01598,2026-06-24,SALE,INV-2606-2416,Thika Road Hardware & Agrovet Ltd,Juja,Online Order,Retail,CUS-1073,,Electrical,Electrical Cable 2.5mm (roll),1,5011.84,0.0,5011.84,5011.84,3204.53,3204.53,1807.31,,0.0,5011.84,0.0,5011.84,0.0,0.0,-1,-3204.53,,PW,0.0
TXN-01599,2026-06-24,SALE,INV-2606-2418,Thika Road Hardware & Agrovet Ltd,Thika Town,Counter,Reseller,CUS-1005,,Building Materials,Hollow Block 6in,16,95.7,0.0,1531.2,1531.2,56.21,899.36,631.84,,0.0,1531.2,0.0,1531.2,0.0,0.0,-16,-899.36,,TK,0.0
TXN-01600,2026-06-24,SALE,INV-2606-2420,Thika Road Hardware & Agrovet Ltd,Juja,Online Order,Reseller,CUS-1161,,Paints,Gloss Paint 4L,7,3111.65,0.02,21781.55,21345.92,1757.36,12301.52,9044.4,,0.0,21345.92,0.0,21345.92,0.0,0.0,-7,-12301.52,,SK,0.0
TXN-01601,2026-06-24,SALE,INV-2606-2422,Thika Road Hardware & Agrovet Ltd,Thika Town,Counter,Retail,CUS-1203,,Plumbing,PVC Pipe 20mm 3m,6,378.18,0.03,2269.08,2201.01,208.12,1248.72,952.29,,0.0,2201.01,0.0,2201.01,0.0,0.0,-6,-1248.72,,TK,0.0
TXN-01602,2026-06-24,SALE,INV-2606-2424,Thika Road Hardware & Agrovet Ltd,Thika Town,M-Pesa Till,Retail,CUS-1068,,Agro Inputs,Maize Seed 2kg Pack,4,808.43,0.0,3233.72,3233.72,488.29,1953.16,1280.56,,0.0,3233.72,0.0,3233.72,0.0,0.0,-4,-1953.16,,TK,0.0
TXN-01603,2026-06-25,SALE,INV-2606-2426,Thika Road Hardware & Agrovet Ltd,Thika Town,Delivery,Contractor,CUS-1157,,Electrical,LED Bulb 12W,5,312.02,0.0,1560.1,1560.1,147.99,739.95,820.15,,0.0,1560.1,0.0,1560.1,0.0,0.0,-5,-739.95,,TK,0.0
TXN-01604,2026-06-25,EXPENSE,EXP-2606-2656,Thika Road Hardware & Agrovet Ltd,Juja,Back Office,,,,,,0,0.0,0.0,0.0,0.0,0.0,0.0,0.0,Staff Salaries,46887.63,0.0,46887.63,0.0,0.0,0.0,0,0.0,M-PESA,JB,0.0
TXN-01605,2026-06-25,EXPENSE,EXP-2606-2657,Thika Road Hardware & Agrovet Ltd,Thika Town,Back Office,,,,,,0,0.0,0.0,0.0,0.0,0.0,0.0,0.0,Staff Salaries,50861.31,0.0,50861.31,0.0,0.0,0.0,0,0.0,M-PESA,MN,0.0
TXN-01606,2026-06-25,EXPENSE,EXP-2606-2661,Thika Road Hardware & Agrovet Ltd,Juja,Back Office,,,,,,0,0.0,0.0,0.0,0.0,0.0,0.0,0.0,Repairs,5030.76,0.0,5030.76,0.0,0.0,0.0,0,0.0,M-PESA,MN,0.0
TXN-01607,2026-06-26,SALE,INV-2606-2428,Thika Road Hardware & Agrovet Ltd,Juja,Delivery,Contractor,CUS-1182,,Electrical,Circuit Breaker 20A,8,710.47,0.0,5683.76,5683.76,425.61,3404.88,2278.88,,0.0,1562.91,0.0,1562.91,4120.85,0.0,-8,-3404.88,,PW,0.0
TXN-01608,2026-06-26,SALE,INV-2606-2430,Thika Road Hardware & Agrovet Ltd,Thika Town,Online Order,Farmer,CUS-1007,,Electrical,Circuit Breaker 20A,7,787.32,0.0,5511.24,5511.24,416.48,2915.36,2595.88,,0.0,5511.24,0.0,5511.24,0.0,0.0,-7,-2915.36,,RA,0.0
TXN-01609,2026-06-26,SALE,INV-2606-2432,Thika Road Hardware & Agrovet Ltd,Thika Town,Online Order,Reseller,CUS-1177,,Hardware Tools,Measuring Tape 5m,8,415.13,0.0,3321.04,3321.04,209.23,1673.84,1647.2,,0.0,3321.04,0.0,3321.04,0.0,0.0,-8,-1673.84,,SK,0.0
TXN-01610,2026-06-27,SALE,INV-2606-2434,Thika Road Hardware & Agrovet Ltd,Thika Town,Counter,Farmer,CUS-1082,,Paints,Wood Varnish 1L,3,653.33,0.0,1959.99,1959.99,388.75,1166.25,793.74,,0.0,1959.99,0.0,1959.99,0.0,0.0,-3,-1166.25,,PW,0.0
TXN-01611,2026-06-27,SALE,INV-2606-2436,Thika Road Hardware & Agrovet Ltd,Thika Town,Counter,Contractor,CUS-1119,,Hardware Tools,Wheelbarrow,2,6664.55,0.0,13329.1,13329.1,4131.52,8263.04,5066.06,,0.0,3268.68,0.0,3268.68,10060.42,0.0,-2,-8263.04,,SK,0.0
TXN-01612,2026-06-27,SALE,INV-2606-2438,Thika Road Hardware & Agrovet Ltd,Juja,Online Order,Farmer,CUS-1002,,Paints,Gloss Paint 4L,3,3103.54,0.0,9310.62,9310.62,1748.53,5245.59,4065.03,,0.0,9310.62,0.0,9310.62,0.0,0.0,-3,-5245.59,,RA,0.0
TXN-01613,2026-06-27,SALE,INV-2606-2440,Thika Road Hardware & Agrovet Ltd,Juja,Phone Order,Contractor,CUS-1185,,Plumbing,PVC Pipe 20mm 3m,6,386.06,0.0,2316.36,2316.36,213.52,1281.12,1035.24,,0.0,2316.36,0.0,2316.36,0.0,0.0,-6,-1281.12,,JB,0.0
TXN-01614,2026-06-28,SALE,INV-2606-2442,Thika Road Hardware & Agrovet Ltd,Thika Town,Online Order,Farmer,CUS-1181,,Building Materials,Cement 50kg,10,971.37,0.0,9713.7,9713.7,643.79,6437.9,3275.8,,0.0,9713.7,0.0,9713.7,0.0,0.0,-10,-6437.9,,RA,0.0
TXN-01615,2026-06-28,SALE,INV-2606-2444,Thika Road Hardware & Agrovet Ltd,Thika Town,Phone Order,Contractor,CUS-1091,,Building Materials,Cement 50kg,10,1016.5,0.0,10165.0,10165.0,655.92,6559.2,3605.8,,0.0,3761.77,0.0,3761.77,6403.23,0.0,-10,-6559.2,,PW,0.0
TXN-01616,2026-06-28,SALE,INV-2606-2446,Thika Road Hardware & Agrovet Ltd,Thika Town,M-Pesa Till,Reseller,CUS-1173,,Plumbing,PVC Tee 20mm,1,91.24,0.0,91.24,91.24,44.43,44.43,46.81,,0.0,91.24,0.0,91.24,0.0,0.0,-1,-44.43,,SK,0.0
TXN-01617,2026-06-28,SALE,INV-2606-2448,Thika Road Hardware & Agrovet Ltd,Juja,Online Order,Farmer,CUS-1023,,Plumbing,PVC Tee 20mm,1,98.85,0.02,98.85,96.87,45.96,45.96,50.91,,0.0,96.87,0.0,96.87,0.0,0.0,-1,-45.96,,PW,0.0
TXN-01618,2026-06-28,REFUND,REF-2606-2475,Thika Road Hardware & Agrovet Ltd,Thika Town,Counter,Retail,CUS-1156,,Building Materials,Hollow Block 6in,-4,97.49,0.0,0.0,389.96,54.25,0.0,-389.96,Customer Refund,389.96,0.0,389.96,0.0,0.0,0.0,4,217.0,refund,RA,0.0
TXN-01619,2026-06-29,SALE,INV-2606-2450,Thika Road Hardware & Agrovet Ltd,Thika Town,Counter,Wholesale,CUS-1069,,Plumbing,PVC Pipe 20mm 3m,8,402.28,0.0,3218.24,3218.24,208.11,1664.88,1553.36,,0.0,3218.24,0.0,3218.24,0.0,0.0,-8,-1664.88,,TK,0.0
TXN-01620,2026-06-29,PURCHASE,GRN-2606-2451,Thika Road Hardware & Agrovet Ltd,Thika Town,Supplier,,,ElectroParts Kenya,Building Materials,Hollow Block 6in,154,57.19,0.0,0.0,0.0,57.19,8807.26,0.0,Purchase,0.0,0.0,5284.36,0.0,0.0,3522.9,154,8807.26,,MN,0.0
TXN-01621,2026-06-29,SALE,INV-2606-2452,Thika Road Hardware & Agrovet Ltd,Juja,Phone Order,Wholesale,CUS-1010,,Building Materials,Hollow Block 6in,15,87.97,0.0,1319.55,1319.55,55.49,832.35,487.2,,0.0,424.31,0.0,424.31,895.24,0.0,-15,-832.35,,PW,0.0
TXN-01622,2026-06-29,PURCHASE,GRN-2606-2453,Thika Road Hardware & Agrovet Ltd,Juja,Supplier,,,AgroChem Kenya Distributors,Building Materials,Iron Sheet 3m Gauge30,111,786.02,0.0,0.0,0.0,786.02,87248.22,0.0,Purchase,0.0,0.0,87248.22,0.0,0.0,0.0,111,87248.22,,SK,0.0
TXN-01623,2026-06-29,SALE,INV-2606-2454,Thika Road Hardware & Agrovet Ltd,Juja,Delivery,Wholesale,CUS-1021,,Building Materials,Iron Sheet 3m Gauge30,15,1213.43,0.0,18201.45,18201.45,795.95,11939.25,6262.2,,0.0,18201.45,0.0,18201.45,0.0,0.0,-15,-11939.25,,MN,0.0
TXN-01624,2026-06-29,SALE,INV-2606-2456,Thika Road Hardware & Agrovet Ltd,Juja,Phone Order,Retail,CUS-1154,,Plumbing,PVC Tee 20mm,6,94.24,0.0,565.44,565.44,44.56,267.36,298.08,,0.0,565.44,0.0,565.44,0.0,0.0,-6,-267.36,,PW,0.0
TXN-01625,2026-06-30,SALE,INV-2606-2458,Thika Road Hardware & Agrovet Ltd,Thika Town,Delivery,Contractor,CUS-1091,,Building Materials,River Sand (ton),12,1738.21,0.0,20858.52,20858.52,1218.24,14618.88,6239.64,,0.0,20858.52,0.0,20858.52,0.0,0.0,-12,-14618.88,,TK,0.0
TXN-01626,2026-06-30,PURCHASE,GRN-2606-2459,Thika Road Hardware & Agrovet Ltd,Juja,Supplier,,,Nairobi Paints Wholesale,Building Materials,Cement 50kg,145,661.91,0.0,0.0,0.0,661.91,95976.95,0.0,Purchase,0.0,0.0,57586.17,0.0,0.0,38390.78,145,95976.95,,RA,0.0
TXN-01627,2026-06-30,SALE,INV-2606-2460,Thika Road Hardware & Agrovet Ltd,Thika Town,Phone Order,Contractor,CUS-1155,,Building Materials,Cement 50kg,2,1024.6,0.0,2049.2,2049.2,650.82,1301.64,747.56,,0.0,474.67,0.0,474.67,1574.53,0.0,-2,-1301.64,,SK,0.0
TXN-01628,2026-06-30,PURCHASE,GRN-2606-2461,Thika Road Hardware & Agrovet Ltd,Thika Town,Supplier,,,Nairobi Paints Wholesale,Agro Inputs,Maize Seed 2kg Pack,104,476.16,0.0,0.0,0.0,476.16,49520.64,0.0,Purchase,0.0,0.0,29712.38,0.0,0.0,19808.26,104,49520.64,,TK,0.0
TXN-01629,2026-06-30,SALE,INV-2606-2462,Thika Road Hardware & Agrovet Ltd,Juja,Phone Order,Farmer,CUS-1180,,Agro Inputs,Maize Seed 2kg Pack,4,746.31,0.0,2985.24,2985.24,480.03,1920.12,1065.12,,0.0,2985.24,0.0,2985.24,0.0,0.0,-4,-1920.12,,SK,0.0
TXN-01630,2026-07-02,CUSTOMER_PAYMENT,RCPT-2607-2801,Thika Road Hardware & Agrovet Ltd,Juja,Collections,Wholesale,CUS-1144,,,,0,0.0,0.0,0.0,0.0,0.0,0.0,0.0,Customer Collection,0.0,2547.79,0.0,2547.79,2547.79,0.0,0,0.0,Bank Transfer,MN,0.0
TXN-01631,2026-07-04,CUSTOMER_PAYMENT,RCPT-2607-2804,Thika Road Hardware & Agrovet Ltd,Juja,Collections,,CUS-1182,,,,0,0.0,0.0,0.0,0.0,0.0,0.0,0.0,Customer Collection,0.0,3516.23,0.0,3516.23,3516.23,0.0,0,0.0,Bank Transfer,SK,0.0
TXN-01632,2026-07-07,CUSTOMER_PAYMENT,RCPT-2607-2802,Thika Road Hardware & Agrovet Ltd,Thika Town,Collections,Wholesale,CUS-1034,,,,0,0.0,0.0,0.0,0.0,0.0,0.0,0.0,Customer Collection,0.0,4882.2,0.0,4882.2,4882.2,0.0,0,0.0,M-pesa,SK,0.0
TXN-01633,2026-07-12,CUSTOMER_PAYMENT,RCPT-2607-2799,Thika Road Hardware & Agrovet Ltd,Thika Town,Collections,Contractor,CUS-1053,,,,0,0.0,0.0,0.0,0.0,0.0,0.0,0.0,Customer Collection,0.0,752.35,0.0,752.35,752.35,0.0,0,0.0,M-PESA,MN,0.0
TXN-01634,2026-07-24,CUSTOMER_PAYMENT,RCPT-2607-2803,Thika Road Hardware & Agrovet Ltd,Thika Town,Collections,Contractor,CUS-1062,,,,0,0.0,0.0,0.0,0.0,0.0,0.0,0.0,Customer Collection,0.0,573.71,0.0,573.71,573.71,0.0,0,0.0,M-PESA,RA,0.0
TXN-01635,2026-07-28,CUSTOMER_PAYMENT,RCPT-2607-2806,Thika Road Hardware & Agrovet Ltd,Thika Town,Collections,Contractor,CUS-1155,,,,0,0.0,0.0,0.0,0.0,0.0,0.0,0.0,Customer Collection,0.0,1187.88,0.0,1187.88,1187.88,0.0,0,0.0,M-PESA,SK,0.0
TXN-01636,2026-07-31,CUSTOMER_PAYMENT,RCPT-2607-2805,Thika Road Hardware & Agrovet Ltd,Juja,Collections,Wholesale,CUS-1010,,,,0,0.0,0.0,0.0,0.0,0.0,0.0,0.0,Customer Collection,0.0,647.22,0.0,647.22,647.22,0.0,0,0.0,M-PESA,MN,0.0
TXN-00370,2025-05-23,SALE,INV-2505-0550,Thika Road Hardware & Agrovet Ltd,Juja,M-Pesa Till,Farmer,CUS-1045,,Plumbing,Gate Valve 1in,5,579.54,0.02,2897.7,2839.75,324.27,1621.35,1218.4,,0.0,2839.75,0.0,2839.75,0.0,0.0,-5,-1621.35,,RA,0.0
TXN-01453,2026-05-06,SALE,INV-2605-2202,Thika Road Hardware & Agrovet Ltd,Thika Town,Phone Order,Reseller,CUS-1131,,Agro Inputs,DAP Fertilizer 50kg,7,5168.02,0.0,36176.14,36176.14,3383.87,23687.09,12489.05,,0.0,36176.14,0.0,36176.14,0.0,0.0,-7,-23687.09,,MN,0.0
TXN-00180,2025-03-09,PURCHASE,GRN-2503-0253,Thika Road Hardware & Agrovet Ltd,Juja,Supplier,,,Thika Building Suppliers Ltd,Plumbing,Water Tank 1000L,152,8264.0,0.0,0.0,0.0,8264.0,1256128.0,0.0,Purchase,0.0,0.0,1256128.0,0.0,0.0,0.0,152,1256128.0,,RA,0.0
TXN-01018,2025-12-23,SALE,INV-2512-1534,Thika Road Hardware & Agrovet Ltd,Thika Town,Online Order,Retail,CUS-1122,,Agro Inputs,Pesticide 1L,3,1062.61,0.0,3187.83,3187.83,609.42,1828.26,1359.57,,0.0,3187.83,0.0,3187.83,0.0,0.0,-3,-1828.26,,JB,0.0
TXN-01559,2026-06-12,SALE,INV-2606-2356,Thika Road Hardware & Agrovet Ltd,Thika Town,M-Pesa Till,Retail,CUS-1098,,Plumbing,Water Tank 1000L,6,12392.01,0.0,74352.06,74352.06,8408.9,50453.4,23898.66,,0.0,74352.06,0.0,74352.06,0.0,0.0,-6,-50453.4,,JB,0.0
TXN-00384,28/05/2025,SALE,INV-2505-0574,Thika Road Hardware & Agrovet Ltd,Thika Town,Delivery,Retail,CUS-1058,,Building Materials,River Sand (ton),10,1941.96,0.0,19419.6,19419.6,1198.68,11986.8,7432.8,,0.0,19419.6,0.0,19419.6,0.0,0.0,-10,-11986.8,,SK,0.0
TXN-00888,2025-11-15,EXPENSE,EXP-2511-2583,Thika Road Hardware & Agrovet Ltd,Thika Town,Back Office,,,,,,0,0.0,0.0,0.0,0.0,0.0,0.0,0.0,Rent,26146.8,0.0,26146.8,0.0,0.0,0.0,0,0.0,M-PESA,TK,0.0
TXN-00096,2025-02-02,SALE,INV-2502-0120,Thika Road Hardware & Agrovet Ltd,Thika Town,M-Pesa Till,Wholesale,CUS-1123,,Electrical,LED Bulb 12W,8,292.52,0.0,2340.16,2340.16,153.39,1227.12,1113.04,,0.0,2340.16,0.0,2340.16,0.0,0.0,-8,-1227.12,,SK,0.0
TXN-01000,2025-12-16,CUSTOMER_PAYMENT,RCPT-2512-2745,Thika Road Hardware & Agrovet Ltd,Thika Town,Collections,Contractor,CUS-1113,,,,0,0.0,0.0,0.0,0.0,0.0,0.0,0.0,Customer Collection,0.0,14380.46,0.0,14380.46,14380.46,0.0,0,0.0,M-PESA,JB,0.0
TXN-00531,2025-07-17,SALE,INV-2507-0792,Thika Road Hardware & Agrovet Ltd,Thika Town,M-Pesa Till,Farmer,CUS-1086,,Paints,Emulsion Paint 4L,7,2402.99,0.0,16820.93,16820.93,1428.3,9998.1,6822.83,,0.0,16820.93,0.0,16820.93,0.0,0.0,-7,-9998.1,,RA,0.0
TXN-01601,2026-06-24,SALE,INV-2606-2422,Thika Road Hardware & Agrovet Ltd,Thika Town,Counter,Retail,CUS-1203,,Plumbing,PVC Pipe 20mm 3m,6,378.18,0.03,2269.08,2201.01,208.12,1248.72,952.29,,0.0,2201.01,0.0,2201.01,0.0,0.0,-6,-1248.72,,TK,0.0
TXN-00260,2025-04-06,SALE,INV-2504-0378,Thika Road Hardware & Agrovet Ltd,Juja,Counter,Farmer,CUS-1041,,Paints,Paint Brush 4in,1,205.28,0.0,205.28,205.28,94.07,94.07,111.21,,0.0,205.28,0.0,205.28,0.0,0.0,-1,-94.07,,SK,0.0
TXN-00360,2025-05-19,SALE,INV-2505-0534,Thika Road Hardware & Agrovet Ltd,Juja,Delivery,Retail,CUS-1090,,Building Materials,River Sand (ton),21,1869.97,0.03,39269.37,38091.29,1178.17,24741.57,13349.72,,0.0,38091.29,0.0,38091.29,0.0,0.0,-21,-24741.57,,JB,0.0
